"last_name, first_name",player_id,year,pa,bip,ba,est_ba,est_ba_minus_ba_diff,slg,est_slg,est_slg_minus_slg_diff,woba,est_woba,est_woba_minus_woba_diff
"Crow-Armstrong, Pete",691718,2026,725,443,0.278,0.263,0.015,0.57,0.508,0.0619999999999999,0.399,0.374,0.025
"Herrera, Iván",671056,2026,713,470,0.243,0.248,-0.005,0.384,0.386,-0.002,0.33,0.334,-0.004
"Busch, Michael",683737,2026,707,437,0.243,0.233,0.0099999999999999,0.395,0.402,-0.007,0.334,0.332,0.002
"Tatis Jr., Fernando",665487,2026,704,503,0.289,0.296,-0.007,0.47,0.5,-0.03,0.358,0.379,-0.021
"Vargas, Miguel",678246,2026,704,469,0.25,0.263,-0.013,0.474,0.496,-0.022,0.363,0.378,-0.015
"McGonigle, Kevin",805808,2026,704,507,0.276,0.264,0.012,0.424,0.444,-0.02,0.355,0.355,0.0
"Henderson, Gunnar",683002,2026,702,469,0.226,0.246,-0.0199999999999999,0.404,0.401,0.003,0.314,0.322,-0.008
"Alonso, Pete",624413,2026,700,438,0.267,0.285,-0.0179999999999999,0.522,0.563,-0.0409999999999999,0.379,0.402,-0.023
"Caminero, Junior",691406,2026,700,489,0.277,0.273,0.004,0.526,0.5,0.026,0.377,0.364,0.013
"Neto, Zach",687263,2026,699,404,0.24,0.216,0.0239999999999999,0.438,0.411,0.027,0.337,0.317,0.02
"Bregman, Alex",608324,2026,697,508,0.26,0.249,0.011,0.449,0.382,0.067,0.35,0.322,0.0279999999999999
"Reynolds, Bryan",668804,2026,697,436,0.261,0.255,0.006,0.424,0.444,-0.02,0.349,0.355,-0.006
"Schwarber, Kyle",656941,2026,696,364,0.231,0.235,-0.0039999999999999,0.501,0.486,0.015,0.367,0.363,0.004
"Olson, Matt",621566,2026,696,459,0.252,0.247,0.005,0.504,0.503,0.001,0.352,0.351,0.001
"Stewart, Sal",701398,2026,696,474,0.265,0.257,0.008,0.46,0.467,-0.007,0.341,0.344,-0.0029999999999999
"Turner, Trea",607208,2026,695,497,0.241,0.241,0.0,0.378,0.362,0.016,0.297,0.292,0.005
"Bichette, Bo",666182,2026,691,514,0.261,0.281,-0.02,0.392,0.425,-0.0329999999999999,0.31,0.332,-0.022
"Harper, Bryce",547180,2026,688,433,0.269,0.271,-0.002,0.483,0.48,0.003,0.375,0.38,-0.005
"Lopez, Otto",672640,2026,687,549,0.305,0.281,0.0239999999999999,0.437,0.417,0.02,0.342,0.327,0.015
"Hoerner, Nico",663538,2026,687,576,0.264,0.298,-0.0339999999999999,0.351,0.376,-0.025,0.298,0.323,-0.025
"Alvarez, Yordan",670541,2026,686,449,0.317,0.319,-0.002,0.605,0.64,-0.035,0.43,0.443,-0.013
"Díaz, Yandy",650490,2026,686,522,0.293,0.281,0.0119999999999999,0.446,0.439,0.007,0.351,0.346,0.005
"Albies, Ozzie",645277,2026,681,523,0.238,0.222,0.0159999999999999,0.393,0.338,0.0549999999999999,0.299,0.274,0.0249999999999999
"Abreu, Wilyer",677800,2026,677,462,0.249,0.253,-0.004,0.448,0.47,-0.0219999999999999,0.336,0.347,-0.0109999999999999
"Turang, Brice",668930,2026,676,414,0.268,0.254,0.014,0.452,0.428,0.024,0.359,0.344,0.015
"Perdomo, Geraldo",672695,2026,676,490,0.261,0.259,0.002,0.377,0.354,0.023,0.336,0.332,0.004
"Machado, Manny",592518,2026,675,455,0.216,0.242,-0.0259999999999999,0.407,0.42,-0.013,0.31,0.327,-0.017
"Burleson, Alec",676475,2026,670,488,0.279,0.289,-0.0099999999999999,0.473,0.522,-0.049,0.353,0.374,-0.021
"Carroll, Corbin",682998,2026,668,436,0.238,0.25,-0.012,0.466,0.447,0.019,0.341,0.342,-0.001
"Rice, Ben",700250,2026,667,414,0.264,0.267,-0.003,0.534,0.511,0.023,0.384,0.378,0.006
"Aranda, Jonathan",666018,2026,666,424,0.273,0.254,0.019,0.433,0.438,-0.005,0.347,0.343,0.0039999999999999
"Arozarena, Randy",668227,2026,666,429,0.281,0.258,0.023,0.483,0.419,0.064,0.378,0.348,0.03
"Merrill, Jackson",701538,2026,664,460,0.254,0.27,-0.016,0.44,0.491,-0.0509999999999999,0.321,0.347,-0.0259999999999999
"Walker, Jordan",691023,2026,663,436,0.271,0.263,0.008,0.469,0.463,0.0059999999999999,0.346,0.34,0.0059999999999999
"Adell, Jo",666176,2026,656,448,0.238,0.255,-0.017,0.395,0.438,-0.0429999999999999,0.303,0.325,-0.022
"Lowe, Brandon",664040,2026,655,402,0.261,0.24,0.021,0.494,0.445,0.0489999999999999,0.355,0.331,0.0239999999999999
"Arraez, Luis",650333,2026,655,588,0.31,0.289,0.021,0.419,0.377,0.0419999999999999,0.331,0.307,0.024
"Paredes, Isaac",670623,2026,655,478,0.263,0.246,0.017,0.449,0.374,0.075,0.356,0.323,0.0329999999999999
"Freeman, Freddie",518692,2026,654,468,0.29,0.291,-0.001,0.432,0.464,-0.032,0.349,0.364,-0.015
"Nimmo, Brandon",607043,2026,651,444,0.26,0.268,-0.008,0.406,0.444,-0.0379999999999999,0.321,0.34,-0.019
"Lile, Daylen",695734,2026,651,479,0.247,0.257,-0.01,0.431,0.445,-0.014,0.314,0.326,-0.012
"Abrams, CJ",682928,2026,650,423,0.261,0.247,0.014,0.496,0.435,0.061,0.357,0.332,0.0249999999999999
"Rodríguez, Julio",677594,2026,649,451,0.249,0.266,-0.017,0.404,0.442,-0.0379999999999999,0.313,0.336,-0.023
"Benge, Carson",701807,2026,649,451,0.28,0.278,0.002,0.429,0.437,-0.008,0.34,0.341,-0.001
"Naylor, Josh",647304,2026,646,516,0.261,0.27,-0.009,0.349,0.383,-0.034,0.297,0.312,-0.015
"Meidroth, Chase",805367,2026,643,434,0.276,0.239,0.037,0.415,0.348,0.067,0.339,0.301,0.038
"Contreras, William",661388,2026,640,481,0.27,0.261,0.009,0.417,0.441,-0.024,0.33,0.334,-0.004
"Kwan, Steven",680757,2026,637,485,0.282,0.278,0.0039999999999999,0.349,0.343,0.0059999999999999,0.334,0.329,0.005
"Trout, Mike",545361,2026,634,350,0.242,0.255,-0.013,0.421,0.487,-0.066,0.354,0.381,-0.027
"Young, Cole",702284,2026,634,470,0.245,0.259,-0.014,0.381,0.391,-0.01,0.306,0.315,-0.009
"Suzuki, Seiya",673548,2026,634,393,0.27,0.246,0.024,0.473,0.427,0.0459999999999999,0.366,0.34,0.0259999999999999
"Montgomery, Colson",695657,2026,634,341,0.199,0.2,-0.001,0.406,0.39,0.016,0.302,0.296,0.006
"Devers, Rafael",646240,2026,633,401,0.258,0.238,0.02,0.525,0.473,0.052,0.367,0.342,0.0249999999999999
"Okamoto, Kazuma",672960,2026,633,388,0.233,0.225,0.008,0.454,0.447,0.007,0.332,0.328,0.004
"De La Cruz, Elly",682829,2026,632,385,0.283,0.281,0.0019999999999999,0.517,0.507,0.01,0.381,0.377,0.004
"Rumfield, TJ",681198,2026,631,463,0.3,0.261,0.0389999999999999,0.453,0.386,0.067,0.373,0.333,0.0399999999999999
"Happ, Ian",664023,2026,631,357,0.22,0.208,0.012,0.416,0.392,0.0239999999999999,0.328,0.314,0.014
"Walker, Christian",572233,2026,630,424,0.224,0.227,-0.003,0.421,0.394,0.0269999999999999,0.312,0.303,0.009
"Witt Jr., Bobby",677951,2026,628,450,0.283,0.304,-0.021,0.444,0.507,-0.063,0.348,0.38,-0.032
"Bell, Josh",605137,2026,627,448,0.254,0.256,-0.002,0.413,0.442,-0.029,0.321,0.333,-0.012
"Lee, Brooks",686797,2026,627,484,0.253,0.231,0.0219999999999999,0.43,0.352,0.078,0.317,0.278,0.0389999999999999
"Riley, Austin",663586,2026,626,368,0.22,0.214,0.006,0.366,0.398,-0.032,0.291,0.3,-0.009
"Bohm, Alec",664761,2026,625,482,0.25,0.265,-0.015,0.384,0.413,-0.0289999999999999,0.308,0.327,-0.019
"Perez, Salvador",521692,2026,624,465,0.229,0.249,-0.0199999999999999,0.383,0.437,-0.0539999999999999,0.285,0.315,-0.03
"Tucker, Kyle",663656,2026,622,436,0.234,0.255,-0.0209999999999999,0.387,0.393,-0.006,0.319,0.332,-0.013
"Harris II, Michael",671739,2026,621,477,0.294,0.29,0.004,0.491,0.477,0.014,0.35,0.342,0.0079999999999999
"Marte, Ketel",606466,2026,620,477,0.249,0.276,-0.027,0.434,0.455,-0.021,0.324,0.345,-0.0209999999999999
"Wetherholt, JJ",802139,2026,619,435,0.242,0.255,-0.013,0.365,0.435,-0.07,0.318,0.347,-0.0289999999999999
"Wood, James",695578,2026,619,337,0.267,0.271,-0.004,0.506,0.55,-0.044,0.385,0.404,-0.019
"Clement, Ernie",676391,2026,618,536,0.261,0.241,0.02,0.366,0.318,0.0479999999999999,0.286,0.258,0.0279999999999999
"Burger, Jake",669394,2026,616,391,0.23,0.228,0.002,0.424,0.422,0.002,0.318,0.316,0.002
"Marsee, Jakob",805300,2026,616,397,0.231,0.233,-0.002,0.359,0.334,0.0249999999999999,0.321,0.314,0.007
"Ohtani, Shohei",660271,2026,615,373,0.275,0.286,-0.0109999999999999,0.513,0.552,-0.039,0.377,0.397,-0.02
"Dubón, Mauricio",643289,2026,615,500,0.275,0.267,0.008,0.393,0.373,0.02,0.314,0.303,0.011
"Keaschall, Luke",807712,2026,615,449,0.283,0.251,0.0319999999999999,0.409,0.369,0.0399999999999999,0.347,0.32,0.0269999999999999
"Baldwin, Drake",686948,2026,615,419,0.284,0.279,0.0049999999999999,0.459,0.505,-0.0459999999999999,0.358,0.37,-0.012
"Simpson, Chandler",802415,2026,612,538,0.306,0.261,0.0449999999999999,0.356,0.297,0.059,0.305,0.263,0.0419999999999999
"Torkelson, Spencer",679529,2026,610,336,0.23,0.211,0.019,0.436,0.393,0.0429999999999999,0.337,0.314,0.023
"Guerrero Jr., Vladimir",665489,2026,609,467,0.26,0.28,-0.02,0.356,0.4,-0.044,0.306,0.331,-0.025
"Ward, Taylor",621493,2026,607,371,0.225,0.241,-0.0159999999999999,0.311,0.36,-0.0489999999999999,0.312,0.334,-0.022
"Dingler, Dillon",693307,2026,607,417,0.243,0.266,-0.023,0.446,0.468,-0.022,0.325,0.344,-0.0189999999999999
"Bogaerts, Xander",593428,2026,606,416,0.231,0.248,-0.0169999999999999,0.344,0.376,-0.032,0.306,0.325,-0.019
"Duran, Jarren",680776,2026,606,394,0.208,0.237,-0.0289999999999999,0.362,0.389,-0.027,0.275,0.301,-0.0259999999999999
"Gonzales, Nick",693304,2026,604,449,0.302,0.28,0.0219999999999999,0.388,0.384,0.004,0.338,0.325,0.013
"Stott, Bryson",681082,2026,604,440,0.251,0.266,-0.015,0.394,0.4,-0.006,0.321,0.329,-0.008
"Jensen, Carter",695600,2026,603,364,0.239,0.217,0.0219999999999999,0.467,0.423,0.044,0.341,0.318,0.023
"Arenado, Nolan",571448,2026,596,413,0.255,0.23,0.0249999999999999,0.474,0.365,0.1089999999999999,0.349,0.299,0.0499999999999999
"Edwards, Xavier",669364,2026,595,444,0.28,0.258,0.022,0.371,0.356,0.015,0.325,0.311,0.014
"Duran, Ezequiel",677649,2026,593,402,0.262,0.244,0.018,0.422,0.37,0.0519999999999999,0.326,0.301,0.025
"McCarthy, Jake",664983,2026,592,458,0.292,0.273,0.0189999999999999,0.478,0.41,0.068,0.351,0.321,0.0299999999999999
"Rocchio, Brayan",677587,2026,592,458,0.253,0.246,0.007,0.391,0.35,0.041,0.312,0.294,0.018
"Greene, Riley",682985,2026,588,358,0.282,0.263,0.0189999999999999,0.477,0.501,-0.024,0.369,0.372,-0.003
"Durbin, Caleb",702332,2026,582,436,0.248,0.236,0.012,0.379,0.318,0.061,0.318,0.293,0.025
"Clemens, Kody",665019,2026,579,406,0.239,0.253,-0.014,0.461,0.453,0.008,0.327,0.333,-0.006
"Lee, Jung Hoo",808982,2026,579,486,0.276,0.288,-0.0119999999999999,0.404,0.382,0.022,0.317,0.315,0.002
"Bauers, Jake",641343,2026,574,321,0.266,0.251,0.015,0.486,0.465,0.0209999999999999,0.382,0.37,0.012
"Rafaela, Ceddanne",678882,2026,574,428,0.282,0.249,0.0329999999999999,0.442,0.362,0.08,0.33,0.284,0.046
"Goodman, Hunter",696100,2026,570,346,0.247,0.229,0.0179999999999999,0.532,0.458,0.074,0.357,0.322,0.0349999999999999
"Pages, Andy",681624,2026,569,401,0.274,0.273,0.001,0.463,0.438,0.025,0.35,0.342,0.0079999999999999
"Chourio, Jackson",694192,2026,569,386,0.288,0.263,0.0249999999999999,0.485,0.474,0.011,0.359,0.343,0.0159999999999999
"Altuve, Jose",514888,2026,568,411,0.25,0.224,0.0259999999999999,0.397,0.325,0.072,0.309,0.271,0.0379999999999999
"Marsh, Brandon",669016,2026,564,386,0.261,0.251,0.01,0.41,0.402,0.0079999999999999,0.31,0.302,0.008
"Smith, Cam",701358,2026,563,365,0.208,0.234,-0.026,0.389,0.419,-0.0299999999999999,0.291,0.316,-0.025
"Bellinger, Cody",641355,2026,562,414,0.264,0.271,-0.007,0.429,0.411,0.018,0.336,0.335,0.001
"DeLauter, Chase",800050,2026,559,416,0.287,0.277,0.0099999999999999,0.457,0.427,0.03,0.359,0.346,0.013
"Muncy, Max",571970,2026,556,346,0.249,0.24,0.009,0.487,0.464,0.0229999999999999,0.359,0.345,0.014
"Antonacci, Sam",803011,2026,553,400,0.275,0.282,-0.0069999999999999,0.392,0.397,-0.005,0.342,0.346,-0.0039999999999999
"Hicks, Liam",689414,2026,550,428,0.282,0.261,0.0209999999999999,0.429,0.358,0.071,0.35,0.319,0.0309999999999999
"Caglianone, Jac",695506,2026,549,366,0.287,0.282,0.005,0.492,0.499,-0.007,0.359,0.357,0.002
"Murakami, Munetaka",808959,2026,549,256,0.207,0.202,0.0049999999999999,0.478,0.465,0.0129999999999999,0.356,0.349,0.007
"Moreno, Gabriel",672515,2026,549,403,0.311,0.289,0.022,0.486,0.451,0.0349999999999999,0.38,0.363,0.017
"Ramírez, José",608070,2026,544,411,0.235,0.266,-0.031,0.368,0.391,-0.023,0.301,0.325,-0.024
"García Jr., Luis",671277,2026,543,421,0.277,0.276,0.001,0.521,0.486,0.035,0.355,0.341,0.0139999999999999
"Semien, Marcus",543760,2026,543,393,0.214,0.241,-0.0269999999999999,0.339,0.376,-0.0369999999999999,0.276,0.3,-0.0239999999999999
"Bleday, JJ",668709,2026,541,345,0.214,0.239,-0.0249999999999999,0.413,0.42,-0.007,0.325,0.339,-0.014
"Butler, Lawrence",671732,2026,536,334,0.235,0.245,-0.01,0.392,0.399,-0.007,0.318,0.327,-0.009
"Contreras, Willson",575929,2026,533,316,0.276,0.256,0.02,0.518,0.486,0.032,0.393,0.377,0.016
"Chisholm Jr., Jazz",665862,2026,532,318,0.231,0.216,0.015,0.399,0.366,0.033,0.312,0.294,0.018
"Winn, Masyn",691026,2026,532,361,0.232,0.245,-0.0129999999999999,0.317,0.329,-0.012,0.283,0.297,-0.014
"Canzone, Dominic",686527,2026,528,366,0.264,0.274,-0.01,0.486,0.492,-0.006,0.354,0.359,-0.005
"Mitchell, Garrett",669003,2026,527,295,0.262,0.267,-0.005,0.417,0.444,-0.027,0.34,0.351,-0.0109999999999999
"Betts, Mookie",605141,2026,526,421,0.258,0.279,-0.021,0.456,0.437,0.019,0.34,0.341,-0.001
"Varsho, Daulton",662139,2026,526,378,0.221,0.228,-0.007,0.355,0.354,0.001,0.281,0.283,-0.0019999999999999
"Raleigh, Cal",663728,2026,525,287,0.177,0.188,-0.011,0.365,0.393,-0.028,0.295,0.31,-0.015
"McNeil, Jeff",643446,2026,516,420,0.266,0.271,-0.005,0.371,0.359,0.012,0.304,0.3,0.004
"Springer, George",543807,2026,515,368,0.248,0.238,0.01,0.402,0.38,0.022,0.319,0.306,0.013
"Collins, Isaac",686555,2026,515,325,0.212,0.218,-0.006,0.321,0.302,0.019,0.293,0.292,0.001
"Bazzana, Travis",683953,2026,513,343,0.247,0.226,0.0209999999999999,0.411,0.35,0.061,0.33,0.301,0.029
"Stowers, Kyle",669065,2026,512,289,0.239,0.227,0.0119999999999999,0.459,0.437,0.022,0.341,0.329,0.012
"Giménez, Andrés",665926,2026,505,379,0.245,0.237,0.008,0.361,0.333,0.0279999999999999,0.286,0.275,0.0109999999999999
"Adames, Willy",642715,2026,505,327,0.23,0.222,0.008,0.424,0.391,0.0329999999999999,0.311,0.296,0.015
"Lewis, Royce",668904,2026,505,335,0.224,0.236,-0.0119999999999999,0.373,0.39,-0.017,0.289,0.303,-0.014
"Tovar, Ezequiel",678662,2026,503,343,0.219,0.226,-0.007,0.353,0.371,-0.018,0.27,0.28,-0.01
"Hernández, Heriberto",681715,2026,501,312,0.225,0.24,-0.0149999999999999,0.432,0.467,-0.035,0.326,0.344,-0.0179999999999999
"Suárez, Eugenio",553993,2026,498,268,0.212,0.201,0.0109999999999999,0.433,0.379,0.0539999999999999,0.324,0.303,0.021
"Mullins, Cedric",656775,2026,498,350,0.205,0.192,0.0129999999999999,0.345,0.312,0.0329999999999999,0.281,0.265,0.016
"Yelich, Christian",592885,2026,496,310,0.235,0.231,0.0039999999999999,0.379,0.388,-0.009,0.305,0.31,-0.005
"France, Ty",664034,2026,495,336,0.294,0.25,0.0439999999999999,0.502,0.424,0.078,0.372,0.328,0.0439999999999999
"McLain, Matt",680574,2026,493,301,0.187,0.213,-0.0259999999999999,0.336,0.362,-0.0259999999999999,0.274,0.294,-0.0199999999999999
"Peters, Tristan",671976,2026,490,352,0.266,0.249,0.017,0.438,0.385,0.0529999999999999,0.34,0.314,0.026
"Nuñez, Nasim",683083,2026,489,339,0.208,0.221,-0.013,0.241,0.273,-0.032,0.25,0.267,-0.017
"Ewing, A.J.",805999,2026,488,317,0.254,0.255,-0.001,0.379,0.398,-0.019,0.312,0.319,-0.007
"Hernández, Teoscar",606192,2026,488,307,0.269,0.257,0.012,0.428,0.438,-0.01,0.335,0.333,0.002
"Crawford, J.P.",641487,2026,486,319,0.22,0.234,-0.014,0.352,0.36,-0.008,0.312,0.319,-0.007
"Sanoja, Javier",691594,2026,486,420,0.298,0.272,0.0259999999999999,0.462,0.357,0.105,0.345,0.294,0.0509999999999999
"Vargas, Ildemaro",545121,2026,486,407,0.254,0.268,-0.014,0.377,0.363,0.014,0.295,0.297,-0.002
"Grisham, Trent",663757,2026,484,333,0.211,0.245,-0.034,0.395,0.429,-0.0339999999999999,0.311,0.337,-0.026
"Taveras, Leody",665750,2026,482,316,0.219,0.214,0.005,0.345,0.32,0.0249999999999999,0.282,0.273,0.0089999999999999
"Swanson, Dansby",621020,2026,482,317,0.214,0.22,-0.006,0.4,0.381,0.019,0.307,0.302,0.005
"Castro, Willi",650489,2026,477,301,0.26,0.236,0.024,0.417,0.39,0.0269999999999999,0.33,0.309,0.021
"Peña, Jeremy",665161,2026,477,330,0.276,0.268,0.008,0.477,0.433,0.0439999999999999,0.348,0.328,0.0199999999999999
"Pasquantino, Vinnie",686469,2026,477,347,0.247,0.253,-0.006,0.412,0.428,-0.016,0.326,0.333,-0.007
"Soto, Juan",665742,2026,477,332,0.278,0.295,-0.0169999999999999,0.522,0.572,-0.0499999999999999,0.389,0.411,-0.0219999999999999
"Mangum, Jake",663968,2026,475,345,0.273,0.245,0.028,0.361,0.329,0.0319999999999999,0.308,0.283,0.025
"Karros, Kyle",691720,2026,471,312,0.253,0.252,0.001,0.415,0.405,0.0099999999999999,0.337,0.336,0.001
"Grissom, Vaughn",687093,2026,470,340,0.243,0.245,-0.002,0.389,0.381,0.008,0.309,0.311,-0.002
"Acuña Jr., Ronald",660670,2026,469,308,0.255,0.261,-0.006,0.451,0.495,-0.0439999999999999,0.348,0.366,-0.018
"Bolte, Henry",703607,2026,469,282,0.28,0.247,0.033,0.409,0.377,0.0319999999999999,0.344,0.318,0.0259999999999999
"Baty, Brett",683146,2026,469,298,0.238,0.244,-0.006,0.375,0.415,-0.0399999999999999,0.305,0.323,-0.018
"Benintendi, Andrew",643217,2026,468,316,0.24,0.24,0.0,0.413,0.398,0.0149999999999999,0.311,0.307,0.004
"Stephenson, Tyler",663886,2026,468,288,0.241,0.235,0.006,0.404,0.426,-0.0219999999999999,0.32,0.326,-0.006
"Young, Jacob",696285,2026,467,347,0.252,0.258,-0.006,0.391,0.386,0.005,0.314,0.315,-0.001
"Langford, Wyatt",694671,2026,467,301,0.238,0.231,0.0069999999999999,0.423,0.388,0.0349999999999999,0.334,0.319,0.015
"Church, Nathan",701675,2026,466,357,0.249,0.243,0.006,0.367,0.355,0.012,0.29,0.283,0.007
"Langeliers, Shea",669127,2026,464,314,0.261,0.267,-0.006,0.474,0.493,-0.019,0.346,0.353,-0.007
"Lindor, Francisco",596019,2026,464,319,0.222,0.237,-0.0149999999999999,0.415,0.427,-0.012,0.318,0.327,-0.009
"Realmuto, J.T.",592663,2026,463,317,0.205,0.249,-0.044,0.329,0.386,-0.0569999999999999,0.275,0.317,-0.0419999999999999
"Crawford, Justin",702222,2026,461,349,0.264,0.256,0.008,0.354,0.328,0.0259999999999999,0.294,0.284,0.01
"Caballero, José",676609,2026,456,309,0.231,0.227,0.004,0.365,0.333,0.0319999999999999,0.29,0.278,0.0119999999999999
"Mayo, Coby",691723,2026,454,275,0.228,0.235,-0.0069999999999999,0.461,0.478,-0.0169999999999999,0.329,0.336,-0.007
"Soderstrom, Tyler",691016,2026,453,306,0.245,0.246,-0.001,0.472,0.411,0.061,0.35,0.327,0.0229999999999999
"Carter, Evan",694497,2026,453,287,0.195,0.206,-0.0109999999999999,0.315,0.32,-0.005,0.275,0.28,-0.005
"Massey, Michael",686681,2026,452,356,0.272,0.257,0.015,0.428,0.414,0.014,0.317,0.307,0.01
"Lukes, Nathan",664770,2026,450,354,0.277,0.258,0.019,0.387,0.348,0.039,0.317,0.293,0.024
"Eldridge, Bryce",805811,2026,448,270,0.269,0.26,0.009,0.461,0.467,-0.006,0.361,0.359,0.002
"O'Hearn, Ryan",656811,2026,448,310,0.267,0.249,0.018,0.443,0.399,0.0439999999999999,0.339,0.316,0.023
"Horwitz, Spencer",687462,2026,447,315,0.246,0.228,0.0179999999999999,0.366,0.347,0.019,0.321,0.311,0.01
"Schanuel, Nolan",694384,2026,446,340,0.276,0.286,-0.0099999999999999,0.385,0.389,-0.004,0.328,0.335,-0.007
"Johnston, Troy",687859,2026,445,318,0.28,0.276,0.004,0.397,0.376,0.021,0.332,0.323,0.009
"Jung, Josh",673962,2026,444,321,0.299,0.285,0.014,0.462,0.44,0.022,0.362,0.348,0.014
"Ramos, Heliot",671218,2026,442,285,0.245,0.256,-0.011,0.411,0.446,-0.035,0.312,0.329,-0.017
"Crews, Dylan",686611,2026,439,295,0.223,0.241,-0.0179999999999999,0.372,0.421,-0.0489999999999999,0.294,0.318,-0.024
"Moniak, Mickey",666160,2026,436,291,0.238,0.212,0.0259999999999999,0.48,0.392,0.0879999999999999,0.322,0.279,0.0429999999999999
"Kurtz, Nick",701762,2026,434,211,0.256,0.244,0.012,0.483,0.483,0.0,0.381,0.374,0.007
"Walls, Taylor",670764,2026,433,280,0.222,0.19,0.032,0.298,0.261,0.0369999999999999,0.278,0.251,0.027
"Larnach, Trevor",663616,2026,433,305,0.269,0.259,0.01,0.436,0.394,0.0419999999999999,0.347,0.327,0.0199999999999999
"Pederson, Joc",592626,2026,432,275,0.235,0.242,-0.007,0.487,0.445,0.0419999999999999,0.352,0.343,0.0089999999999999
"Seager, Corey",608369,2026,432,280,0.226,0.252,-0.0259999999999999,0.418,0.483,-0.065,0.318,0.35,-0.0319999999999999
"Gelof, Zack",680869,2026,431,289,0.259,0.239,0.02,0.479,0.442,0.0369999999999999,0.349,0.326,0.0229999999999999
"Loftin, Nick",679845,2026,426,306,0.24,0.228,0.0119999999999999,0.388,0.335,0.0529999999999999,0.315,0.293,0.022
"Lowe, Nathaniel",663993,2026,425,286,0.252,0.267,-0.015,0.446,0.437,0.009,0.33,0.335,-0.005
"Kelly, Carson",608348,2026,425,310,0.258,0.244,0.014,0.376,0.372,0.004,0.32,0.311,0.009
"Keith, Colt",690993,2026,423,302,0.258,0.272,-0.014,0.406,0.423,-0.0169999999999999,0.321,0.333,-0.012
"Torres, Gleyber",650402,2026,420,279,0.26,0.252,0.008,0.363,0.368,-0.005,0.328,0.325,0.003
"McKinstry, Zach",656716,2026,420,305,0.201,0.232,-0.031,0.296,0.312,-0.016,0.267,0.286,-0.0189999999999999
"Cronenworth, Jake",630105,2026,420,282,0.227,0.214,0.013,0.323,0.307,0.016,0.285,0.272,0.0129999999999999
"Alvarez, Francisco",682626,2026,420,246,0.233,0.23,0.003,0.399,0.431,-0.0319999999999999,0.313,0.322,-0.009
"Cruz, Oneil",665833,2026,419,229,0.28,0.251,0.029,0.486,0.472,0.014,0.371,0.352,0.019
"Sheets, Gavin",657757,2026,417,278,0.211,0.227,-0.016,0.388,0.374,0.014,0.312,0.313,-0.001
"Ortiz, Joey",687401,2026,415,298,0.27,0.243,0.027,0.402,0.346,0.056,0.321,0.297,0.024
"Martínez, Angel",682657,2026,412,302,0.257,0.253,0.004,0.47,0.404,0.0659999999999999,0.329,0.302,0.027
"Schmitt, Casey",669477,2026,409,310,0.271,0.288,-0.0169999999999999,0.483,0.512,-0.029,0.336,0.355,-0.0189999999999999
"Buxton, Byron",621439,2026,408,272,0.254,0.248,0.006,0.511,0.488,0.023,0.355,0.343,0.0119999999999999
"Rutschman, Adley",668939,2026,407,299,0.24,0.253,-0.013,0.417,0.408,0.009,0.319,0.325,-0.006
"Yastrzemski, Mike",573262,2026,404,262,0.227,0.236,-0.0089999999999999,0.384,0.367,0.017,0.309,0.309,0.0
"Basallo, Samuel",694212,2026,399,257,0.222,0.234,-0.012,0.406,0.439,-0.0329999999999999,0.303,0.318,-0.015
"Palacios, Richie",680700,2026,395,277,0.238,0.245,-0.007,0.378,0.336,0.0419999999999999,0.319,0.308,0.011
"Cowser, Colton",681297,2026,392,224,0.226,0.221,0.005,0.37,0.4,-0.03,0.307,0.315,-0.008
"Gilbert, Drew",687551,2026,390,273,0.24,0.261,-0.021,0.396,0.401,-0.005,0.321,0.334,-0.013
"Heim, Jonah",641680,2026,390,291,0.204,0.227,-0.023,0.366,0.361,0.005,0.276,0.285,-0.0089999999999999
"Wells, Austin",669224,2026,388,234,0.186,0.208,-0.0219999999999999,0.332,0.36,-0.0279999999999999,0.281,0.3,-0.0189999999999999
"Hamilton, David",666152,2026,384,263,0.244,0.225,0.0189999999999999,0.336,0.315,0.021,0.293,0.276,0.0169999999999999
"Steer, Spencer",668715,2026,384,256,0.238,0.246,-0.008,0.421,0.452,-0.031,0.326,0.342,-0.016
"Caratini, Victor",605170,2026,382,255,0.22,0.224,-0.004,0.315,0.356,-0.0409999999999999,0.285,0.306,-0.021
"Frelick, Sal",686217,2026,381,304,0.232,0.239,-0.0069999999999999,0.321,0.322,-0.001,0.277,0.28,-0.003
"Goldschmidt, Paul",502671,2026,380,262,0.252,0.238,0.014,0.452,0.414,0.038,0.331,0.311,0.02
"Cortes, Carlos",666126,2026,379,281,0.252,0.242,0.01,0.399,0.369,0.03,0.317,0.301,0.016
"Norby, Connor",681393,2026,379,221,0.242,0.217,0.0249999999999999,0.376,0.364,0.012,0.323,0.307,0.016
"Thomas, Lane",657041,2026,374,235,0.224,0.238,-0.0139999999999999,0.383,0.365,0.018,0.313,0.311,0.002
"Carrigg, Cole",694249,2026,368,248,0.28,0.25,0.03,0.471,0.404,0.0669999999999999,0.35,0.315,0.0349999999999999
"DeLuca, Jonny",676356,2026,366,271,0.263,0.231,0.032,0.41,0.32,0.0899999999999999,0.309,0.259,0.0499999999999999
"Fermín, José",665877,2026,366,283,0.251,0.25,0.001,0.359,0.338,0.0209999999999999,0.298,0.293,0.005
"Peraza, Oswald",672724,2026,366,230,0.226,0.225,0.001,0.335,0.332,0.003,0.276,0.274,0.002
"Jeffers, Ryan",680777,2026,365,251,0.252,0.242,0.01,0.455,0.426,0.029,0.35,0.34,0.0099999999999999
"Vivas, Jorbit",678391,2026,364,265,0.238,0.236,0.002,0.322,0.309,0.013,0.298,0.292,0.006
"Beavers, Dylan",687637,2026,363,227,0.228,0.219,0.009,0.373,0.369,0.004,0.302,0.295,0.007
"Soler, Jorge",624585,2026,361,202,0.203,0.206,-0.0029999999999999,0.373,0.362,0.011,0.295,0.294,0.001
"Montgomery, Braden",695731,2026,361,249,0.226,0.255,-0.0289999999999999,0.351,0.391,-0.04,0.299,0.326,-0.027
"Triolo, Jared",669707,2026,361,255,0.238,0.242,-0.004,0.303,0.317,-0.014,0.279,0.285,-0.0059999999999999
"McMahon, Ryan",641857,2026,360,224,0.213,0.23,-0.017,0.357,0.381,-0.024,0.282,0.297,-0.015
"Lee, Hao-Yu",701678,2026,360,245,0.267,0.236,0.031,0.429,0.396,0.0329999999999999,0.329,0.304,0.025
"Diaz, Yainer",673237,2026,356,285,0.283,0.272,0.0109999999999999,0.457,0.416,0.041,0.333,0.313,0.02
"Manzardo, Kyle",700932,2026,356,200,0.215,0.22,-0.005,0.378,0.38,-0.002,0.305,0.307,-0.002
"Holliday, Jackson",702616,2026,354,236,0.229,0.236,-0.0069999999999999,0.34,0.352,-0.0119999999999999,0.284,0.293,-0.009
"Ruiz, Keibert",660688,2026,354,298,0.28,0.247,0.033,0.443,0.374,0.069,0.329,0.289,0.04
"Martin, Austin",668885,2026,354,235,0.231,0.232,-0.001,0.318,0.316,0.002,0.305,0.304,0.001
"Rengifo, Luis",650859,2026,354,268,0.24,0.253,-0.013,0.317,0.345,-0.0279999999999999,0.289,0.304,-0.015
"Chapman, Matt",656305,2026,352,229,0.235,0.21,0.0249999999999999,0.368,0.319,0.0489999999999999,0.309,0.286,0.023
"House, Brady",691781,2026,351,229,0.246,0.266,-0.02,0.397,0.435,-0.0379999999999999,0.312,0.333,-0.021
"Ballesteros, Moisés",694208,2026,348,236,0.217,0.225,-0.008,0.334,0.363,-0.0289999999999999,0.275,0.29,-0.0149999999999999
"Tawa, Tim",694374,2026,347,236,0.239,0.248,-0.009,0.395,0.421,-0.0259999999999999,0.303,0.317,-0.014
"Monasterio, Andruw",655316,2026,344,248,0.235,0.231,0.0039999999999999,0.374,0.354,0.02,0.296,0.289,0.007
"Bailey, Patrick",672275,2026,343,224,0.208,0.242,-0.034,0.338,0.401,-0.063,0.272,0.309,-0.0369999999999999
"Young, Jared",676724,2026,342,248,0.266,0.25,0.016,0.429,0.4,0.0289999999999999,0.333,0.321,0.012
"Garcia, Maikel",672580,2026,340,260,0.266,0.271,-0.005,0.38,0.366,0.014,0.315,0.315,0.0
"Lowe, Josh",666139,2026,339,208,0.208,0.21,-0.002,0.362,0.375,-0.013,0.28,0.286,-0.0059999999999999
"Wilson, Jacob",805779,2026,337,283,0.266,0.262,0.004,0.388,0.345,0.043,0.301,0.282,0.019
"Meckler, Wade",685133,2026,335,238,0.302,0.263,0.0389999999999999,0.389,0.36,0.029,0.344,0.315,0.0289999999999999
"Griffin, Konnor",804606,2026,335,228,0.269,0.258,0.011,0.393,0.399,-0.006,0.316,0.313,0.003
"Myers, Dane",667472,2026,334,212,0.257,0.236,0.021,0.377,0.356,0.021,0.324,0.309,0.015
"Vaughn, Andrew",683734,2026,331,237,0.306,0.264,0.0419999999999999,0.444,0.38,0.064,0.368,0.329,0.0389999999999999
"Caissie, Owen",683357,2026,330,176,0.22,0.211,0.009,0.412,0.405,0.0069999999999999,0.304,0.302,0.002
"Mack, Joe",691788,2026,330,227,0.234,0.225,0.009,0.403,0.396,0.007,0.299,0.292,0.007
"Nootbaar, Lars",663457,2026,330,216,0.238,0.249,-0.011,0.381,0.44,-0.059,0.322,0.345,-0.0229999999999999
"Mead, Curtis",678554,2026,329,222,0.253,0.259,-0.006,0.498,0.457,0.0409999999999999,0.37,0.358,0.012
"Edman, Tommy",669242,2026,327,225,0.243,0.239,0.004,0.378,0.344,0.034,0.315,0.301,0.014
"Straw, Myles",664702,2026,327,256,0.243,0.252,-0.009,0.346,0.345,0.001,0.291,0.294,-0.003
"Conine, Griffin",665052,2026,319,187,0.264,0.257,0.007,0.486,0.494,-0.008,0.367,0.364,0.003
"Isbel, Kyle",664728,2026,319,228,0.221,0.223,-0.002,0.321,0.3,0.021,0.26,0.254,0.006
"Fortes, Nick",663743,2026,319,256,0.262,0.241,0.021,0.381,0.329,0.0519999999999999,0.305,0.276,0.0289999999999999
"Hoskins, Rhys",656555,2026,317,167,0.179,0.174,0.005,0.376,0.348,0.028,0.305,0.297,0.008
"Sánchez, Jesús",660821,2026,315,214,0.254,0.255,-0.001,0.401,0.419,-0.0179999999999999,0.311,0.321,-0.01
"Kirk, Alejandro",672386,2026,313,242,0.278,0.263,0.015,0.415,0.368,0.0469999999999999,0.333,0.308,0.025
"Conforto, Michael",624424,2026,309,190,0.237,0.235,0.002,0.466,0.435,0.031,0.342,0.331,0.011
"Guzman, Denzer",694203,2026,300,205,0.219,0.227,-0.008,0.337,0.33,0.007,0.268,0.267,0.001
"Gorman, Nolan",669357,2026,298,170,0.187,0.196,-0.009,0.313,0.356,-0.0429999999999999,0.263,0.281,-0.018
"Smith, Dominic",642086,2026,298,225,0.255,0.239,0.016,0.386,0.378,0.008,0.307,0.301,0.006
"Davis, Henry",680779,2026,298,198,0.172,0.199,-0.027,0.313,0.342,-0.029,0.267,0.29,-0.0229999999999999
"Yoshida, Masataka",807799,2026,297,233,0.274,0.262,0.012,0.399,0.372,0.027,0.33,0.318,0.012
"Vientos, Mark",668901,2026,295,206,0.212,0.231,-0.019,0.394,0.433,-0.0389999999999999,0.283,0.304,-0.021
"Jackson, Jeremiah",669236,2026,293,212,0.217,0.236,-0.0189999999999999,0.365,0.385,-0.02,0.264,0.282,-0.0179999999999999
"Vierling, Matt",663837,2026,291,223,0.207,0.256,-0.049,0.335,0.381,-0.0459999999999999,0.259,0.304,-0.0449999999999999
"Alexander, Blaze",677942,2026,289,201,0.303,0.3,0.003,0.414,0.452,-0.038,0.341,0.351,-0.0099999999999999
"Jones, Spencer",682987,2026,289,157,0.245,0.238,0.007,0.429,0.455,-0.026,0.323,0.328,-0.005
"Freeman, Tyler",671289,2026,288,228,0.247,0.265,-0.018,0.314,0.353,-0.0389999999999999,0.289,0.309,-0.02
"Tena, José",677588,2026,288,168,0.222,0.221,0.001,0.37,0.351,0.019,0.299,0.291,0.008
"Raley, Luke",670042,2026,287,172,0.225,0.252,-0.0269999999999999,0.439,0.486,-0.0469999999999999,0.313,0.342,-0.029
"Valdez, Esmerlyn",699013,2026,287,136,0.232,0.2,0.032,0.51,0.44,0.07,0.368,0.332,0.0359999999999999
"Trammell, Taylor",666211,2026,285,163,0.194,0.188,0.006,0.345,0.364,-0.019,0.282,0.285,-0.003
"Narváez, Carlos",665966,2026,285,168,0.161,0.191,-0.03,0.226,0.303,-0.0769999999999999,0.219,0.26,-0.041
"Judge, Aaron",592450,2026,285,153,0.241,0.258,-0.017,0.511,0.569,-0.0579999999999999,0.372,0.396,-0.024
"Waldschmidt, Ryan",814439,2026,284,171,0.256,0.236,0.02,0.368,0.356,0.012,0.309,0.297,0.012
"Williamson, Ben",810938,2026,284,206,0.239,0.247,-0.008,0.32,0.326,-0.006,0.282,0.287,-0.005
"Muncy, Max",691777,2026,284,168,0.23,0.218,0.012,0.387,0.366,0.021,0.3,0.288,0.012
"Schneemann, Daniel",682177,2026,282,174,0.205,0.222,-0.017,0.318,0.359,-0.0409999999999999,0.266,0.287,-0.0209999999999999
"Ozuna, Marcell",542303,2026,280,171,0.203,0.221,-0.0179999999999999,0.327,0.389,-0.062,0.276,0.304,-0.0279999999999999
"Torrens, Luis",620443,2026,277,198,0.238,0.231,0.0069999999999999,0.401,0.366,0.035,0.306,0.289,0.017
"Grichuk, Randal",545341,2026,277,204,0.286,0.276,0.0099999999999999,0.557,0.471,0.086,0.366,0.332,0.0339999999999999
"Vilade, Ryan",668723,2026,276,182,0.247,0.253,-0.006,0.432,0.424,0.008,0.329,0.329,0.0
"Smith, Will",669257,2026,276,194,0.26,0.279,-0.019,0.426,0.502,-0.076,0.345,0.389,-0.044
"Julien, Edouard",666397,2026,276,165,0.208,0.247,-0.039,0.292,0.401,-0.109,0.287,0.338,-0.051
"O'Hoppe, Logan",681351,2026,275,187,0.218,0.206,0.012,0.302,0.332,-0.03,0.259,0.267,-0.008
"Sogard, Nick",686765,2026,273,186,0.254,0.248,0.006,0.386,0.352,0.034,0.324,0.308,0.016
"Friedl, TJ",670770,2026,272,182,0.172,0.191,-0.019,0.255,0.268,-0.013,0.236,0.25,-0.014
"Sánchez, Gary",596142,2026,271,164,0.208,0.22,-0.012,0.412,0.394,0.0179999999999999,0.34,0.336,0.004
"Freeland, Alex",690976,2026,269,162,0.234,0.22,0.014,0.325,0.34,-0.015,0.298,0.297,0.001
"Lopez, Nicky",670032,2026,268,205,0.268,0.247,0.021,0.311,0.298,0.013,0.285,0.27,0.0149999999999999
"Valenzuela, Brandon",678218,2026,268,171,0.224,0.239,-0.0149999999999999,0.363,0.37,-0.007,0.3,0.309,-0.009
"Kreidler, Ryan",668952,2026,267,183,0.218,0.221,-0.003,0.379,0.382,-0.003,0.293,0.295,-0.002
"Vázquez, Christian",543877,2026,266,195,0.207,0.195,0.0119999999999999,0.322,0.267,0.0549999999999999,0.258,0.233,0.0249999999999999
"Walton, Donovan",622268,2026,266,186,0.263,0.247,0.016,0.452,0.375,0.077,0.359,0.324,0.0349999999999999
"Story, Trevor",596115,2026,263,165,0.237,0.211,0.0259999999999999,0.353,0.318,0.0349999999999999,0.272,0.247,0.025
"Pratt, Cooper",806198,2026,262,188,0.281,0.265,0.016,0.371,0.362,0.009,0.321,0.316,0.005
"Ramírez, Pedro",699393,2026,261,192,0.257,0.243,0.014,0.401,0.344,0.057,0.312,0.284,0.028
"Fermin, Freddy",666023,2026,261,180,0.197,0.211,-0.0139999999999999,0.307,0.316,-0.009,0.26,0.271,-0.011
"O'Neill, Tyler",641933,2026,260,159,0.212,0.214,-0.002,0.377,0.394,-0.017,0.302,0.307,-0.005
"García, Adolis",666969,2026,259,150,0.195,0.22,-0.0249999999999999,0.329,0.362,-0.0329999999999999,0.268,0.294,-0.0259999999999999
"Carpenter, Kerry",681481,2026,259,159,0.208,0.212,-0.004,0.416,0.388,0.0279999999999999,0.301,0.295,0.006
"Mesa Jr., Victor",683748,2026,258,183,0.26,0.251,0.009,0.502,0.444,0.0579999999999999,0.358,0.332,0.0259999999999999
"Andujar, Miguel",609280,2026,254,201,0.259,0.264,-0.005,0.423,0.376,0.0469999999999999,0.314,0.298,0.016
"Rushing, Dalton",687221,2026,251,149,0.248,0.251,-0.003,0.464,0.428,0.036,0.347,0.338,0.0089999999999999
"Ramírez, Agustín",682663,2026,251,163,0.239,0.228,0.0109999999999999,0.36,0.322,0.0379999999999999,0.305,0.287,0.018
"Ruiz, Esteury",665923,2026,251,132,0.214,0.175,0.039,0.367,0.29,0.077,0.316,0.275,0.0409999999999999
"Amaya, Miguel",665804,2026,250,148,0.232,0.2,0.032,0.37,0.325,0.0449999999999999,0.32,0.292,0.028
"Rojas, Miguel",500743,2026,249,206,0.269,0.279,-0.01,0.395,0.388,0.007,0.307,0.31,-0.003
"Siri, Jose",642350,2026,249,151,0.238,0.226,0.0119999999999999,0.401,0.422,-0.0209999999999999,0.301,0.302,-0.001
"Foscue, Justin",679822,2026,246,163,0.272,0.246,0.026,0.487,0.437,0.0499999999999999,0.355,0.326,0.0289999999999999
"Feduccia, Hunter",676439,2026,246,159,0.225,0.24,-0.0149999999999999,0.319,0.371,-0.0519999999999999,0.289,0.313,-0.024
"Volpe, Anthony",683011,2026,246,165,0.245,0.232,0.0129999999999999,0.336,0.334,0.002,0.297,0.291,0.006
"Sosa, Edmundo",624641,2026,246,178,0.242,0.276,-0.034,0.41,0.443,-0.033,0.299,0.327,-0.028
"Campusano, Luis",669134,2026,245,161,0.268,0.24,0.028,0.437,0.393,0.0439999999999999,0.355,0.327,0.0279999999999999
"Hedges, Austin",595978,2026,245,175,0.249,0.226,0.0229999999999999,0.38,0.317,0.063,0.316,0.283,0.033
"Rosario, Amed",642708,2026,244,173,0.238,0.25,-0.012,0.405,0.424,-0.0189999999999999,0.297,0.309,-0.012
"Hayes, Ke'Bryan",663647,2026,242,179,0.141,0.236,-0.095,0.225,0.371,-0.146,0.191,0.287,-0.0959999999999999
"Smith, Josh",669701,2026,242,159,0.204,0.204,0.0,0.322,0.32,0.002,0.276,0.276,0.0
"Mayer, Marcelo",691785,2026,241,169,0.208,0.197,0.0109999999999999,0.296,0.291,0.005,0.258,0.257,0.001
"Emerson, Colt",806068,2026,241,141,0.19,0.196,-0.006,0.335,0.3,0.035,0.256,0.248,0.008
"Anthony, Roman",701350,2026,240,146,0.248,0.262,-0.014,0.4,0.428,-0.0279999999999999,0.329,0.344,-0.0149999999999999
"Wong, Connor",657136,2026,237,157,0.234,0.22,0.014,0.349,0.328,0.0209999999999999,0.296,0.282,0.014
"Sullivan, Brett",664954,2026,237,183,0.225,0.235,-0.0099999999999999,0.39,0.354,0.036,0.286,0.281,0.0049999999999999
"Taylor, Tyrone",621438,2026,237,181,0.274,0.245,0.029,0.502,0.418,0.084,0.354,0.31,0.0439999999999999
"Díaz, Elias",553869,2026,236,167,0.23,0.214,0.016,0.387,0.347,0.04,0.279,0.264,0.015
"Matthews, Brice",694728,2026,233,143,0.201,0.193,0.008,0.332,0.338,-0.006,0.26,0.261,-0.001
"Osuna, Alejandro",696030,2026,231,168,0.262,0.255,0.007,0.307,0.312,-0.005,0.306,0.303,0.003
"Williams, Alika",675961,2026,231,169,0.27,0.217,0.053,0.428,0.299,0.129,0.32,0.248,0.072
"Robert Jr., Luis",673357,2026,230,151,0.221,0.239,-0.0179999999999999,0.407,0.418,-0.011,0.311,0.321,-0.01
"Gasper, Mickey",681508,2026,225,154,0.251,0.249,0.002,0.466,0.444,0.022,0.361,0.353,0.008
"Jansen, Danny",643376,2026,224,143,0.201,0.186,0.015,0.366,0.309,0.0569999999999999,0.295,0.268,0.0269999999999999
"Chaparro, Andrés",665953,2026,224,141,0.258,0.228,0.03,0.495,0.432,0.063,0.372,0.336,0.0359999999999999
"Gonzalez, Jacob",694378,2026,223,166,0.223,0.251,-0.0279999999999999,0.369,0.402,-0.033,0.284,0.307,-0.023
"Domínguez, Jasson",691176,2026,222,161,0.225,0.25,-0.0249999999999999,0.368,0.364,0.004,0.279,0.289,-0.0099999999999999
"Acuña, Luisangel",682668,2026,221,168,0.227,0.246,-0.0189999999999999,0.275,0.323,-0.0479999999999999,0.241,0.268,-0.027
"Fernandez, Jose",699912,2026,221,158,0.256,0.246,0.01,0.345,0.344,0.001,0.288,0.282,0.006
"Doyle, Brenton",686668,2026,219,135,0.233,0.204,0.029,0.35,0.303,0.0469999999999999,0.276,0.244,0.032
"Mateo, Jorge",622761,2026,218,137,0.201,0.22,-0.0189999999999999,0.309,0.355,-0.0459999999999999,0.246,0.271,-0.025
"Quero, Edgar",700337,2026,217,151,0.203,0.222,-0.0189999999999999,0.257,0.315,-0.0579999999999999,0.251,0.282,-0.0309999999999999
"Koss, Christian",683766,2026,217,150,0.221,0.21,0.011,0.312,0.284,0.028,0.256,0.239,0.017
"Hill, Derek",656537,2026,216,133,0.241,0.225,0.0159999999999999,0.442,0.386,0.0559999999999999,0.319,0.289,0.03
"Encarnacion-Strand, Christian",687952,2026,213,143,0.277,0.248,0.029,0.513,0.483,0.03,0.358,0.332,0.0259999999999999
"Lara, Luis",800325,2026,212,147,0.246,0.256,-0.01,0.325,0.331,-0.006,0.286,0.293,-0.007
"Fry, David",681807,2026,210,122,0.194,0.177,0.017,0.361,0.291,0.07,0.301,0.27,0.0309999999999999
"Pagés, Pedro",686780,2026,208,138,0.213,0.214,-0.001,0.309,0.324,-0.015,0.257,0.265,-0.008
"Laureano, Ramón",657656,2026,206,119,0.203,0.222,-0.0189999999999999,0.374,0.409,-0.0349999999999999,0.292,0.312,-0.02
"White, Eli",642201,2026,204,147,0.246,0.229,0.0169999999999999,0.398,0.333,0.065,0.3,0.269,0.0309999999999999
"Romo, Drew",691011,2026,203,133,0.141,0.188,-0.047,0.288,0.293,-0.005,0.241,0.262,-0.021
"Clark, Max",703601,2026,202,139,0.278,0.268,0.01,0.426,0.351,0.075,0.344,0.318,0.0259999999999999
"Rooker, Brent",667670,2026,202,117,0.201,0.208,-0.0069999999999999,0.391,0.438,-0.0469999999999999,0.294,0.312,-0.018
"Gurriel Jr., Lourdes",666971,2026,201,151,0.21,0.234,-0.024,0.29,0.312,-0.022,0.243,0.273,-0.03
"Marte, Noelvi",682622,2026,201,139,0.189,0.193,-0.004,0.321,0.304,0.017,0.242,0.237,0.005
"Heineman, Tyler",623168,2026,200,159,0.175,0.214,-0.039,0.22,0.259,-0.039,0.205,0.236,-0.031
"Shaw, Matt",807713,2026,199,141,0.24,0.228,0.0119999999999999,0.415,0.351,0.064,0.326,0.3,0.026
"Jordan, Blaze",691458,2026,199,160,0.247,0.266,-0.019,0.382,0.425,-0.0429999999999999,0.284,0.317,-0.033
"Báez, Javier",595879,2026,196,147,0.241,0.242,-0.001,0.364,0.325,0.0389999999999999,0.277,0.266,0.011
"Del Castillo, Adrian",680728,2026,196,127,0.194,0.197,-0.003,0.311,0.328,-0.017,0.249,0.255,-0.006
"Scott II, Victor",687363,2026,195,131,0.193,0.222,-0.0289999999999999,0.253,0.296,-0.0429999999999999,0.243,0.271,-0.028
"Jiménez, Leo",677870,2026,194,130,0.199,0.242,-0.0429999999999999,0.259,0.336,-0.077,0.267,0.314,-0.0469999999999999
"Call, Alex",669743,2026,193,128,0.23,0.2,0.03,0.298,0.254,0.0439999999999999,0.302,0.274,0.0279999999999999
"White, Tommy",695720,2026,193,154,0.257,0.264,-0.007,0.332,0.385,-0.0529999999999999,0.267,0.293,-0.0259999999999999
"Halpin, Petey",690984,2026,191,145,0.224,0.25,-0.0259999999999999,0.328,0.378,-0.0499999999999999,0.265,0.294,-0.0289999999999999
"Torres, Bryan",663494,2026,189,130,0.229,0.229,0.0,0.331,0.329,0.002,0.289,0.288,0.001
"Gray, Tristan",656484,2026,188,117,0.225,0.218,0.007,0.324,0.322,0.002,0.262,0.263,-0.001
"Higashioka, Kyle",543309,2026,186,118,0.218,0.219,-0.001,0.37,0.351,0.019,0.303,0.295,0.008
"Kiner-Falefa, Isiah",643396,2026,183,137,0.242,0.256,-0.014,0.311,0.319,-0.008,0.29,0.297,-0.007
"Piñango, Yohendrick",682818,2026,180,125,0.26,0.262,-0.002,0.396,0.398,-0.002,0.309,0.309,0.0
"Jones, Jahmai",663330,2026,179,100,0.209,0.23,-0.021,0.373,0.432,-0.059,0.302,0.331,-0.029
"Wilson, Weston",642215,2026,179,103,0.206,0.19,0.0159999999999999,0.313,0.278,0.0349999999999999,0.275,0.255,0.02
"Bateman, Brett",703520,2026,177,123,0.325,0.264,0.061,0.422,0.333,0.0889999999999999,0.367,0.31,0.0569999999999999
"Saggese, Thomas",695336,2026,176,112,0.234,0.236,-0.0019999999999999,0.354,0.4,-0.046,0.288,0.309,-0.021
"Beck, Jordan",687597,2026,176,108,0.198,0.21,-0.0119999999999999,0.29,0.29,0.0,0.245,0.249,-0.004
"Pérez, Wenceel",672761,2026,175,132,0.18,0.203,-0.023,0.348,0.348,0.0,0.262,0.272,-0.01
"Barrosa, Jorge",678489,2026,173,108,0.194,0.165,0.0289999999999999,0.333,0.252,0.081,0.279,0.24,0.039
"Seigler, Anthony",678011,2026,173,126,0.247,0.241,0.006,0.4,0.37,0.03,0.321,0.312,0.009
"Taylor, Samad",669392,2026,172,109,0.315,0.257,0.0579999999999999,0.409,0.33,0.0789999999999999,0.357,0.311,0.0459999999999999
"Rogers, Jake",668670,2026,171,96,0.161,0.171,-0.01,0.287,0.296,-0.009,0.259,0.267,-0.008
"Outman, James",681546,2026,170,86,0.172,0.162,0.0099999999999999,0.318,0.273,0.0449999999999999,0.247,0.225,0.0219999999999999
"Marte, Starling",516782,2026,168,114,0.242,0.23,0.0119999999999999,0.314,0.364,-0.0499999999999999,0.276,0.287,-0.0109999999999999
"Lombard Jr., George",806146,2026,166,111,0.237,0.24,-0.003,0.414,0.388,0.0259999999999999,0.304,0.298,0.006
"Cox, Jonah",813841,2026,165,91,0.259,0.213,0.046,0.395,0.326,0.069,0.308,0.261,0.0469999999999999
"Cavanaugh, Drew",701852,2026,162,97,0.236,0.239,-0.003,0.3,0.344,-0.0439999999999999,0.287,0.303,-0.016
"McCann, James",543510,2026,162,113,0.283,0.238,0.0449999999999999,0.461,0.43,0.031,0.335,0.302,0.033
"Allen, Nick",669397,2026,161,118,0.278,0.216,0.062,0.382,0.269,0.1129999999999999,0.31,0.244,0.066
"Susac, Daniel",691740,2026,161,114,0.243,0.249,-0.006,0.375,0.369,0.006,0.29,0.296,-0.006
"Rave, John",670231,2026,161,106,0.232,0.237,-0.0049999999999999,0.43,0.391,0.0389999999999999,0.326,0.315,0.011
"Arroyo, Edwin",695490,2026,160,113,0.223,0.268,-0.045,0.264,0.348,-0.0839999999999999,0.24,0.291,-0.0509999999999999
"Rodríguez, Endy",682848,2026,159,94,0.267,0.245,0.022,0.467,0.403,0.064,0.37,0.338,0.0319999999999999
"Flores Jr., Rafael",804668,2026,159,100,0.271,0.253,0.018,0.542,0.519,0.023,0.377,0.358,0.019
"Donovan, Brendan",680977,2026,159,115,0.277,0.25,0.027,0.409,0.344,0.065,0.349,0.314,0.0349999999999999
"Hernaiz, Darell",687231,2026,157,109,0.234,0.216,0.018,0.277,0.267,0.01,0.275,0.262,0.013
"Trevino, Jose",624431,2026,156,126,0.217,0.213,0.004,0.336,0.295,0.041,0.24,0.222,0.0179999999999999
"Dunn, Blake",694362,2026,155,110,0.282,0.242,0.0399999999999999,0.387,0.319,0.068,0.321,0.28,0.0409999999999999
"Meyers, Jake",676694,2026,153,111,0.213,0.205,0.008,0.326,0.316,0.01,0.265,0.256,0.009
"Schneider, Davis",676914,2026,152,73,0.149,0.151,-0.002,0.322,0.285,0.037,0.294,0.285,0.009
"Millas, Drew",686452,2026,152,96,0.185,0.204,-0.0189999999999999,0.262,0.282,-0.0199999999999999,0.251,0.266,-0.015
"Song, Sung-Mun",823550,2026,150,102,0.195,0.185,0.01,0.25,0.271,-0.021,0.252,0.254,-0.002
"Pauley, Graham",688363,2026,150,104,0.21,0.192,0.0179999999999999,0.377,0.312,0.065,0.276,0.244,0.032
"Robles, Victor",645302,2026,149,115,0.256,0.238,0.018,0.308,0.321,-0.013,0.283,0.28,0.0029999999999999
"Garver, Mitch",641598,2026,149,77,0.175,0.194,-0.019,0.294,0.341,-0.047,0.278,0.301,-0.0229999999999999
"Crooks, Jimmy",699625,2026,149,87,0.179,0.198,-0.019,0.336,0.397,-0.061,0.264,0.294,-0.0299999999999999
"Rodríguez, Héctor",699302,2026,148,101,0.236,0.199,0.0369999999999999,0.421,0.333,0.0879999999999999,0.303,0.254,0.0489999999999999
"Arias, Gabriel",672356,2026,147,79,0.245,0.221,0.0239999999999999,0.374,0.373,0.001,0.288,0.275,0.0129999999999999
"Harris, Dustin",687957,2026,147,113,0.289,0.275,0.0139999999999999,0.383,0.357,0.026,0.325,0.313,0.012
"Frazier, Adam",624428,2026,147,94,0.24,0.223,0.0169999999999999,0.349,0.294,0.0549999999999999,0.293,0.265,0.0279999999999999
"Rivas, Leo",660844,2026,146,85,0.148,0.172,-0.0239999999999999,0.189,0.232,-0.043,0.222,0.245,-0.0229999999999999
"Polanco, Jorge",593871,2026,145,100,0.148,0.189,-0.041,0.23,0.284,-0.0539999999999999,0.196,0.234,-0.038
"Kepler, Max",596146,2026,145,102,0.205,0.211,-0.006,0.303,0.336,-0.033,0.25,0.27,-0.02
"Wade Jr., LaMonte",664774,2026,145,90,0.206,0.188,0.0179999999999999,0.349,0.287,0.062,0.299,0.268,0.0309999999999999
"Teel, Kyle",691019,2026,144,70,0.21,0.211,-0.001,0.361,0.375,-0.014,0.317,0.321,-0.004
"Tolbert, Tyler",686475,2026,144,102,0.294,0.246,0.0479999999999999,0.405,0.314,0.091,0.339,0.293,0.046
"Melendez, MJ",669004,2026,144,72,0.192,0.166,0.0259999999999999,0.35,0.317,0.0329999999999999,0.302,0.28,0.0219999999999999
"Basabe, Osleivis",678545,2026,143,102,0.202,0.229,-0.0269999999999999,0.341,0.343,-0.002,0.271,0.283,-0.0119999999999999
"Moore, Christian",695681,2026,143,85,0.191,0.192,-0.001,0.282,0.311,-0.029,0.241,0.251,-0.01
"Kim, Ha-Seong",673490,2026,143,91,0.118,0.158,-0.04,0.142,0.208,-0.066,0.176,0.217,-0.041
"Troy, Tommy",694371,2026,143,96,0.217,0.229,-0.012,0.349,0.393,-0.044,0.285,0.304,-0.019
"Correa, Carlos",621043,2026,141,97,0.279,0.289,-0.0099999999999999,0.418,0.459,-0.041,0.347,0.364,-0.017
"Malgeri, Ben",701162,2026,139,84,0.252,0.244,0.008,0.42,0.356,0.064,0.343,0.319,0.024
"Ortiz, Abimelec",694673,2026,136,93,0.188,0.211,-0.0229999999999999,0.344,0.382,-0.038,0.246,0.271,-0.025
"Wallner, Matt",670242,2026,135,67,0.167,0.2,-0.033,0.292,0.333,-0.041,0.253,0.281,-0.028
"Genao, Angel",694197,2026,135,102,0.211,0.239,-0.0279999999999999,0.293,0.335,-0.042,0.262,0.288,-0.0259999999999999
"Valencia, Eduardo",680664,2026,134,94,0.344,0.285,0.059,0.624,0.53,0.0939999999999999,0.431,0.367,0.064
"Lawlar, Jordan",691783,2026,133,83,0.256,0.245,0.011,0.463,0.397,0.066,0.341,0.311,0.03
"Kim, Hyeseong",808975,2026,131,87,0.259,0.261,-0.002,0.328,0.341,-0.013,0.293,0.304,-0.011
"Moncada, Yoán",660162,2026,130,66,0.189,0.169,0.0199999999999999,0.297,0.286,0.011,0.281,0.269,0.012
"Refsnyder, Rob",608701,2026,129,81,0.14,0.17,-0.03,0.254,0.316,-0.062,0.207,0.255,-0.048
"Bart, Joey",663698,2026,128,78,0.214,0.203,0.0109999999999999,0.357,0.362,-0.005,0.299,0.295,0.004
"Jarvis, Jim",805347,2026,124,92,0.207,0.234,-0.027,0.297,0.304,-0.007,0.254,0.268,-0.014
"Culpepper, Kaelen",701785,2026,123,88,0.277,0.245,0.032,0.402,0.364,0.038,0.326,0.297,0.029
"Hill, Turner",806367,2026,122,87,0.223,0.249,-0.0259999999999999,0.32,0.371,-0.0509999999999999,0.285,0.318,-0.033
"Castellanos, Nick",592206,2026,122,83,0.191,0.244,-0.0529999999999999,0.339,0.4,-0.061,0.239,0.285,-0.0459999999999999
"Thomas, Colby",687515,2026,121,79,0.202,0.182,0.02,0.333,0.357,-0.0239999999999999,0.25,0.248,0.002
"Loperfido, Joey",694388,2026,121,73,0.214,0.229,-0.015,0.33,0.334,-0.004,0.287,0.294,-0.007
"Thomas, Alek",677950,2026,120,87,0.186,0.232,-0.046,0.327,0.374,-0.0469999999999999,0.244,0.282,-0.0379999999999999
"Whitcomb, Shay",694376,2026,120,81,0.202,0.21,-0.0079999999999999,0.333,0.373,-0.0399999999999999,0.246,0.263,-0.017
"Smith, Pavin",656976,2026,118,82,0.19,0.219,-0.0289999999999999,0.305,0.325,-0.02,0.261,0.287,-0.0259999999999999
"Sosa, Lenyn",672820,2026,117,90,0.195,0.222,-0.0269999999999999,0.283,0.345,-0.062,0.214,0.249,-0.035
"Murphy, Sean",669221,2026,117,70,0.17,0.2,-0.03,0.292,0.33,-0.038,0.245,0.271,-0.026
"Yorke, Nick",694377,2026,117,80,0.212,0.235,-0.0229999999999999,0.279,0.335,-0.0559999999999999,0.258,0.289,-0.0309999999999999
"Benson, Will",666181,2026,114,58,0.188,0.189,-0.001,0.333,0.355,-0.0219999999999999,0.29,0.3,-0.01
"Ford, Harry",695670,2026,114,69,0.186,0.184,0.002,0.34,0.323,0.017,0.295,0.288,0.007
"Rojas, Josh",668942,2026,114,92,0.229,0.191,0.038,0.324,0.264,0.06,0.262,0.222,0.04
"Velázquez, Nelson",676369,2026,113,65,0.188,0.232,-0.044,0.406,0.486,-0.0799999999999999,0.287,0.34,-0.053
"Lockridge, Brandon",663604,2026,113,69,0.277,0.216,0.061,0.327,0.263,0.064,0.308,0.258,0.0499999999999999
"Bericoto, Victor",682674,2026,113,79,0.236,0.231,0.0049999999999999,0.418,0.452,-0.034,0.291,0.299,-0.008
"Bader, Harrison",664056,2026,111,73,0.17,0.215,-0.0449999999999999,0.358,0.367,-0.009,0.239,0.272,-0.033
"Brito, Juan",682877,2026,111,78,0.255,0.244,0.011,0.402,0.377,0.025,0.311,0.297,0.014
"Pereira, Everson",677592,2026,111,63,0.235,0.205,0.03,0.439,0.4,0.0389999999999999,0.327,0.299,0.028
"Báez, Joshua",695491,2026,108,68,0.23,0.212,0.018,0.51,0.446,0.064,0.335,0.303,0.032
"Callihan, Tyler",682997,2026,107,59,0.211,0.185,0.0259999999999999,0.389,0.296,0.093,0.294,0.252,0.0419999999999999
"Morel, Christopher",666624,2026,105,63,0.173,0.173,0.0,0.245,0.234,0.0109999999999999,0.216,0.211,0.005
"McAdoo, Charles",807727,2026,102,70,0.255,0.241,0.014,0.362,0.335,0.0269999999999999,0.295,0.279,0.0159999999999999
"Perkins, Blake",663368,2026,101,68,0.157,0.196,-0.039,0.258,0.295,-0.0369999999999999,0.236,0.264,-0.028
"Hays, Austin",669720,2026,100,71,0.271,0.284,-0.0129999999999999,0.396,0.392,0.004,0.294,0.298,-0.004
"Urías, Ramón",602104,2026,100,69,0.151,0.191,-0.04,0.326,0.381,-0.0549999999999999,0.265,0.302,-0.0369999999999999
"Bowen, Jase",687749,2026,99,55,0.151,0.197,-0.046,0.258,0.327,-0.069,0.202,0.248,-0.0459999999999999
"Naylor, Bo",666310,2026,98,67,0.154,0.216,-0.062,0.275,0.4,-0.125,0.22,0.293,-0.0729999999999999
"Bernal, Leo",699024,2026,98,68,0.28,0.267,0.013,0.441,0.463,-0.022,0.331,0.33,0.001
"Fraley, Jake",641584,2026,97,59,0.216,0.196,0.0199999999999999,0.364,0.331,0.0329999999999999,0.29,0.27,0.0199999999999999
"Pereda, Jhonny",640902,2026,97,69,0.287,0.3,-0.013,0.368,0.396,-0.028,0.322,0.341,-0.019
"Stanton, Giancarlo",519317,2026,96,61,0.256,0.245,0.011,0.422,0.466,-0.044,0.316,0.326,-0.01
"Freeman, Cody",683227,2026,96,72,0.25,0.186,0.064,0.321,0.239,0.082,0.293,0.235,0.0579999999999999
"Marchán, Rafael",665561,2026,95,76,0.099,0.176,-0.0769999999999999,0.165,0.241,-0.0759999999999999,0.139,0.202,-0.063
"Roden, Alan",702176,2026,94,70,0.291,0.297,-0.006,0.392,0.419,-0.0269999999999999,0.343,0.361,-0.0179999999999999
"Hernández, Enrique",571771,2026,94,60,0.227,0.223,0.004,0.409,0.373,0.0359999999999999,0.299,0.283,0.016
"Sánchez, Ali",645305,2026,92,63,0.244,0.239,0.005,0.302,0.306,-0.004,0.258,0.256,0.002
"Escarra, J.C.",641555,2026,92,68,0.188,0.206,-0.0179999999999999,0.271,0.308,-0.0369999999999999,0.228,0.257,-0.0289999999999999
"Shewmake, Braden",669699,2026,91,73,0.259,0.246,0.013,0.424,0.411,0.013,0.296,0.294,0.002
"Amador, Adael",691182,2026,91,69,0.275,0.205,0.07,0.487,0.312,0.175,0.364,0.271,0.0929999999999999
"Durán, Rodolfo",660710,2026,91,59,0.146,0.18,-0.034,0.305,0.323,-0.018,0.236,0.257,-0.021
"Watson, Kahlil",696135,2026,91,56,0.239,0.209,0.03,0.341,0.33,0.011,0.266,0.246,0.02
"McCray, Grant",687529,2026,90,52,0.145,0.213,-0.068,0.276,0.355,-0.0789999999999999,0.239,0.295,-0.0559999999999999
"Jenkins, Walker",805805,2026,89,62,0.212,0.238,-0.0259999999999999,0.388,0.396,-0.008,0.297,0.311,-0.014
"Rincones Jr., Gabriel",687282,2026,89,56,0.167,0.15,0.017,0.286,0.276,0.0099999999999999,0.215,0.205,0.01
"Wynns, Austin",642851,2026,89,60,0.146,0.2,-0.054,0.183,0.29,-0.1069999999999999,0.176,0.24,-0.064
"Schuemann, Max",680474,2026,87,51,0.194,0.203,-0.009,0.361,0.336,0.0249999999999999,0.317,0.312,0.005
"De La Cruz, Bryan",650559,2026,86,59,0.28,0.24,0.04,0.413,0.346,0.067,0.336,0.299,0.037
"Fulford, Braxton",690924,2026,85,42,0.176,0.138,0.0379999999999999,0.27,0.226,0.044,0.242,0.209,0.033
"Clarke, Denzel",672016,2026,85,49,0.149,0.162,-0.013,0.162,0.185,-0.0229999999999999,0.192,0.206,-0.0139999999999999
"Haase, Eric",606992,2026,84,49,0.162,0.184,-0.0219999999999999,0.365,0.361,0.004,0.264,0.271,-0.007
"d'Arnaud, Travis",518595,2026,84,52,0.158,0.152,0.006,0.237,0.281,-0.044,0.222,0.234,-0.012
"McCutchen, Andrew",457705,2026,83,52,0.192,0.164,0.0279999999999999,0.26,0.265,-0.005,0.249,0.237,0.012
"Kelenic, Jarred",672284,2026,83,42,0.219,0.231,-0.012,0.288,0.431,-0.143,0.279,0.331,-0.0519999999999999
"Dezenzo, Zach",701305,2026,83,44,0.211,0.191,0.0199999999999999,0.303,0.294,0.009,0.262,0.249,0.013
"Wiemer, Joey",686894,2026,83,41,0.286,0.217,0.0689999999999999,0.514,0.349,0.165,0.397,0.315,0.082
"Serven, Brian",661531,2026,82,57,0.179,0.218,-0.039,0.385,0.372,0.013,0.262,0.274,-0.012
"Knizner, Andrew",668800,2026,80,59,0.219,0.212,0.007,0.356,0.33,0.0259999999999999,0.288,0.274,0.0139999999999999
"Veen, Zac",691728,2026,79,40,0.232,0.194,0.038,0.435,0.338,0.0969999999999999,0.327,0.275,0.0519999999999999
"Thompson, Sterlin",694514,2026,77,48,0.232,0.219,0.013,0.377,0.357,0.02,0.308,0.295,0.013
"Peck, John",807726,2026,77,50,0.169,0.228,-0.059,0.185,0.358,-0.173,0.233,0.32,-0.087
"Callahan, Brett",814430,2026,77,45,0.217,0.217,0.0,0.333,0.386,-0.0529999999999999,0.276,0.298,-0.0219999999999999
"Slater, Austin",596103,2026,74,45,0.231,0.182,0.049,0.277,0.236,0.041,0.271,0.235,0.036
"Jackson, Alex",656577,2026,73,45,0.304,0.187,0.1169999999999999,0.406,0.258,0.148,0.332,0.222,0.11
"Gonzalez, Romy",663853,2026,73,45,0.185,0.231,-0.046,0.308,0.335,-0.027,0.259,0.289,-0.0299999999999999
"Teodosio, Bryce",669326,2026,72,41,0.197,0.17,0.0269999999999999,0.227,0.232,-0.005,0.223,0.211,0.012
"Rodden, Brock",801126,2026,72,38,0.197,0.135,0.062,0.279,0.227,0.052,0.271,0.233,0.038
"Hinds, Rece",677956,2026,71,33,0.143,0.134,0.0089999999999999,0.222,0.174,0.048,0.198,0.184,0.014
"Kuroda-Grauer, Joshua",811965,2026,70,57,0.373,0.295,0.078,0.522,0.386,0.136,0.402,0.312,0.09
"Simon, Ronny",682927,2026,66,51,0.262,0.263,-0.001,0.361,0.377,-0.016,0.297,0.303,-0.006
"Stubbs, Garrett",596117,2026,65,45,0.153,0.177,-0.0239999999999999,0.153,0.215,-0.062,0.178,0.209,-0.031
"Keys, Sean",815873,2026,65,40,0.203,0.219,-0.0159999999999999,0.339,0.362,-0.0229999999999999,0.255,0.27,-0.015
"Cauley, Cam",695508,2026,65,44,0.207,0.192,0.0149999999999999,0.345,0.238,0.1069999999999999,0.279,0.235,0.044
"Madrigal, Nick",663611,2026,63,52,0.278,0.238,0.04,0.315,0.291,0.024,0.313,0.293,0.02
"Short, Zack",670097,2026,62,34,0.14,0.159,-0.0189999999999999,0.18,0.269,-0.089,0.218,0.256,-0.038
"Pozo, Yohel",650968,2026,62,52,0.25,0.253,-0.003,0.317,0.313,0.004,0.251,0.252,-0.001
"Ward, Ryan",669899,2026,60,38,0.218,0.239,-0.0209999999999999,0.455,0.424,0.031,0.319,0.316,0.003
"Espinal, Santiago",669289,2026,60,51,0.268,0.285,-0.0169999999999999,0.375,0.374,0.001,0.282,0.29,-0.008
"Franklin, Christian",681047,2026,59,35,0.18,0.192,-0.012,0.22,0.315,-0.095,0.256,0.291,-0.0349999999999999
"Urías, Luis",649966,2026,59,43,0.25,0.237,0.013,0.481,0.351,0.13,0.345,0.299,0.0459999999999999
"Montes, Lazaro",703155,2026,59,28,0.212,0.195,0.0169999999999999,0.481,0.446,0.0349999999999999,0.334,0.313,0.021
"Eaton, Nate",681987,2026,58,33,0.146,0.175,-0.0289999999999999,0.25,0.289,-0.0389999999999999,0.262,0.285,-0.0229999999999999
"India, Jonathan",663697,2026,58,35,0.167,0.173,-0.0059999999999999,0.313,0.289,0.024,0.291,0.284,0.007
"Mauricio, Ronny",677595,2026,58,37,0.196,0.2,-0.004,0.375,0.386,-0.011,0.26,0.264,-0.004
"Spence, Lucas",828599,2026,58,31,0.208,0.199,0.0089999999999999,0.472,0.395,0.0769999999999999,0.322,0.29,0.032
"Navarreto, Brian",640459,2026,58,34,0.14,0.128,0.012,0.26,0.193,0.067,0.207,0.178,0.0289999999999999
"Rodriguez, Jesus",683679,2026,58,44,0.235,0.267,-0.032,0.412,0.355,0.0569999999999999,0.322,0.315,0.007
"Rivero, Sebastián",665861,2026,56,42,0.25,0.261,-0.011,0.288,0.304,-0.016,0.262,0.272,-0.01
"Groover, LuJames",694410,2026,54,37,0.167,0.215,-0.0479999999999999,0.271,0.328,-0.0569999999999999,0.245,0.286,-0.0409999999999999
"Cook, Billy",695257,2026,54,31,0.173,0.138,0.0349999999999999,0.231,0.19,0.041,0.195,0.163,0.032
"Cole, Zach",805904,2026,53,30,0.157,0.209,-0.0519999999999999,0.353,0.438,-0.085,0.234,0.289,-0.0549999999999999
"Wagaman, Eric",676572,2026,52,35,0.191,0.227,-0.036,0.319,0.362,-0.0429999999999999,0.266,0.296,-0.0299999999999999
"Garcia, Jhostynxon",691373,2026,51,32,0.163,0.211,-0.0479999999999999,0.184,0.301,-0.1169999999999999,0.175,0.24,-0.065
"Tromp, Chadwick",644433,2026,51,38,0.163,0.174,-0.0109999999999999,0.184,0.217,-0.033,0.15,0.17,-0.02
"Arcia, Orlando",606115,2026,50,40,0.271,0.223,0.048,0.354,0.298,0.0559999999999999,0.29,0.245,0.0449999999999999
"Harris, Brett",695391,2026,50,28,0.14,0.161,-0.0209999999999999,0.186,0.233,-0.047,0.212,0.237,-0.0249999999999999
"Wisdom, Patrick",621550,2026,50,26,0.106,0.158,-0.052,0.191,0.359,-0.1679999999999999,0.151,0.236,-0.0849999999999999
"Kennedy, Buddy",671083,2026,49,28,0.116,0.167,-0.051,0.14,0.264,-0.124,0.185,0.249,-0.064
"Johnson, Bryce",669369,2026,49,28,0.178,0.147,0.031,0.222,0.166,0.0559999999999999,0.208,0.172,0.036
"Rodriguez, Emmanuel",691181,2026,48,29,0.178,0.251,-0.073,0.4,0.534,-0.134,0.271,0.354,-0.0829999999999999
"Morales, Yohandy",691002,2026,47,32,0.255,0.258,-0.003,0.596,0.491,0.1049999999999999,0.358,0.317,0.0409999999999999
"Haggerty, Sam",664059,2026,47,28,0.159,0.156,0.003,0.182,0.181,0.001,0.186,0.182,0.004
"Morabito, Nick",703492,2026,46,25,0.195,0.255,-0.06,0.244,0.308,-0.064,0.248,0.296,-0.0479999999999999
"Jorge, Carlos",699115,2026,46,29,0.19,0.22,-0.03,0.31,0.312,-0.002,0.256,0.27,-0.014
"Joe, Connor",656582,2026,45,24,0.179,0.257,-0.078,0.308,0.397,-0.089,0.274,0.337,-0.063
"Wagner, Will",695238,2026,45,28,0.257,0.249,0.008,0.286,0.282,0.004,0.333,0.329,0.004
"Maile, Luke",571912,2026,45,27,0.171,0.141,0.03,0.293,0.218,0.0749999999999999,0.243,0.202,0.0409999999999999
"León, Sandy",506702,2026,44,26,0.091,0.135,-0.044,0.091,0.17,-0.079,0.081,0.132,-0.051
"Misner, Kameron",670224,2026,44,25,0.22,0.185,0.035,0.244,0.242,0.002,0.227,0.209,0.018
"Cheng, Tsung-Che",691907,2026,44,26,0.256,0.237,0.019,0.282,0.392,-0.11,0.274,0.303,-0.0289999999999999
"Hicklen, Brewer",676551,2026,43,19,0.257,0.203,0.0539999999999999,0.4,0.326,0.074,0.36,0.313,0.0469999999999999
"Locklear, Tyler",682988,2026,42,28,0.278,0.252,0.026,0.444,0.427,0.017,0.35,0.334,0.0159999999999999
"De Paula, Josue",800543,2026,42,26,0.323,0.311,0.012,0.581,0.496,0.0849999999999999,0.466,0.437,0.029
"Delgado, Raynel",669384,2026,41,31,0.243,0.228,0.0149999999999999,0.351,0.304,0.0469999999999999,0.291,0.265,0.0259999999999999
"Workman, Gage",669398,2026,41,24,0.171,0.222,-0.0509999999999999,0.415,0.489,-0.074,0.245,0.299,-0.0539999999999999
"Salas, Ethan",806956,2026,40,30,0.256,0.188,0.068,0.462,0.316,0.146,0.316,0.227,0.089
"Arroyo, Michael",703197,2026,40,29,0.353,0.314,0.0389999999999999,0.5,0.426,0.074,0.402,0.37,0.032
"Williams, Carson",700246,2026,40,25,0.108,0.166,-0.058,0.216,0.28,-0.064,0.166,0.217,-0.0509999999999999
"De Los Santos, Deyvison",691277,2026,39,28,0.132,0.197,-0.065,0.184,0.258,-0.074,0.152,0.211,-0.059
"Furman, Nate",801501,2026,39,24,0.125,0.16,-0.035,0.125,0.191,-0.066,0.191,0.227,-0.036
"Meadows, Parker",678009,2026,39,26,0.25,0.212,0.038,0.333,0.277,0.0559999999999999,0.288,0.25,0.0379999999999999
"Valera, George",671655,2026,38,29,0.216,0.193,0.0229999999999999,0.297,0.232,0.0649999999999999,0.235,0.198,0.0369999999999999
"Reyes, Felix",694025,2026,38,29,0.158,0.229,-0.071,0.263,0.314,-0.0509999999999999,0.181,0.233,-0.052
"Perez, Junior",678577,2026,36,21,0.171,0.206,-0.0349999999999999,0.429,0.516,-0.087,0.265,0.312,-0.0469999999999999
"Jiménez, Eloy",650391,2026,35,25,0.29,0.214,0.0759999999999999,0.29,0.289,0.001,0.289,0.256,0.0329999999999999
"Helman, Michael",680737,2026,35,26,0.167,0.147,0.02,0.3,0.208,0.092,0.239,0.2,0.0389999999999999
"Encarnacion, Jerar",666464,2026,35,26,0.176,0.19,-0.014,0.206,0.266,-0.06,0.183,0.21,-0.0269999999999999
"Prieto, César",693409,2026,35,30,0.059,0.239,-0.18,0.059,0.352,-0.293,0.071,0.266,-0.195
"Huff, Sam",669087,2026,34,14,0.121,0.099,0.0219999999999999,0.182,0.184,-0.002,0.147,0.137,0.0099999999999999
"Stevens, Chad",677060,2026,34,16,0.036,0.117,-0.081,0.036,0.186,-0.15,0.129,0.21,-0.0809999999999999
"McGuire, Reese",624512,2026,34,21,0.172,0.186,-0.014,0.172,0.215,-0.043,0.221,0.242,-0.0209999999999999
"Murray, Tanner",695020,2026,33,23,0.214,0.191,0.0229999999999999,0.321,0.39,-0.069,0.256,0.275,-0.019
"Higgins, P.J.",664731,2026,32,22,0.231,0.276,-0.045,0.269,0.326,-0.0569999999999999,0.245,0.287,-0.0419999999999999
"Pham, Tommy",502054,2026,31,15,0.115,0.22,-0.105,0.231,0.35,-0.1189999999999999,0.236,0.317,-0.081
"Nishida, Rikuu",807747,2026,30,25,0.241,0.258,-0.017,0.241,0.306,-0.065,0.215,0.247,-0.032
"Mastrobuoni, Miles",670156,2026,30,18,0.192,0.145,0.047,0.192,0.201,-0.009,0.202,0.184,0.018
"Pinckney, Andrew",687605,2026,29,17,0.28,0.239,0.041,0.48,0.374,0.1059999999999999,0.329,0.297,0.032
"Serna, Jared",691858,2026,29,19,0.154,0.127,0.0269999999999999,0.231,0.179,0.052,0.197,0.183,0.014
"Toglia, Michael",669911,2026,28,14,0.115,0.183,-0.0679999999999999,0.192,0.251,-0.059,0.172,0.222,-0.05
"Barger, Addison",680718,2026,28,16,0.045,0.131,-0.086,0.091,0.185,-0.094,0.17,0.255,-0.0849999999999999
"Alcántara, Kevin",682634,2026,28,15,0.24,0.232,0.0079999999999999,0.36,0.353,0.007,0.282,0.275,0.0069999999999999
"Black, Tyler",672012,2026,28,20,0.333,0.17,0.163,0.481,0.229,0.252,0.364,0.191,0.173
"Alfonzo, Eliezer",672613,2026,28,25,0.179,0.211,-0.032,0.25,0.29,-0.0399999999999999,0.186,0.215,-0.0289999999999999
"Rortvedt, Ben",666163,2026,28,19,0.185,0.22,-0.035,0.185,0.251,-0.066,0.165,0.204,-0.0389999999999999
"Stefanic, Michael",683021,2026,28,20,0.346,0.297,0.0489999999999999,0.385,0.366,0.019,0.349,0.316,0.0329999999999999
"Fairchild, Stuart",656413,2026,27,5,0.158,0.089,0.069,0.158,0.151,0.007,0.307,0.28,0.0269999999999999
"Bandura, Scott",814154,2026,27,10,0.192,0.111,0.081,0.231,0.139,0.092,0.205,0.131,0.0739999999999999
"Kemp, Otto",805249,2026,27,15,0.08,0.162,-0.082,0.08,0.221,-0.141,0.119,0.205,-0.086
"Robinson, Chuckie",642020,2026,26,21,0.087,0.159,-0.072,0.087,0.181,-0.094,0.077,0.149,-0.072
"Santana, Carlos",467793,2026,26,16,0.083,0.142,-0.0589999999999999,0.125,0.192,-0.067,0.137,0.187,-0.0499999999999999
"Ibáñez, Andy",628451,2026,26,22,0.087,0.152,-0.065,0.087,0.205,-0.118,0.095,0.164,-0.069
"Clase, Jonatan",682729,2026,25,14,0.273,0.171,0.102,0.545,0.267,0.278,0.39,0.247,0.143
"Cameron, Daz",663662,2026,25,18,0.208,0.245,-0.037,0.375,0.423,-0.0479999999999999,0.239,0.291,-0.0519999999999999
"Meneses, Joey",608841,2026,25,17,0.15,0.269,-0.119,0.15,0.314,-0.164,0.22,0.327,-0.107
"Kayfus, CJ",692216,2026,25,14,0.182,0.169,0.0129999999999999,0.364,0.427,-0.063,0.289,0.304,-0.015
"Ingle, Cooper",694876,2026,24,9,0.095,0.106,-0.0109999999999999,0.095,0.127,-0.032,0.161,0.175,-0.0139999999999999
"Jones, Greg",675659,2026,24,14,0.087,0.174,-0.087,0.087,0.205,-0.118,0.077,0.164,-0.087
"Brennan, Will",686823,2026,23,20,0.087,0.174,-0.087,0.087,0.238,-0.151,0.077,0.178,-0.1009999999999999
"Ornelas, Jonathan",680716,2026,22,10,0.19,0.155,0.035,0.19,0.198,-0.008,0.194,0.178,0.016
"Cabrera, Oswaldo",665828,2026,22,13,0.1,0.123,-0.0229999999999999,0.15,0.141,0.009,0.108,0.115,-0.007
"Salazar, César",663967,2026,22,15,0.056,0.237,-0.181,0.056,0.328,-0.272,0.169,0.328,-0.159
"Ritter, Ryan",690022,2026,21,12,0.158,0.184,-0.0259999999999999,0.158,0.241,-0.0829999999999999,0.168,0.21,-0.0419999999999999
"Ross, Ben",805346,2026,21,10,0.19,0.16,0.03,0.381,0.275,0.1059999999999999,0.239,0.186,0.0529999999999999
"Matos, Luis",682641,2026,21,13,0.2,0.099,0.101,0.2,0.136,0.064,0.203,0.13,0.073
"Candelario, Jeimer",600869,2026,20,10,0.111,0.167,-0.056,0.222,0.213,0.009,0.198,0.218,-0.0199999999999999
"Fedko, Kyler",693459,2026,19,9,0.0,0.097,-0.097,0.0,0.136,-0.136,0.074,0.166,-0.092
"Kjerstad, Heston",677008,2026,19,10,0.211,0.217,-0.006,0.263,0.249,0.014,0.207,0.205,0.002
"Garcia, Aramis",605244,2026,19,13,0.158,0.198,-0.04,0.316,0.415,-0.0989999999999999,0.202,0.259,-0.0569999999999999
"Johnson, Ivan",671155,2026,19,9,0.063,0.134,-0.071,0.063,0.184,-0.121,0.157,0.226,-0.069
"Banfield, Will",677943,2026,18,13,0.176,0.176,0.0,0.235,0.224,0.0109999999999999,0.169,0.176,-0.0069999999999999
"Davidson, Bo",815589,2026,18,12,0.375,0.303,0.072,0.375,0.372,0.003,0.336,0.301,0.035
"Azócar, José",640492,2026,18,13,0.353,0.282,0.071,0.471,0.345,0.126,0.377,0.298,0.079
"Paris, Kyren",677347,2026,18,7,0.0,0.092,-0.092,0.0,0.151,-0.151,0.116,0.203,-0.087
"Johnson, Daniel",669288,2026,17,11,0.143,0.28,-0.137,0.143,0.32,-0.177,0.23,0.341,-0.111
"Farmer, Kyle",571657,2026,17,13,0.25,0.25,0.0,0.313,0.288,0.025,0.231,0.227,0.004
"Senger, Hayden",663584,2026,17,13,0.133,0.15,-0.0169999999999999,0.333,0.281,0.0519999999999999,0.196,0.181,0.015
"Rodríguez, Johnathan",671286,2026,15,6,0.182,0.138,0.0439999999999999,0.273,0.235,0.038,0.283,0.297,-0.014
"Mountcastle, Ryan",663624,2026,15,12,0.286,0.279,0.0069999999999999,0.357,0.348,0.009,0.309,0.301,0.008
"Velazquez, Andrew",623205,2026,15,13,0.067,0.167,-0.1,0.067,0.2,-0.133,0.059,0.16,-0.101
"Lugo, Matthew",683090,2026,15,8,0.143,0.089,0.0539999999999999,0.143,0.105,0.0379999999999999,0.165,0.125,0.04
"Moore, Dylan",664238,2026,15,6,0.0,0.096,-0.096,0.0,0.178,-0.178,0.14,0.233,-0.093
"Mancini, Trey",641820,2026,14,11,0.308,0.241,0.067,0.462,0.322,0.14,0.305,0.282,0.023
"Price, Collin",805672,2026,13,6,0.167,0.259,-0.092,0.25,0.361,-0.1109999999999999,0.219,0.302,-0.0829999999999999
"Bruján, Vidal",660644,2026,13,11,0.091,0.164,-0.073,0.091,0.231,-0.14,0.132,0.213,-0.0809999999999999
"Dunn, Oliver",686554,2026,12,8,0.091,0.174,-0.0829999999999999,0.091,0.192,-0.101,0.132,0.207,-0.0749999999999999
"Campero, Gustavo",672569,2026,12,8,0.364,0.197,0.1669999999999999,0.455,0.242,0.213,0.328,0.18,0.148
"Tellez, Rowdy",642133,2026,11,7,0.2,0.339,-0.139,0.5,0.828,-0.3279999999999999,0.331,0.506,-0.175
"Piper, Kenny",700652,2026,11,6,0.222,0.125,0.097,0.556,0.332,0.224,0.394,0.282,0.112
"Gonzalez, Gabriel",694224,2026,11,6,0.25,0.137,0.1129999999999999,0.25,0.149,0.101,0.355,0.285,0.07
"Murray Jr., BJ",681230,2026,11,7,0.091,0.069,0.0219999999999999,0.091,0.136,-0.045,0.081,0.086,-0.0049999999999999
"Bliss, Ryan",669208,2026,10,6,0.125,0.203,-0.078,0.125,0.295,-0.1699999999999999,0.159,0.27,-0.111
"Dean, Justin",681909,2026,10,4,0.375,0.266,0.1089999999999999,0.625,0.324,0.301,0.477,0.346,0.131
"Jung, Jace",690291,2026,10,6,0.25,0.339,-0.089,0.25,0.423,-0.173,0.318,0.404,-0.086
"Solak, Nick",669256,2026,10,8,0.143,0.26,-0.117,0.143,0.502,-0.359,0.232,0.373,-0.141
"Triantos, James",701649,2026,9,6,0.125,0.098,0.0269999999999999,0.125,0.116,0.0089999999999999,0.177,0.159,0.0179999999999999
"Leonard, Eddys",678760,2026,8,6,0.25,0.3,-0.0499999999999999,0.375,0.386,-0.011,0.269,0.299,-0.0299999999999999
"Pache, Cristian",665506,2026,8,4,0.125,0.15,-0.0249999999999999,0.125,0.16,-0.035,0.111,0.137,-0.026
"Oliva, Jared",666931,2026,7,6,0.143,0.322,-0.179,0.143,0.379,-0.236,0.127,0.308,-0.181
"Julks, Corey",667452,2026,7,6,0.286,0.172,0.1139999999999999,0.429,0.27,0.1589999999999999,0.307,0.188,0.119
"Berroa, Steward",672642,2026,7,3,0.143,0.226,-0.083,0.143,0.27,-0.127,0.127,0.211,-0.0839999999999999
"Machín, Vimael",605353,2026,6,4,0.5,0.444,0.0559999999999999,0.5,0.511,-0.011,0.445,0.417,0.028
"Barrero, José",676480,2026,6,3,0.167,0.08,0.087,0.167,0.1,0.067,0.148,0.077,0.071
"Porter, Logan",682515,2026,6,2,0.25,0.269,-0.019,0.5,0.363,0.137,0.443,0.414,0.029
"Sabato, Aaron",693306,2026,6,3,0.0,0.088,-0.088,0.0,0.165,-0.165,0.0,0.106,-0.106
"Wilson, Will",669717,2026,6,4,0.2,0.212,-0.0119999999999999,0.8,0.762,0.038,0.458,0.451,0.007
"Bride, Jonah",681146,2026,6,3,0.2,0.109,0.091,0.2,0.213,-0.0129999999999999,0.265,0.229,0.036
"Baker, Luken",663609,2026,5,2,0.2,0.132,0.068,0.2,0.15,0.05,0.178,0.123,0.0549999999999999
"Ross, Shawn",676566,2026,5,3,0.2,0.226,-0.0259999999999999,0.8,0.84,-0.0399999999999999,0.41,0.428,-0.018
"Cruz, Trei",669360,2026,5,2,0.0,0.096,-0.096,0.0,0.127,-0.127,0.0,0.097,-0.097
"Kingery, Scott",664068,2026,4,4,0.25,0.167,0.0829999999999999,0.25,0.19,0.06,0.223,0.156,0.067
"Bae, Jihwan",678225,2026,4,2,0.5,0.193,0.307,0.5,0.195,0.305,0.54,0.361,0.179
"Wendzel, Davis",673995,2026,4,4,0.0,0.224,-0.224,0.0,0.307,-0.307,0.0,0.23,-0.23
"Carlson, Dylan",666185,2026,4,2,0.0,0.067,-0.067,0.0,0.096,-0.096,0.0,0.07,-0.07
"Martin Jr., Rudy",657675,2026,3,1,0.0,0.049,-0.049,0.0,0.053,-0.053,0.233,0.263,-0.03
"Hunt, Blake",675448,2026,3,0,0.0,,,0.0,,,0.0,0.0,0.0
"Martinez, Omar",683079,2026,3,2,0.333,0.116,0.217,0.333,0.136,0.197,0.297,0.111,0.186
"Quero, Jeferson",691620,2026,2,1,0.0,0.306,-0.306,0.0,0.355,-0.355,0.349,0.495,-0.146
"Camargo, Jair",665856,2026,2,1,0.5,0.322,0.178,1.0,0.648,0.352,0.631,0.407,0.224
"Vásquez, Randy",681190,2026,1,1,0.0,0.049,-0.049,0.0,0.05,-0.05,0.0,0.044,-0.044
"Mederos, Victor",682989,2026,1,1,1.0,0.583,0.417,1.0,0.664,0.3359999999999999,0.89,0.543,0.347
"Mikolas, Miles",571945,2026,1,1,,,,,,,,,
"Williams, Luke",663897,2026,1,0,,,,,,,0.698,0.698,0.0
"Siani, Michael",672279,2026,1,1,0.0,0.302,-0.302,0.0,0.353,-0.353,0.0,0.292,-0.292
"Handley, Maverick",668974,2026,1,0,0.0,,,0.0,,,0.0,0.0,0.0
"Keirsey Jr., DaShawn",680577,2026,1,1,1.0,0.983,0.017,1.0,1.111,-0.1109999999999999,0.89,0.917,-0.027
"Brannigan, Jack",687394,2026,1,0,0.0,,,0.0,,,0.0,0.0,0.0
