Name,Team,mlbID,G,PA,HR,R,RBI,SB,AVG,OBP,SLG,OPS,BB%,K%,ISO,P_xwOBA,P_Barrel,P_EV,P_HardHit,P_Whiff,P_K,P_BB
Pete Crow-Armstrong,Chicago,691718,163,730,45,119,107,42,0.278,0.372,0.568,0.939,0.115,0.26,0.29,94.0,90.0,78.0,88.0,38.0,37.1,83.0
Iván Herrera,St. Louis,671056,161,717,19,98,69,8,0.241,0.353,0.382,0.735,0.106,0.192,0.141,71.0,33.0,53.0,48.0,71.0,73.1,76.9
Michael Busch,Chicago,683737,161,714,20,78,77,3,0.24,0.352,0.391,0.743,0.13,0.232,0.151,63.0,60.0,36.0,44.0,39.0,53.1,90.4
Miguel Vargas,Chicago,678246,160,709,33,106,93,22,0.248,0.362,0.471,0.833,0.144,0.179,0.223,96.0,88.0,67.0,69.0,70.0,78.4,94.2
Fernando Tatis Jr.,San Diego,665487,160,708,26,99,84,39,0.291,0.361,0.475,0.836,0.092,0.185,0.184,97.0,85.0,96.0,98.0,39.0,75.0,61.0
Kevin McGonigle,Detroit,805808,156,707,18,97,72,12,0.278,0.376,0.43,0.806,0.134,0.141,0.152,88.0,44.0,30.0,34.0,89.0,90.5,92.1
Alex Bregman,Chicago,608324,156,706,28,92,93,3,0.263,0.353,0.461,0.813,0.108,0.149,0.198,56.0,35.0,34.0,36.0,91.0,87.7,78.4
Kyle Schwarber,Philadelphia,656941,157,705,45,96,97,3,0.233,0.355,0.502,0.857,0.15,0.313,0.269,91.0,97.0,93.0,90.0,5.0,21.2,95.3
Trea Turner,Philadelphia,607208,158,704,19,101,58,21,0.241,0.297,0.377,0.673,0.068,0.21,0.136,14.0,30.0,37.0,44.0,31.0,64.5,37.1
Zach Neto,Los Angeles,687263,157,704,27,102,77,24,0.239,0.33,0.436,0.766,0.099,0.305,0.197,44.0,77.0,64.0,54.0,6.0,23.5,68.6
Matt Olson,Atlanta,621566,163,702,41,99,93,4,0.25,0.319,0.499,0.818,0.091,0.246,0.249,86.0,93.0,93.0,95.0,40.0,44.3,59.9
Junior Caminero,Tampa Bay,691406,162,702,42,100,101,3,0.276,0.36,0.524,0.885,0.113,0.184,0.248,91.0,89.0,95.0,91.0,50.0,75.9,81.8
Gunnar Henderson,Baltimore,683002,158,702,24,88,60,10,0.226,0.311,0.404,0.715,0.095,0.222,0.178,51.0,48.0,47.0,66.0,53.0,57.9,65.2
Pete Alonso,Baltimore,624413,161,700,43,100,113,5,0.267,0.363,0.522,0.884,0.116,0.241,0.255,99.0,96.0,98.0,98.0,34.0,47.4,83.4
Sal Stewart,Cincinnati,701398,162,700,32,87,111,15,0.263,0.33,0.457,0.787,0.09,0.221,0.194,78.0,79.0,76.0,54.0,33.0,58.7,58.9
Bryan Reynolds,Pittsburgh,668804,162,699,17,102,72,9,0.261,0.365,0.424,0.789,0.127,0.232,0.163,88.0,74.0,80.0,85.0,28.0,53.1,89.0
Bryce Harper,Philadelphia,547180,163,697,29,93,87,7,0.267,0.377,0.482,0.859,0.154,0.215,0.215,97.0,69.0,66.0,62.0,14.0,61.6,95.6
Yordan Alvarez,Houston,670541,159,696,42,105,106,1,0.315,0.431,0.599,1.03,0.157,0.172,0.284,100.0,98.0,99.0,97.0,77.0,80.4,95.8
Bo Bichette,New York,666182,160,696,18,76,78,2,0.26,0.312,0.39,0.702,0.07,0.182,0.13,62.0,35.0,54.0,56.0,80.0,76.8,39.0
Nico Hoerner,Chicago,663538,160,693,8,62,72,23,0.264,0.317,0.351,0.669,0.062,0.084,0.087,51.0,2.0,8.0,9.0,97.0,97.7,32.3
Otto Lopez,Miami,672640,157,687,11,94,71,34,0.305,0.349,0.437,0.786,0.058,0.13,0.132,56.0,30.0,47.0,49.0,80.0,93.7,27.8
Ozzie Albies,Atlanta,645277,163,687,22,87,74,4,0.238,0.295,0.395,0.691,0.068,0.153,0.157,3.0,13.0,18.0,5.0,70.0,87.0,37.1
Yandy Díaz,Tampa Bay,650490,154,686,22,93,85,3,0.293,0.359,0.446,0.805,0.082,0.143,0.153,81.0,42.0,82.0,86.0,94.0,90.0,52.0
Wilyer Abreu,Boston,677800,158,684,24,81,76,8,0.248,0.327,0.445,0.772,0.104,0.208,0.197,81.0,84.0,62.0,67.0,46.0,65.4,74.2
Manny Machado,San Diego,592518,159,681,31,84,93,5,0.22,0.306,0.416,0.721,0.113,0.211,0.196,60.0,67.0,67.0,69.0,41.0,63.6,81.8
Geraldo Perdomo,Arizona,672695,157,680,9,75,59,21,0.262,0.37,0.377,0.747,0.141,0.126,0.115,65.0,9.0,27.0,16.0,97.0,94.6,93.7
Brice Turang,Milwaukee,668930,151,680,21,102,100,19,0.268,0.366,0.45,0.816,0.132,0.251,0.182,80.0,48.0,71.0,54.0,55.0,41.6,91.4
Ben Rice,New York,700250,155,672,43,107,103,3,0.268,0.366,0.548,0.915,0.126,0.243,0.28,96.0,94.0,89.0,88.0,40.0,46.1,88.6
Corbin Carroll,Arizona,682998,156,671,22,91,78,21,0.239,0.328,0.467,0.795,0.109,0.225,0.228,75.0,79.0,89.0,84.0,32.0,56.4,79.2
Randy Arozarena,Seattle,668227,154,670,26,113,79,26,0.281,0.381,0.484,0.865,0.101,0.216,0.203,84.0,52.0,80.0,67.0,38.0,61.0,70.3
Alec Burleson,St. Louis,676475,160,670,26,89,116,4,0.279,0.343,0.473,0.816,0.082,0.181,0.194,94.0,75.0,90.0,92.0,59.0,77.2,52.0
Jonathan Aranda,Tampa Bay,666018,155,668,22,73,92,0,0.274,0.358,0.434,0.792,0.103,0.244,0.16,78.0,67.0,83.0,80.0,59.0,45.5,72.5
Jackson Merrill,San Diego,701538,159,668,26,86,89,27,0.256,0.304,0.441,0.745,0.061,0.241,0.185,82.0,82.0,86.0,89.0,31.0,47.4,31.0
Jordan Walker,St. Louis,691023,158,667,29,97,102,22,0.269,0.327,0.466,0.793,0.075,0.261,0.197,74.0,90.0,94.0,91.0,9.0,36.6,43.3
Isaac Paredes,Houston,670623,156,663,25,69,94,0,0.261,0.359,0.445,0.804,0.107,0.134,0.184,52.0,21.0,8.0,10.0,94.0,92.5,77.5
Jo Adell,"Cleveland,Los Angeles",666176,159,660,23,70,94,5,0.24,0.298,0.401,0.7,0.052,0.238,0.161,60.0,58.0,73.0,76.0,28.0,49.6,23.5
Freddie Freeman,Los Angeles,518692,153,657,16,74,70,7,0.288,0.362,0.43,0.792,0.1,0.177,0.142,91.0,52.0,54.0,53.0,53.0,79.1,69.5
Brandon Lowe,Pittsburgh,664040,150,656,35,94,96,2,0.26,0.331,0.493,0.824,0.095,0.288,0.233,63.0,82.0,82.0,79.0,3.0,26.8,65.2
Luis Arraez,"Philadelphia,San Francisco",650333,151,655,6,67,64,10,0.31,0.345,0.419,0.765,0.052,0.043,0.109,31.0,1.0,11.0,1.0,100.0,98.5,23.5
Brandon Nimmo,Texas,607043,155,655,14,65,62,7,0.26,0.324,0.405,0.728,0.078,0.227,0.145,73.0,58.0,91.0,93.0,51.0,55.9,47.1
Daylen Lile,Washington,695734,160,655,22,81,89,15,0.246,0.296,0.429,0.725,0.061,0.194,0.183,53.0,64.0,38.0,37.0,52.0,72.3,31.0
Julio Rodríguez,Seattle,677594,150,654,22,69,71,22,0.247,0.307,0.401,0.708,0.072,0.222,0.154,67.0,57.0,67.0,69.0,36.0,57.9,40.9
CJ Abrams,Washington,682928,152,654,33,93,106,34,0.261,0.336,0.497,0.834,0.087,0.242,0.236,65.0,71.0,56.0,47.0,20.0,46.7,56.7
Carson Benge,New York,701807,156,654,20,86,65,22,0.282,0.346,0.43,0.776,0.076,0.217,0.148,75.0,44.0,43.0,40.0,67.0,60.6,44.3
Josh Naylor,Seattle,647304,152,650,10,58,57,30,0.261,0.317,0.35,0.667,0.069,0.122,0.089,34.0,19.0,17.0,26.0,87.0,94.9,38.0
Chase Meidroth,Chicago,805367,155,647,16,91,64,4,0.277,0.351,0.416,0.767,0.094,0.218,0.139,24.0,20.0,20.0,23.0,78.0,59.9,63.8
Colson Montgomery,Chicago,695657,154,642,32,72,88,1,0.198,0.283,0.408,0.692,0.084,0.355,0.21,16.0,78.0,38.0,50.0,1.0,9.3,54.4
Ian Happ,Chicago,664023,157,640,24,89,68,4,0.217,0.326,0.41,0.735,0.128,0.295,0.193,38.0,73.0,50.0,58.0,16.0,25.2,89.6
William Contreras,Milwaukee,661388,147,640,18,82,94,1,0.27,0.341,0.417,0.758,0.095,0.147,0.147,67.0,56.0,71.0,71.0,73.0,88.4,65.2
Christian Walker,Houston,572233,157,639,29,73,87,0,0.225,0.3,0.426,0.726,0.083,0.23,0.201,29.0,64.0,46.0,49.0,24.0,54.5,53.6
Cole Young,Seattle,702284,160,638,17,76,66,4,0.246,0.312,0.381,0.694,0.069,0.171,0.135,42.0,23.0,35.0,34.0,79.0,81.0,38.0
Seiya Suzuki,Chicago,673548,144,638,26,96,86,3,0.27,0.368,0.473,0.841,0.129,0.243,0.203,74.0,71.0,38.0,42.0,52.0,46.1,90.1
Steven Kwan,Cleveland,680757,151,637,3,80,32,10,0.282,0.382,0.349,0.731,0.133,0.097,0.067,60.0,1.0,2.0,1.0,100.0,97.4,91.8
Elly De La Cruz,Cincinnati,682829,143,636,30,99,79,30,0.283,0.365,0.515,0.88,0.113,0.275,0.232,95.0,98.0,100.0,96.0,29.0,30.7,81.8
Kazuma Okamoto,Toronto,672960,156,636,33,81,92,1,0.232,0.31,0.452,0.762,0.093,0.288,0.22,60.0,89.0,78.0,71.0,7.0,26.8,62.2
Mike Trout,Los Angeles,545361,142,634,22,86,54,11,0.242,0.382,0.421,0.803,0.169,0.26,0.179,98.0,98.0,67.0,81.0,40.0,37.1,97.4
Austin Riley,Atlanta,663586,160,634,20,65,75,9,0.22,0.292,0.369,0.661,0.076,0.317,0.149,21.0,82.0,84.0,72.0,10.0,19.6,44.3
Rafael Devers,San Francisco,646240,148,633,37,88,98,0,0.258,0.34,0.525,0.865,0.109,0.254,0.267,76.0,84.0,96.0,94.0,25.0,40.8,79.2
Alec Bohm,Philadelphia,664761,156,633,15,58,89,2,0.249,0.314,0.384,0.698,0.076,0.139,0.135,56.0,30.0,78.0,69.0,87.0,90.9,44.3
Bobby Witt Jr.,Kansas City,677951,143,632,18,94,54,45,0.281,0.359,0.441,0.8,0.106,0.172,0.16,96.0,76.0,92.0,92.0,45.0,80.4,76.9
Brooks Lee,Minnesota,686797,156,631,24,72,83,8,0.253,0.3,0.428,0.728,0.059,0.162,0.175,7.0,20.0,32.0,22.0,71.0,85.0,28.7
Josh Bell,Minnesota,605137,154,631,21,78,96,2,0.255,0.319,0.419,0.738,0.082,0.197,0.164,70.0,64.0,64.0,56.0,58.0,71.4,52.0
TJ Rumfield,Colorado,681198,155,631,16,67,73,0,0.3,0.39,0.453,0.843,0.114,0.136,0.153,65.0,22.0,2.0,6.0,82.0,91.8,82.6
Kyle Tucker,Los Angeles,663656,154,627,17,90,70,12,0.233,0.33,0.385,0.715,0.124,0.167,0.152,63.0,35.0,37.0,31.0,71.0,82.8,87.9
Salvador Perez,Kansas City,521692,152,627,21,50,78,1,0.229,0.274,0.383,0.656,0.04,0.19,0.154,42.0,71.0,47.0,62.0,43.0,73.8,16.3
Michael Harris II,Atlanta,671739,156,625,26,81,87,12,0.298,0.325,0.493,0.818,0.037,0.19,0.195,76.0,69.0,76.0,84.0,46.0,73.8,14.6
Ketel Marte,Arizona,606466,141,624,22,78,76,4,0.249,0.316,0.432,0.748,0.082,0.138,0.183,85.0,62.0,70.0,64.0,78.0,91.4,52.0
Mauricio Dubón,Atlanta,643289,154,623,12,66,73,10,0.276,0.32,0.399,0.72,0.056,0.12,0.123,28.0,15.0,12.0,10.0,91.0,95.2,26.5
James Wood,Washington,695578,135,623,30,106,77,21,0.265,0.388,0.503,0.891,0.164,0.287,0.238,99.0,100.0,100.0,100.0,17.0,27.3,96.5
Ernie Clement,Toronto,676391,158,621,9,60,48,7,0.259,0.285,0.364,0.649,0.035,0.093,0.105,1.0,2.0,2.0,1.0,93.0,97.6,13.4
Jake Burger,Texas,669394,155,620,28,71,90,4,0.228,0.302,0.421,0.722,0.09,0.269,0.193,39.0,81.0,67.0,78.0,4.0,33.3,58.9
Luke Keaschall,Minnesota,807712,152,620,10,86,52,20,0.282,0.374,0.407,0.781,0.095,0.14,0.125,49.0,13.0,4.0,9.0,87.0,90.6,65.2
Drake Baldwin,Atlanta,686948,139,619,25,85,79,3,0.282,0.355,0.456,0.811,0.089,0.215,0.174,93.0,87.0,86.0,93.0,48.0,61.6,57.9
JJ Wetherholt,St. Louis,802139,139,619,17,89,51,14,0.242,0.339,0.365,0.704,0.103,0.168,0.123,82.0,46.0,59.0,76.0,75.0,82.4,72.5
Shohei Ohtani,Los Angeles,660271,135,618,30,89,81,11,0.275,0.377,0.512,0.889,0.131,0.246,0.237,98.0,99.0,97.0,95.0,11.0,44.3,90.8
Jakob Marsee,Miami,805300,155,616,11,83,41,23,0.231,0.348,0.359,0.706,0.127,0.205,0.128,39.0,13.0,20.0,23.0,84.0,66.3,89.0
Spencer Torkelson,Detroit,679529,159,612,26,66,77,1,0.23,0.331,0.435,0.766,0.116,0.317,0.205,39.0,79.0,54.0,56.0,9.0,19.6,83.4
Bryson Stott,Philadelphia,681082,156,612,10,72,67,27,0.256,0.334,0.4,0.734,0.101,0.167,0.144,62.0,29.0,53.0,36.0,82.0,82.8,70.3
Chandler Simpson,Tampa Bay,802415,151,612,0,66,38,46,0.306,0.333,0.356,0.689,0.042,0.078,0.05,1.0,1.0,1.0,1.0,99.0,98.0,17.1
Jarren Duran,Boston,680776,152,611,20,66,69,21,0.206,0.266,0.36,0.626,0.069,0.272,0.154,24.0,60.0,56.0,45.0,5.0,32.4,38.0
Xander Bogaerts,San Diego,593428,154,610,14,69,58,22,0.233,0.333,0.351,0.684,0.126,0.18,0.118,53.0,27.0,56.0,59.0,55.0,77.7,88.6
Vladimir Guerrero Jr.,Toronto,665489,144,609,9,72,57,7,0.26,0.332,0.356,0.688,0.092,0.133,0.096,63.0,40.0,71.0,72.0,76.0,93.0,61.0
Nick Gonzales,Pittsburgh,693304,148,608,6,72,61,7,0.303,0.367,0.388,0.755,0.071,0.163,0.085,56.0,9.0,11.0,21.0,58.0,84.3,40.0
Dillon Dingler,Detroit,693307,145,607,27,72,91,0,0.243,0.302,0.446,0.749,0.056,0.229,0.203,80.0,68.0,43.0,67.0,60.0,55.1,26.5
Taylor Ward,"Baltimore,Seattle",621493,143,607,7,71,37,4,0.225,0.359,0.311,0.67,0.163,0.214,0.086,67.0,23.0,42.0,38.0,80.0,62.3,96.3
Carter Jensen,Kansas City,695600,149,603,27,80,81,2,0.239,0.323,0.467,0.79,0.108,0.282,0.228,46.0,85.0,86.0,73.0,19.0,28.7,78.4
Nolan Arenado,Arizona,571448,152,599,30,80,86,4,0.255,0.331,0.475,0.806,0.087,0.2,0.22,23.0,41.0,3.0,14.0,50.0,69.1,56.7
Ezequiel Duran,Texas,677649,153,597,17,71,83,12,0.26,0.32,0.419,0.74,0.077,0.236,0.159,23.0,30.0,46.0,40.0,38.0,51.3,45.7
Jake McCarthy,Colorado,664983,147,596,15,80,83,32,0.291,0.334,0.475,0.809,0.05,0.159,0.184,49.0,25.0,4.0,7.0,69.0,86.0,21.8
Xavier Edwards,Miami,669364,142,595,6,61,52,21,0.28,0.36,0.371,0.73,0.114,0.139,0.091,36.0,10.0,13.0,8.0,84.0,90.9,82.6
Brayan Rocchio,Cleveland,677587,153,592,15,66,73,20,0.253,0.313,0.391,0.705,0.064,0.144,0.138,16.0,8.0,17.0,12.0,62.0,89.7,33.6
Riley Greene,Detroit,682985,140,592,21,79,75,3,0.28,0.37,0.474,0.844,0.12,0.265,0.194,93.0,95.0,64.0,80.0,18.0,34.9,86.3
Caleb Durbin,Boston,702332,154,589,13,74,64,20,0.247,0.33,0.376,0.706,0.087,0.134,0.129,13.0,7.0,1.0,4.0,88.0,92.5,56.7
Kody Clemens,Minnesota,665019,145,583,27,74,81,10,0.239,0.298,0.46,0.758,0.067,0.218,0.221,67.0,75.0,89.0,80.0,48.0,59.9,36.3
Jung Hoo Lee,San Francisco,808982,143,579,10,65,57,12,0.276,0.32,0.404,0.724,0.05,0.098,0.128,41.0,5.0,24.0,15.0,96.0,97.3,21.8
Ceddanne Rafaela,Boston,678882,139,579,16,67,70,17,0.281,0.317,0.439,0.756,0.038,0.202,0.158,10.0,25.0,10.0,16.0,45.0,67.9,15.4
Jake Bauers,Milwaukee,641343,144,578,26,93,86,11,0.266,0.389,0.484,0.874,0.163,0.27,0.218,93.0,92.0,91.0,94.0,18.0,32.9,96.3
Jose Altuve,Houston,514888,136,577,16,70,50,5,0.248,0.304,0.392,0.696,0.071,0.198,0.144,2.0,16.0,5.0,14.0,62.0,70.5,40.0
Hunter Goodman,Colorado,696100,138,574,41,84,88,5,0.245,0.31,0.529,0.839,0.08,0.305,0.284,49.0,94.0,62.0,72.0,4.0,23.5,49.2
Andy Pages,Los Angeles,681624,134,574,23,75,85,13,0.274,0.343,0.468,0.811,0.085,0.197,0.194,78.0,51.0,44.0,59.0,62.0,71.4,55.1
Jackson Chourio,Milwaukee,694192,127,573,25,96,75,23,0.291,0.351,0.487,0.837,0.082,0.234,0.196,80.0,81.0,88.0,83.0,43.0,52.3,52.0
Cam Smith,Houston,701358,158,572,21,67,56,12,0.21,0.278,0.389,0.668,0.077,0.26,0.179,42.0,74.0,42.0,67.0,24.0,37.1,45.7
Brandon Marsh,Philadelphia,669016,156,569,18,71,62,11,0.261,0.306,0.41,0.715,0.06,0.25,0.149,24.0,51.0,47.0,61.0,44.0,42.5,30.0
Cody Bellinger,New York,641355,133,566,17,73,73,12,0.264,0.337,0.428,0.765,0.104,0.157,0.164,70.0,38.0,47.0,36.0,76.0,86.5,74.2
Sam Antonacci,Chicago,803011,141,562,8,82,50,20,0.277,0.372,0.395,0.768,0.078,0.146,0.118,84.0,22.0,24.0,21.0,94.0,88.9,47.1
Max Muncy,Los Angeles,571970,149,561,29,81,76,3,0.252,0.348,0.49,0.837,0.116,0.25,0.238,85.0,87.0,64.0,79.0,23.0,42.5,83.4
Chase DeLauter,Cleveland,800050,133,559,16,62,67,11,0.287,0.363,0.457,0.82,0.107,0.147,0.17,81.0,33.0,85.0,81.0,93.0,88.4,77.5
Munetaka Murakami,Chicago,808959,128,558,35,84,78,1,0.208,0.348,0.477,0.825,0.167,0.355,0.269,86.0,100.0,98.0,99.0,1.0,9.3,97.0
Liam Hicks,"Miami,Tampa Bay",689414,142,554,18,66,82,3,0.284,0.367,0.434,0.801,0.101,0.099,0.15,47.0,13.0,3.0,5.0,98.0,97.0,70.3
Jac Caglianone,Kansas City,695506,143,553,23,72,75,7,0.289,0.34,0.494,0.834,0.06,0.26,0.205,89.0,88.0,97.0,98.0,21.0,37.1,30.0
Gabriel Moreno,Arizona,672515,130,549,16,72,83,6,0.311,0.388,0.486,0.874,0.111,0.146,0.175,91.0,48.0,50.0,58.0,91.0,88.9,80.3
Marcus Semien,New York,543760,139,547,15,55,49,10,0.215,0.28,0.34,0.62,0.082,0.19,0.125,23.0,28.0,13.0,20.0,56.0,73.8,52.0
JJ Bleday,Cincinnati,668709,133,545,24,61,58,6,0.217,0.324,0.416,0.74,0.132,0.222,0.199,74.0,63.0,36.0,47.0,36.0,57.9,91.4
Luis García Jr.,"New York,Washington",671277,148,544,30,69,92,5,0.277,0.309,0.52,0.829,0.046,0.178,0.243,75.0,79.0,85.0,80.0,71.0,79.0,19.6
José Ramírez,Cleveland,608070,125,544,12,71,53,37,0.235,0.32,0.368,0.688,0.11,0.127,0.133,53.0,16.0,38.0,40.0,91.0,94.4,79.7
Willson Contreras,Boston,575929,131,539,27,68,81,3,0.272,0.383,0.511,0.894,0.109,0.256,0.239,95.0,90.0,62.0,72.0,13.0,39.6,79.2
Lawrence Butler,Athletics,671732,153,539,17,64,62,10,0.237,0.326,0.394,0.72,0.113,0.256,0.157,55.0,56.0,59.0,73.0,35.0,39.6,81.8
Dominic Canzone,Seattle,686527,146,533,23,60,77,2,0.264,0.336,0.484,0.82,0.09,0.206,0.22,90.0,79.0,83.0,76.0,37.0,66.0,58.9
Jazz Chisholm Jr.,New York,665862,137,532,19,69,55,41,0.231,0.312,0.399,0.711,0.105,0.295,0.168,16.0,53.0,73.0,62.0,13.0,25.2,75.9
Masyn Winn,St. Louis,691026,136,532,5,54,56,10,0.232,0.308,0.317,0.625,0.09,0.218,0.085,20.0,11.0,35.0,24.0,51.0,59.9,58.9
Garrett Mitchell,Milwaukee,669003,145,531,11,74,65,14,0.262,0.354,0.416,0.771,0.113,0.315,0.154,88.0,77.0,96.0,96.0,2.0,20.5,81.8
Cal Raleigh,Seattle,663728,126,530,23,49,69,2,0.182,0.296,0.368,0.664,0.136,0.309,0.186,37.0,93.0,67.0,46.0,11.0,21.7,92.6
Mookie Betts,Los Angeles,605141,123,528,23,71,69,2,0.257,0.326,0.454,0.78,0.089,0.11,0.197,73.0,50.0,70.0,37.0,96.0,96.2,57.9
Daulton Varsho,"Houston,Toronto",662139,140,526,12,51,40,12,0.221,0.281,0.355,0.637,0.074,0.203,0.134,8.0,40.0,13.0,31.0,66.0,67.3,42.4
Jeff McNeil,Athletics,643446,144,520,9,52,59,8,0.264,0.313,0.368,0.681,0.06,0.113,0.104,21.0,2.0,10.0,11.0,90.0,95.9,30.0
Isaac Collins,Kansas City,686555,145,519,6,47,40,8,0.213,0.32,0.321,0.641,0.123,0.231,0.108,18.0,24.0,32.0,44.0,67.0,53.9,87.6
Travis Bazzana,Cleveland,683953,124,517,15,56,57,19,0.245,0.335,0.408,0.742,0.108,0.207,0.163,21.0,24.0,27.0,29.0,53.0,65.7,78.4
George Springer,Toronto,543807,126,517,15,59,54,12,0.249,0.321,0.405,0.726,0.091,0.184,0.156,29.0,38.0,38.0,39.0,52.0,75.9,59.9
Kyle Stowers,Miami,669065,121,512,21,57,65,1,0.239,0.331,0.459,0.789,0.102,0.314,0.22,60.0,87.0,93.0,99.0,2.0,20.9,71.3
Royce Lewis,Minnesota,668904,125,509,15,51,57,16,0.227,0.287,0.38,0.667,0.075,0.255,0.153,29.0,71.0,62.0,47.0,7.0,40.3,43.3
Andrés Giménez,Toronto,665926,148,508,9,38,59,20,0.244,0.291,0.359,0.649,0.033,0.185,0.115,4.0,11.0,4.0,3.0,49.0,75.0,12.2
Ezequiel Tovar,Colorado,678662,146,506,13,57,44,8,0.219,0.264,0.353,0.617,0.057,0.255,0.134,7.0,41.0,20.0,20.0,22.0,40.3,27.2
Heriberto Hernández,Miami,681715,130,505,25,51,67,13,0.228,0.313,0.442,0.755,0.103,0.265,0.214,82.0,85.0,86.0,87.0,9.0,34.9,72.5
Willy Adames,San Francisco,642715,121,505,21,62,51,5,0.23,0.289,0.424,0.713,0.073,0.275,0.194,19.0,58.0,22.0,40.0,26.0,30.7,41.5
Ty France,San Diego,664034,134,504,21,60,72,1,0.297,0.364,0.502,0.866,0.073,0.214,0.205,56.0,60.0,86.0,84.0,29.0,62.3,41.5
Cedric Mullins,Tampa Bay,656775,137,502,15,56,48,21,0.205,0.284,0.344,0.628,0.086,0.193,0.139,2.0,19.0,32.0,19.0,62.0,72.8,56.0
Christian Yelich,Milwaukee,592885,118,500,12,69,59,11,0.235,0.315,0.378,0.692,0.098,0.27,0.143,33.0,64.0,44.0,64.0,20.0,32.9,67.7
Eugenio Suárez,Cincinnati,553993,125,498,26,50,74,1,0.212,0.307,0.433,0.74,0.104,0.339,0.221,27.0,84.0,37.0,29.0,4.0,11.5,74.2
Tristan Peters,Chicago,671976,157,496,12,63,56,8,0.265,0.336,0.435,0.771,0.075,0.183,0.17,39.0,25.0,24.0,22.0,56.0,76.4,43.3
Matt McLain,Cincinnati,680574,134,496,15,59,40,20,0.185,0.274,0.334,0.608,0.097,0.28,0.149,14.0,59.0,30.0,26.0,27.0,29.1,66.9
Nasim Nuñez,Washington,683083,147,493,1,55,37,49,0.209,0.291,0.244,0.535,0.099,0.201,0.035,2.0,1.0,3.0,2.0,67.0,68.5,68.6
A.J. Ewing,New York,805999,120,492,11,55,43,25,0.252,0.324,0.376,0.7,0.093,0.254,0.124,48.0,46.0,56.0,59.0,46.0,40.8,62.2
Teoscar Hernández,Los Angeles,606192,125,491,16,66,64,5,0.267,0.334,0.425,0.759,0.086,0.275,0.158,65.0,71.0,71.0,73.0,8.0,30.7,56.0
Javier Sanoja,Miami,691594,144,490,11,50,69,11,0.295,0.333,0.458,0.791,0.055,0.08,0.163,18.0,8.0,18.0,17.0,97.0,97.9,25.7
Dansby Swanson,Chicago,621020,127,489,19,82,69,17,0.211,0.295,0.394,0.69,0.104,0.237,0.183,24.0,44.0,47.0,48.0,15.0,50.4,74.2
J.P. Crawford,Seattle,641487,116,489,14,54,40,1,0.221,0.335,0.352,0.687,0.131,0.198,0.131,47.0,33.0,28.0,24.0,86.0,70.5,90.8
Jeremy Peña,Houston,665161,113,487,22,83,56,12,0.277,0.324,0.475,0.799,0.049,0.238,0.198,55.0,43.0,38.0,43.0,11.0,49.6,20.9
Ildemaro Vargas,Arizona,545121,142,486,9,62,67,3,0.254,0.298,0.377,0.675,0.056,0.101,0.123,20.0,10.0,22.0,25.0,92.0,96.8,26.5
Trent Grisham,New York,663757,122,485,18,67,59,9,0.21,0.308,0.394,0.702,0.126,0.184,0.184,72.0,64.0,78.0,78.0,83.0,75.9,88.6
Leody Taveras,Baltimore,665750,139,482,8,58,56,11,0.219,0.288,0.345,0.633,0.085,0.257,0.126,3.0,16.0,31.0,18.0,49.0,38.7,55.1
Juan Soto,New York,665742,111,482,27,63,68,9,0.275,0.393,0.515,0.908,0.162,0.135,0.24,100.0,92.0,94.0,86.0,71.0,92.1,96.1
Vinnie Pasquantino,Kansas City,686469,114,481,17,54,63,5,0.249,0.333,0.428,0.76,0.106,0.158,0.179,73.0,63.0,66.0,56.0,92.0,86.3,76.9
Jake Mangum,Pittsburgh,663968,133,479,5,56,33,23,0.276,0.331,0.363,0.694,0.052,0.194,0.087,10.0,5.0,8.0,6.0,67.0,72.3,23.5
Willi Castro,Colorado,650489,120,477,15,65,56,10,0.26,0.331,0.417,0.748,0.086,0.27,0.157,33.0,51.0,27.0,45.0,13.0,32.9,56.0
Kyle Karros,Colorado,691720,131,475,13,63,49,5,0.253,0.347,0.414,0.761,0.114,0.211,0.161,67.0,54.0,59.0,52.0,46.0,63.6,82.6
Vaughn Grissom,Los Angeles,687093,119,474,13,47,72,1,0.242,0.307,0.386,0.693,0.065,0.184,0.144,33.0,39.0,24.0,26.0,62.0,75.9,34.4
Brett Baty,New York,683146,143,473,11,53,56,5,0.236,0.309,0.371,0.681,0.093,0.264,0.135,49.0,69.0,73.0,56.0,22.0,35.9,62.2
Henry Bolte,Athletics,703607,119,473,11,57,38,21,0.277,0.359,0.405,0.764,0.082,0.281,0.128,44.0,52.0,82.0,88.0,7.0,28.9,52.0
Ronald Acuña Jr.,Atlanta,660670,108,473,20,61,55,21,0.253,0.345,0.448,0.792,0.112,0.218,0.195,92.0,88.0,56.0,67.0,25.0,59.9,81.0
Jacob Young,Washington,696285,140,471,10,57,50,18,0.252,0.318,0.39,0.707,0.07,0.166,0.138,38.0,27.0,28.0,15.0,71.0,83.4,39.0
Wyatt Langford,Texas,694671,110,471,17,64,44,15,0.238,0.333,0.421,0.754,0.117,0.227,0.183,47.0,51.0,38.0,31.0,41.0,55.9,84.0
Andrew Benintendi,Chicago,643217,142,470,15,58,78,1,0.239,0.303,0.412,0.715,0.085,0.24,0.173,31.0,56.0,50.0,77.0,28.0,48.0,55.1
Nathan Church,St. Louis,701675,142,470,10,53,50,10,0.247,0.29,0.364,0.654,0.053,0.172,0.117,8.0,25.0,5.0,12.0,75.0,80.4,24.3
J.T. Realmuto,Philadelphia,592663,124,470,11,52,53,3,0.206,0.283,0.336,0.619,0.079,0.215,0.13,44.0,27.0,54.0,46.0,50.0,61.6,48.2
Francisco Lindor,New York,596019,105,469,21,63,49,3,0.225,0.309,0.423,0.733,0.098,0.203,0.198,63.0,59.0,88.0,91.0,43.0,67.3,67.7
Tyler Stephenson,Cincinnati,663886,130,468,15,41,54,0,0.241,0.323,0.404,0.727,0.105,0.274,0.163,55.0,82.0,80.0,71.0,36.0,31.2,75.9
Shea Langeliers,Athletics,669127,106,467,23,58,58,3,0.262,0.328,0.474,0.802,0.079,0.233,0.212,87.0,90.0,84.0,64.0,26.0,52.6,48.2
Justin Crawford,Philadelphia,702222,150,466,3,48,41,17,0.263,0.309,0.352,0.661,0.058,0.176,0.089,9.0,2.0,18.0,25.0,84.0,79.4,27.8
José Caballero,New York,676609,136,456,14,50,51,34,0.231,0.29,0.365,0.655,0.064,0.243,0.134,5.0,18.0,1.0,4.0,30.0,46.1,33.6
Evan Carter,Texas,694497,141,455,9,52,40,17,0.194,0.288,0.315,0.602,0.103,0.251,0.121,6.0,21.0,27.0,24.0,24.0,41.6,72.5
Coby Mayo,Baltimore,691723,132,454,24,64,63,4,0.228,0.297,0.461,0.759,0.079,0.304,0.233,71.0,91.0,84.0,83.0,20.0,23.8,48.2
Tyler Soderstrom,Athletics,691016,109,453,19,58,56,2,0.245,0.338,0.472,0.81,0.117,0.201,0.227,56.0,63.0,79.0,78.0,57.0,68.5,84.0
Michael Massey,Kansas City,686681,131,452,13,49,50,3,0.272,0.303,0.428,0.731,0.046,0.166,0.156,31.0,33.0,50.0,42.0,80.0,83.4,19.6
Ryan O\'Hearn,Pittsburgh,656811,110,451,18,58,76,1,0.265,0.33,0.44,0.77,0.078,0.22,0.175,39.0,39.0,47.0,58.0,59.0,59.0,47.1
Spencer Horwitz,Pittsburgh,687462,114,451,10,45,49,1,0.244,0.344,0.364,0.707,0.12,0.162,0.12,34.0,27.0,13.0,13.0,88.0,85.0,86.3
Nathan Lukes,Toronto,664770,125,450,10,48,41,1,0.277,0.327,0.387,0.715,0.056,0.142,0.11,14.0,7.0,17.0,9.0,90.0,90.3,26.5
Troy Johnston,Colorado,687859,128,449,4,41,50,4,0.277,0.348,0.393,0.741,0.082,0.185,0.116,52.0,4.0,59.0,33.0,46.0,75.0,52.0
Bryce Eldridge,San Francisco,805811,107,448,17,50,57,1,0.269,0.364,0.461,0.825,0.132,0.266,0.192,90.0,76.0,95.0,96.0,33.0,34.2,91.4
Nolan Schanuel,Los Angeles,694384,107,446,7,43,49,1,0.276,0.351,0.385,0.736,0.094,0.13,0.109,67.0,6.0,22.0,18.0,88.0,93.7,63.8
Heliot Ramos,"New York,San Francisco",671218,113,445,13,48,46,4,0.243,0.303,0.408,0.711,0.07,0.276,0.165,60.0,92.0,92.0,87.0,22.0,30.0,39.0
Josh Jung,Texas,673962,104,444,12,54,42,1,0.299,0.365,0.462,0.827,0.079,0.18,0.163,84.0,43.0,79.0,90.0,82.0,77.7,48.2
Dylan Crews,Washington,686611,109,443,13,55,44,12,0.223,0.289,0.374,0.663,0.068,0.242,0.151,44.0,62.0,71.0,66.0,21.0,46.7,37.1
Mickey Moniak,Colorado,666160,117,436,23,49,65,1,0.238,0.278,0.48,0.758,0.05,0.275,0.242,6.0,64.0,59.0,54.0,16.0,30.7,21.8
Corey Seager,Texas,608369,101,436,20,57,51,2,0.227,0.312,0.424,0.736,0.103,0.236,0.197,86.0,95.0,89.0,89.0,6.0,51.3,72.5
Zack Gelof,Athletics,680869,111,435,22,76,55,16,0.256,0.322,0.475,0.796,0.071,0.246,0.219,52.0,73.0,59.0,62.0,23.0,44.3,40.0
Nick Kurtz,Athletics,701762,99,434,21,62,69,7,0.256,0.396,0.483,0.879,0.182,0.325,0.227,94.0,99.0,98.0,100.0,1.0,15.9,98.1
Taylor Walls,Tampa Bay,670764,124,433,2,60,36,21,0.222,0.309,0.298,0.607,0.104,0.242,0.076,1.0,4.0,5.0,2.0,65.0,46.7,74.2
Trevor Larnach,Minnesota,663616,122,433,13,57,48,2,0.269,0.352,0.436,0.788,0.104,0.182,0.167,56.0,46.0,28.0,32.0,34.0,76.8,74.2
Joc Pederson,Texas,592626,136,432,26,56,53,2,0.235,0.329,0.487,0.816,0.113,0.236,0.252,78.0,75.0,91.0,93.0,18.0,51.3,81.8
Jake Cronenworth,San Diego,630105,110,429,7,46,41,9,0.226,0.308,0.32,0.628,0.089,0.228,0.094,4.0,14.0,20.0,11.0,69.0,55.5,57.9
Nathaniel Lowe,"Cincinnati,Cleveland",663993,125,429,17,38,64,0,0.252,0.317,0.444,0.761,0.089,0.231,0.192,70.0,54.0,56.0,53.0,65.0,53.9,57.9
Carson Kelly,Chicago,608348,121,428,10,57,58,0,0.256,0.334,0.373,0.707,0.093,0.166,0.117,36.0,24.0,13.0,29.0,78.0,83.4,62.2
Nick Loftin,Kansas City,679845,118,426,8,42,45,4,0.24,0.322,0.388,0.71,0.096,0.171,0.148,14.0,18.0,13.0,11.0,84.0,81.0,66.1
Zach McKinstry,Detroit,656716,129,423,4,42,26,3,0.199,0.288,0.294,0.582,0.099,0.163,0.095,9.0,2.0,7.0,3.0,86.0,84.3,68.6
Colt Keith,Detroit,690993,140,423,10,51,36,6,0.258,0.322,0.406,0.728,0.076,0.199,0.148,65.0,47.0,42.0,58.0,61.0,69.6,44.3
Francisco Alvarez,New York,682626,113,420,16,38,43,0,0.233,0.311,0.399,0.71,0.093,0.307,0.166,51.0,96.0,80.0,86.0,3.0,22.2,62.2
Gleyber Torres,Detroit,650402,96,420,8,57,38,0,0.26,0.364,0.363,0.727,0.136,0.193,0.103,53.0,32.0,9.0,17.0,59.0,72.8,92.6
Gavin Sheets,San Diego,657757,124,419,17,47,48,4,0.212,0.313,0.397,0.709,0.117,0.203,0.185,42.0,42.0,22.0,38.0,71.0,67.3,84.0
Oneil Cruz,Pittsburgh,665833,97,419,20,65,67,30,0.28,0.368,0.486,0.854,0.112,0.332,0.206,87.0,96.0,99.0,96.0,2.0,14.5,81.0
Angel Martínez,Cleveland,682657,114,416,18,49,62,11,0.254,0.29,0.465,0.756,0.031,0.219,0.211,21.0,43.0,24.0,26.0,73.0,59.2,11.3
Joey Ortiz,Milwaukee,687401,134,415,9,49,47,9,0.27,0.328,0.402,0.73,0.084,0.198,0.132,20.0,15.0,47.0,34.0,77.0,70.5,54.4
Adley Rutschman,"Baltimore,Boston",668939,100,414,13,44,60,0,0.242,0.314,0.424,0.738,0.094,0.169,0.182,56.0,41.0,44.0,39.0,89.0,81.9,63.8
Mike Yastrzemski,Atlanta,573262,140,412,12,51,42,1,0.225,0.308,0.378,0.686,0.1,0.24,0.153,33.0,39.0,73.0,64.0,53.0,48.0,69.5
Casey Schmitt,San Francisco,669477,98,409,21,47,55,9,0.271,0.301,0.483,0.784,0.027,0.198,0.212,88.0,81.0,64.0,73.0,67.0,70.5,10.0
Byron Buxton,Minnesota,621439,93,408,25,65,46,7,0.254,0.319,0.511,0.829,0.074,0.245,0.257,78.0,97.0,70.0,82.0,12.0,44.9,42.4
Richie Palacios,Tampa Bay,680700,124,399,10,51,57,17,0.235,0.33,0.374,0.704,0.115,0.17,0.139,29.0,15.0,9.0,8.0,73.0,81.5,83.0
Samuel Basallo,Baltimore,694212,112,399,18,40,54,0,0.222,0.291,0.406,0.696,0.08,0.266,0.184,46.0,78.0,73.0,62.0,12.0,34.2,49.2
Drew Gilbert,San Francisco,687551,134,393,11,53,43,3,0.238,0.33,0.394,0.724,0.099,0.181,0.156,67.0,29.0,13.0,33.0,60.0,77.2,68.6
Austin Wells,New York,669224,123,392,14,40,34,4,0.19,0.294,0.335,0.629,0.122,0.263,0.145,23.0,48.0,50.0,62.0,30.0,36.4,87.2
Colton Cowser,Baltimore,681297,142,392,13,41,40,10,0.226,0.317,0.37,0.687,0.117,0.309,0.144,41.0,62.0,31.0,52.0,8.0,21.7,84.0
Jonah Heim,"Athletics,Atlanta",641680,105,390,13,34,43,0,0.204,0.262,0.366,0.627,0.069,0.179,0.162,10.0,29.0,20.0,17.0,67.0,78.4,38.0
David Hamilton,Milwaukee,666152,121,387,4,49,26,30,0.245,0.314,0.336,0.65,0.083,0.222,0.091,4.0,11.0,13.0,6.0,66.0,57.9,53.6
Paul Goldschmidt,New York,502671,106,385,18,45,52,1,0.25,0.314,0.448,0.763,0.081,0.223,0.198,36.0,67.0,13.0,28.0,37.0,57.3,50.3
Spencer Steer,Cincinnati,668715,98,384,16,54,40,3,0.238,0.319,0.421,0.739,0.091,0.224,0.183,76.0,82.0,59.0,43.0,41.0,57.0,59.9
Sal Frelick,Milwaukee,686217,111,384,4,36,40,7,0.23,0.295,0.319,0.614,0.081,0.099,0.089,7.0,5.0,7.0,4.0,99.0,97.0,50.3
Connor Norby,"Colorado,Miami",681393,105,383,7,36,34,10,0.243,0.342,0.377,0.719,0.104,0.282,0.134,34.0,47.0,22.0,29.0,25.0,28.7,74.2
Victor Caratini,Minnesota,605170,106,382,7,28,44,0,0.22,0.312,0.315,0.627,0.089,0.209,0.095,29.0,33.0,50.0,37.0,57.0,65.1,57.9
Carlos Cortes,Athletics,666126,124,381,10,30,43,2,0.251,0.318,0.397,0.714,0.081,0.165,0.146,24.0,30.0,36.0,27.0,62.0,83.8,50.3
Lane Thomas,"Atlanta,Kansas City",657041,118,374,11,37,40,9,0.224,0.318,0.383,0.702,0.118,0.249,0.159,36.0,35.0,50.0,50.0,57.0,43.3,84.6
Cole Carrigg,Colorado,694249,93,372,12,50,53,11,0.279,0.341,0.477,0.818,0.075,0.239,0.198,42.0,35.0,32.0,34.0,42.0,48.7,43.3
Oswald Peraza,Los Angeles,672724,123,370,7,33,25,12,0.226,0.282,0.334,0.616,0.046,0.3,0.108,3.0,32.0,24.0,29.0,15.0,24.3,19.6
Jonny DeLuca,Tampa Bay,676356,112,370,11,44,50,17,0.266,0.3,0.429,0.728,0.046,0.211,0.163,1.0,12.0,7.0,13.0,44.0,63.6,19.6
José Fermín,St. Louis,665877,118,370,6,33,41,8,0.248,0.309,0.355,0.663,0.081,0.135,0.107,13.0,4.0,9.0,15.0,96.0,92.1,50.3
Ryan Jeffers,Minnesota,680777,92,369,14,49,56,1,0.256,0.353,0.461,0.814,0.125,0.179,0.205,80.0,69.0,38.0,50.0,85.0,78.4,88.1
Braden Montgomery,Chicago,695731,94,369,6,48,38,1,0.229,0.314,0.352,0.666,0.103,0.201,0.123,53.0,19.0,44.0,50.0,17.0,68.5,72.5
Yainer Diaz,Houston,673237,99,365,14,38,45,0,0.282,0.31,0.454,0.764,0.033,0.162,0.172,37.0,40.0,50.0,40.0,61.0,85.0,12.2
Jorbit Vivas,Washington,678391,121,364,3,32,31,2,0.238,0.331,0.322,0.652,0.113,0.146,0.084,14.0,9.0,1.0,2.0,83.0,88.9,81.8
Hao-Yu Lee,Detroit,701678,114,364,10,40,46,3,0.264,0.322,0.424,0.747,0.082,0.239,0.16,27.0,56.0,54.0,53.0,32.0,48.7,52.0
Dylan Beavers,Baltimore,687637,103,363,9,41,44,5,0.228,0.307,0.373,0.68,0.096,0.273,0.145,18.0,54.0,30.0,38.0,41.0,31.7,66.1
Ryan McMahon,New York,641857,125,362,11,34,41,3,0.213,0.28,0.356,0.635,0.08,0.293,0.143,20.0,59.0,76.0,73.0,16.0,25.7,49.2
Jared Triolo,Pittsburgh,669707,125,362,3,34,29,13,0.238,0.307,0.302,0.61,0.077,0.199,0.064,9.0,6.0,10.0,18.0,62.0,69.6,45.7
Jorge Soler,Los Angeles,624585,86,361,12,36,49,0,0.203,0.291,0.373,0.664,0.097,0.327,0.17,16.0,73.0,37.0,61.0,1.0,15.2,66.9
Austin Martin,Minnesota,668885,118,358,3,42,24,12,0.228,0.341,0.315,0.655,0.126,0.19,0.087,27.0,9.0,13.0,7.0,76.0,73.8,88.6
Kyle Manzardo,Cleveland,700932,102,356,13,40,39,0,0.215,0.306,0.378,0.684,0.101,0.32,0.163,31.0,78.0,54.0,51.0,14.0,17.9,70.3
Brady House,Washington,691781,95,355,10,44,46,3,0.247,0.313,0.397,0.71,0.082,0.256,0.15,65.0,63.0,67.0,85.0,18.0,39.6,52.0
Keibert Ruiz,Washington,660688,105,354,10,44,48,2,0.28,0.316,0.443,0.759,0.045,0.105,0.163,12.0,22.0,32.0,32.0,96.0,96.7,18.5
Luis Rengifo,"Milwaukee,San Diego",650859,95,354,4,38,36,6,0.24,0.319,0.317,0.636,0.096,0.138,0.077,28.0,16.0,28.0,22.0,76.0,91.4,66.1
Jackson Holliday,Baltimore,702616,98,354,7,45,30,8,0.229,0.3,0.34,0.64,0.096,0.237,0.111,14.0,35.0,17.0,19.0,33.0,50.4,66.1
Moisés Ballesteros,"Chicago,Los Angeles",694208,104,352,9,26,35,1,0.215,0.281,0.331,0.612,0.085,0.233,0.116,13.0,54.0,67.0,77.0,27.0,52.6,55.1
Matt Chapman,San Francisco,656305,84,352,7,35,42,0,0.235,0.324,0.368,0.692,0.105,0.23,0.133,11.0,38.0,34.0,27.0,55.0,54.5,75.9
Tim Tawa,Arizona,694374,104,351,11,41,42,8,0.24,0.297,0.393,0.689,0.077,0.239,0.153,41.0,70.0,76.0,69.0,30.0,48.7,45.7
Andruw Monasterio,Boston,655316,107,349,6,35,43,4,0.232,0.293,0.368,0.661,0.074,0.198,0.136,12.0,35.0,22.0,13.0,81.0,70.5,42.4
Patrick Bailey,"Cleveland,San Francisco",672275,112,345,10,31,37,3,0.206,0.272,0.335,0.607,0.081,0.267,0.129,31.0,48.0,76.0,60.0,34.0,33.7,50.3
Maikel Garcia,Kansas City,672580,82,344,3,40,38,5,0.268,0.334,0.381,0.715,0.093,0.145,0.113,46.0,18.0,59.0,47.0,95.0,89.4,62.2
Josh Lowe,Los Angeles,666139,114,343,12,32,29,10,0.209,0.273,0.36,0.633,0.073,0.306,0.151,9.0,59.0,43.0,33.0,10.0,22.8,41.5
Jared Young,New York,676724,103,342,9,46,39,3,0.266,0.33,0.429,0.759,0.073,0.184,0.163,49.0,48.0,73.0,82.0,48.0,75.9,41.5
Konnor Griffin,Pittsburgh,804606,80,339,6,43,33,23,0.272,0.324,0.404,0.728,0.059,0.242,0.132,,,,,,46.7,28.7
Wade Meckler,Los Angeles,685133,98,337,3,43,27,8,0.3,0.373,0.387,0.76,0.095,0.187,0.087,,,,,,74.4,65.2
Jacob Wilson,Athletics,805779,80,337,7,37,37,4,0.266,0.298,0.388,0.685,0.036,0.116,0.122,,,,,,95.6,13.8
Dane Myers,Cincinnati,667472,117,334,8,39,27,10,0.257,0.344,0.377,0.721,0.111,0.246,0.12,,,,,,44.3,80.3
Lars Nootbaar,"Arizona,St. Louis",663457,90,334,8,39,33,2,0.239,0.342,0.379,0.721,0.138,0.21,0.14,,,,,,64.5,93.0
Tommy Edman,Los Angeles,669242,84,331,8,44,42,7,0.247,0.329,0.385,0.714,0.066,0.202,0.138,,,,,,67.9,35.5
Andrew Vaughn,Milwaukee,683734,104,331,6,33,43,0,0.306,0.39,0.444,0.834,0.106,0.16,0.138,,,,,,85.6,76.9
Owen Caissie,Miami,683357,108,330,14,45,58,5,0.22,0.288,0.412,0.7,0.082,0.373,0.192,,,,,,7.8,52.0
Myles Straw,Toronto,664702,145,330,3,44,26,7,0.241,0.304,0.342,0.646,0.082,0.133,0.101,,,,,,93.0,52.0
Joe Mack,Miami,691788,105,330,14,40,52,0,0.234,0.282,0.403,0.685,0.058,0.248,0.169,,,,,,43.5,27.8
Curtis Mead,"Boston,Washington",678554,88,329,17,49,48,6,0.253,0.353,0.498,0.851,0.119,0.191,0.245,,,,,,73.4,85.4
Kyle Isbel,Kansas City,664728,100,323,6,32,24,6,0.224,0.268,0.323,0.591,0.046,0.229,0.099,,,,,,55.1,19.6
Nick Fortes,Tampa Bay,663743,110,323,6,33,35,0,0.258,0.304,0.376,0.68,0.037,0.139,0.118,,,,,,90.9,14.6
Griffin Conine,Miami,665052,94,323,19,45,43,4,0.264,0.353,0.493,0.846,0.105,0.294,0.229,,,,,,25.5,75.9
Rhys Hoskins,Cleveland,656555,95,317,13,33,38,1,0.179,0.306,0.376,0.682,0.148,0.315,0.197,,,,,,20.5,95.1
Jesús Sánchez,"Arizona,Toronto",660821,105,315,8,24,35,1,0.254,0.311,0.401,0.713,0.057,0.238,0.147,,,,,,49.6,27.2
Michael Conforto,Chicago,624424,114,315,15,32,45,1,0.239,0.33,0.467,0.797,0.111,0.257,0.228,,,,,,38.7,80.3
Alejandro Kirk,Toronto,672386,79,313,10,26,43,1,0.278,0.351,0.415,0.767,0.105,0.121,0.137,,,,,,95.0,75.9
Denzer Guzman,Los Angeles,694203,87,304,8,33,33,2,0.219,0.266,0.336,0.601,0.056,0.257,0.117,,,,,,38.7,26.5
Nolan Gorman,St. Louis,669357,85,302,9,26,33,0,0.184,0.272,0.308,0.58,0.109,0.325,0.124,,,,,,15.9,79.2
Dominic Smith,Atlanta,642086,109,301,9,40,46,0,0.252,0.31,0.381,0.691,0.076,0.163,0.129,,,,,,84.3,44.3
Henry Davis,Pittsburgh,680779,97,298,10,33,38,3,0.172,0.272,0.313,0.585,0.094,0.211,0.141,,,,,,63.6,63.8
Masataka Yoshida,Boston,807799,87,297,5,34,28,2,0.274,0.347,0.399,0.746,0.094,0.111,0.125,,,,,,96.1,63.8
Mark Vientos,New York,668901,87,295,13,28,41,0,0.212,0.258,0.394,0.652,0.051,0.241,0.182,,,,,,47.4,22.8
Spencer Jones,New York,682987,87,293,11,38,40,10,0.246,0.315,0.428,0.743,0.089,0.358,0.182,,,,,,8.9,57.9
Jeremiah Jackson,Baltimore,669236,102,293,10,29,45,2,0.217,0.247,0.365,0.611,0.034,0.235,0.148,,,,,,52.0,13.0
Matt Vierling,Detroit,663837,92,291,5,24,31,4,0.207,0.255,0.335,0.59,0.065,0.168,0.128,,,,,,82.4,34.4
Taylor Trammell,Houston,666211,100,290,8,29,22,4,0.192,0.285,0.341,0.626,0.1,0.321,0.149,,,,,,17.2,69.5
Blaze Alexander,Baltimore,677942,93,289,4,35,31,10,0.303,0.358,0.414,0.772,0.066,0.218,0.111,,,,,,59.9,35.5
Tyler Freeman,Colorado,671289,79,288,3,29,23,6,0.247,0.317,0.314,0.63,0.038,0.118,0.067,,,,,,95.5,15.4
José Tena,Washington,677588,114,288,7,36,25,6,0.222,0.302,0.37,0.672,0.094,0.312,0.148,,,,,,21.4,63.8
Luke Raley,Seattle,670042,95,287,15,28,39,1,0.225,0.284,0.439,0.723,0.052,0.324,0.214,,,,,,16.3,23.5
Esmerlyn Valdez,Pittsburgh,699013,72,287,17,40,47,0,0.232,0.345,0.51,0.855,0.146,0.376,0.278,,,,,,7.6,94.7
Ben Williamson,Tampa Bay,810938,88,286,3,32,26,8,0.238,0.302,0.318,0.62,0.077,0.189,0.08,,,,,,74.2,45.7
Daniel Schneemann,Cleveland,682177,91,286,7,30,30,7,0.21,0.276,0.332,0.608,0.084,0.294,0.122,,,,,,25.5,54.4
Carlos Narváez,"Baltimore,Boston",665966,95,285,3,22,10,2,0.161,0.241,0.226,0.467,0.067,0.316,0.065,,,,,,20.1,36.3
Aaron Judge,New York,592450,66,285,18,45,41,5,0.241,0.36,0.511,0.871,0.151,0.298,0.27,,,,,,24.9,95.5
Ryan Waldschmidt,Arizona,814439,82,284,3,30,22,7,0.256,0.325,0.368,0.693,0.077,0.299,0.112,,,,,,24.6,45.7
Randal Grichuk,"Chicago,New York",545341,118,283,15,41,46,0,0.291,0.318,0.567,0.885,0.039,0.216,0.276,,,,,,61.0,15.9
Luis Torrens,New York,620443,91,281,9,37,41,1,0.235,0.295,0.396,0.691,0.064,0.21,0.161,,,,,,64.5,33.6
Nick Sogard,Boston,686765,67,280,5,29,19,1,0.252,0.338,0.38,0.718,0.111,0.2,0.128,,,,,,69.1,80.3
Marcell Ozuna,Pittsburgh,542303,69,280,8,22,29,0,0.203,0.286,0.327,0.612,0.096,0.286,0.124,,,,,,27.8,66.1
Ryan Vilade,Tampa Bay,668723,96,278,11,28,43,3,0.245,0.321,0.429,0.75,0.094,0.234,0.184,,,,,,52.3,63.8
Edouard Julien,Colorado,666397,88,276,3,37,20,5,0.208,0.322,0.292,0.615,0.141,0.257,0.084,,,,,,38.7,93.7
Will Smith,Los Angeles,669257,73,276,10,35,34,0,0.26,0.355,0.426,0.781,0.123,0.163,0.166,,,,,,84.3,87.6
Gary Sánchez,Milwaukee,596142,86,275,12,37,38,0,0.209,0.349,0.422,0.771,0.167,0.215,0.213,,,,,,61.6,97.0
Logan O\'Hoppe,"Los Angeles,Texas",681351,85,274,4,25,24,0,0.219,0.275,0.303,0.578,0.062,0.245,0.084,,,,,,44.9,32.3
TJ Friedl,Cincinnati,670770,91,272,4,20,13,5,0.172,0.255,0.255,0.51,0.081,0.232,0.083,,,,,,53.1,50.3
Brandon Valenzuela,Toronto,678218,91,271,9,29,24,2,0.226,0.311,0.377,0.688,0.107,0.255,0.151,,,,,,40.3,77.5
Pedro Ramírez,Chicago,699393,81,270,6,36,32,9,0.257,0.316,0.396,0.712,0.074,0.185,0.139,,,,,,75.0,42.4
Nicky Lopez,"Chicago,Texas",670032,100,270,1,25,24,5,0.27,0.322,0.312,0.634,0.044,0.163,0.042,,,,,,84.3,18.0
Alex Freeland,Los Angeles,690976,89,269,4,32,21,4,0.234,0.327,0.325,0.652,0.119,0.275,0.091,,,,,,30.7,85.4
Trevor Story,Boston,596115,65,269,5,24,29,5,0.236,0.271,0.354,0.626,0.041,0.323,0.118,,,,,,16.6,16.8
Donovan Walton,"Athletics,Los Angeles",622268,92,268,9,36,32,3,0.261,0.358,0.448,0.806,0.104,0.172,0.187,,,,,,80.4,74.2
Ryan Kreidler,Minnesota,668952,105,267,8,33,29,4,0.218,0.286,0.379,0.664,0.079,0.228,0.161,,,,,,55.5,48.2
Cooper Pratt,Milwaukee,806198,74,266,3,33,34,19,0.281,0.35,0.368,0.718,0.098,0.18,0.087,,,,,,77.7,67.7
Christian Vázquez,Houston,543877,86,266,7,22,25,1,0.207,0.261,0.322,0.583,0.068,0.199,0.115,,,,,,69.6,37.1
Freddy Fermin,San Diego,666023,96,265,4,22,24,1,0.203,0.274,0.315,0.589,0.079,0.211,0.112,,,,,,63.6,48.2
Víctor Mesa Jr.,Tampa Bay,683748,79,262,14,37,34,9,0.26,0.327,0.498,0.825,0.088,0.202,0.238,,,,,,67.9,57.1
Tyler O\'Neill,Baltimore,641933,85,260,10,31,23,1,0.212,0.3,0.377,0.677,0.104,0.277,0.165,,,,,,29.7,74.2
Kerry Carpenter,Detroit,681481,81,259,13,27,36,0,0.208,0.276,0.416,0.692,0.069,0.29,0.208,,,,,,26.5,38.0
Adolis García,Philadelphia,666969,67,259,7,21,21,3,0.195,0.27,0.329,0.599,0.081,0.324,0.134,,,,,,16.3,50.3
Esteury Ruiz,Miami,665923,109,255,6,38,17,34,0.216,0.333,0.366,0.7,0.102,0.322,0.15,,,,,,16.9,71.3
Agustín Ramírez,Miami,682663,72,255,5,31,24,4,0.235,0.318,0.354,0.672,0.102,0.239,0.119,,,,,,48.7,71.3
Miguel Andujar,San Diego,609280,74,254,5,24,22,2,0.259,0.303,0.423,0.726,0.043,0.15,0.164,,,,,,87.5,17.5
Miguel Amaya,Chicago,665804,83,254,6,36,28,0,0.237,0.34,0.377,0.717,0.091,0.264,0.14,,,,,,35.9,59.9
Dalton Rushing,Los Angeles,687221,79,253,12,37,36,0,0.246,0.328,0.46,0.788,0.091,0.292,0.214,,,,,,26.1,59.9
Edmundo Sosa,Philadelphia,624641,85,252,9,31,44,4,0.249,0.285,0.433,0.719,0.028,0.218,0.184,,,,,,59.9,10.4
Miguel Rojas,Los Angeles,500743,104,252,4,23,23,1,0.267,0.312,0.391,0.703,0.063,0.107,0.124,,,,,,96.4,33.2
Luis Campusano,San Diego,669134,72,252,8,25,30,0,0.265,0.361,0.429,0.79,0.119,0.21,0.164,,,,,,64.5,85.4
Jose Siri,Los Angeles,642350,108,251,10,36,33,9,0.241,0.296,0.417,0.712,0.06,0.319,0.176,,,,,,18.6,30.0
Hunter Feduccia,"Los Angeles,Tampa Bay",676439,93,251,3,21,19,0,0.221,0.312,0.313,0.625,0.112,0.239,0.092,,,,,,48.7,81.0
Anthony Volpe,New York,683011,71,250,2,24,28,12,0.247,0.321,0.336,0.658,0.1,0.224,0.089,,,,,,57.0,69.5
Justin Foscue,Texas,679822,100,247,11,26,34,0,0.271,0.332,0.484,0.816,0.069,0.251,0.213,,,,,,41.6,38.0
Austin Hedges,Cleveland,595978,78,247,6,25,25,1,0.247,0.325,0.377,0.702,0.101,0.182,0.13,,,,,,76.8,70.3
Amed Rosario,New York,642708,88,246,10,28,34,3,0.237,0.28,0.404,0.684,0.061,0.236,0.167,,,,,,51.3,31.0
Marcelo Mayer,"Boston,San Francisco",691785,76,245,3,19,22,3,0.209,0.275,0.295,0.57,0.073,0.208,0.086,,,,,,65.4,41.5
Roman Anthony,Boston,701350,56,244,5,24,15,2,0.243,0.336,0.393,0.729,0.119,0.279,0.15,,,,,,29.4,85.4
Josh Smith,"Texas,Toronto",669701,80,243,6,23,15,4,0.203,0.29,0.321,0.611,0.103,0.23,0.118,,,,,,54.5,72.5
Ke\'Bryan Hayes,Cincinnati,663647,94,242,5,19,9,1,0.141,0.194,0.225,0.419,0.054,0.198,0.084,,,,,,70.5,25.0
Colt Emerson,Seattle,806068,69,241,8,24,23,3,0.19,0.246,0.335,0.581,0.062,0.344,0.145,,,,,,10.7,32.3
Tyrone Taylor,"Chicago,New York",621438,97,241,11,36,38,3,0.279,0.325,0.502,0.827,0.058,0.17,0.223,,,,,,81.5,27.8
Connor Wong,Boston,657136,77,238,4,22,25,3,0.233,0.308,0.348,0.655,0.071,0.239,0.115,,,,,,48.7,40.0
Elias Díaz,"Kansas City,Texas",553869,87,237,8,21,35,0,0.234,0.266,0.404,0.67,0.038,0.245,0.17,,,,,,44.9,15.4
Brett Sullivan,Colorado,664954,81,237,7,23,33,1,0.225,0.268,0.39,0.658,0.055,0.169,0.165,,,,,,81.9,25.7
Brice Matthews,Houston,694728,84,233,7,23,22,4,0.201,0.255,0.332,0.587,0.069,0.318,0.131,,,,,,19.1,38.0
Alejandro Osuna,Texas,696030,83,233,1,27,25,5,0.26,0.349,0.304,0.653,0.082,0.159,0.044,,,,,,86.0,52.0
Alika Williams,Athletics,675961,88,231,4,29,16,2,0.27,0.307,0.428,0.735,0.043,0.216,0.158,,,,,,61.0,17.5
Luis Robert Jr.,"Baltimore,New York",673357,61,230,11,26,26,2,0.221,0.3,0.407,0.707,0.104,0.239,0.186,,,,,,48.7,74.2
Andrés Chaparro,Washington,665953,83,228,13,36,39,0,0.263,0.36,0.525,0.885,0.11,0.232,0.262,,,,,,53.1,79.7
Jacob Gonzalez,"Chicago,Pittsburgh",694378,81,227,7,21,31,2,0.22,0.274,0.364,0.638,0.053,0.194,0.144,,,,,,72.3,24.3
Danny Jansen,Texas,643376,67,227,8,21,26,1,0.203,0.296,0.381,0.677,0.079,0.242,0.178,,,,,,46.7,48.2
Mickey Gasper,Boston,681508,66,225,10,26,24,0,0.251,0.357,0.466,0.823,0.12,0.173,0.215,,,,,,80.0,86.3
Luisangel Acuña,Chicago,682668,103,224,2,23,13,18,0.229,0.261,0.276,0.537,0.04,0.196,0.047,,,,,,71.9,16.3
Brenton Doyle,"Chicago,Colorado",686668,87,223,6,35,16,14,0.233,0.275,0.362,0.637,0.054,0.327,0.129,,,,,,15.2,25.0
Jasson Domínguez,New York,691176,57,222,6,22,14,8,0.225,0.267,0.368,0.635,0.045,0.216,0.143,,,,,,61.0,18.5
Jose Fernandez,Arizona,699912,73,222,3,26,16,9,0.255,0.3,0.343,0.643,0.05,0.23,0.088,,,,,,54.5,21.8
Jorge Mateo,"Atlanta,Tampa Bay",622761,97,221,5,41,18,19,0.203,0.245,0.314,0.559,0.05,0.312,0.111,,,,,,21.4,21.8
Christian Koss,San Francisco,683766,70,221,4,27,12,5,0.217,0.257,0.305,0.562,0.041,0.267,0.088,,,,,,33.7,16.8
Derek Hill,"Chicago,Philadelphia",656537,118,219,11,30,31,13,0.238,0.287,0.436,0.723,0.059,0.32,0.198,,,,,,17.9,28.7
Edgar Quero,Chicago,700337,69,217,3,14,19,1,0.203,0.284,0.257,0.54,0.083,0.198,0.054,,,,,,70.5,53.6
David Fry,Cleveland,681807,91,214,8,23,20,0,0.201,0.313,0.364,0.677,0.131,0.276,0.163,,,,,,30.0,90.8
Christian Encarnacion-Strand,Baltimore,687952,58,213,11,25,39,1,0.277,0.325,0.513,0.838,0.052,0.258,0.236,,,,,,38.0,23.5
Luis Lara,Milwaukee,800325,61,212,1,25,26,3,0.246,0.311,0.325,0.636,0.085,0.217,0.079,,,,,,60.6,55.1
Pedro Pagés,St. Louis,686780,82,211,4,14,12,2,0.217,0.275,0.312,0.588,0.066,0.265,0.095,,,,,,34.9,35.5
Ramón Laureano,San Diego,657656,53,206,7,23,21,7,0.203,0.286,0.374,0.66,0.097,0.316,0.171,,,,,,20.1,66.9
Max Clark,Detroit,703601,51,206,3,27,23,5,0.272,0.35,0.417,0.766,0.087,0.204,0.145,,,,,,66.7,56.7
Drew Romo,Chicago,691011,61,206,7,17,16,1,0.144,0.24,0.294,0.535,0.097,0.228,0.15,,,,,,55.5,66.9
Eli White,"Atlanta,Boston",642201,95,204,6,27,29,5,0.246,0.289,0.398,0.687,0.054,0.221,0.152,,,,,,58.7,25.0
Brent Rooker,Athletics,667670,48,203,10,20,29,2,0.2,0.281,0.389,0.67,0.094,0.32,0.189,,,,,,17.9,63.8
Matt Shaw,Chicago,807713,75,202,5,25,24,4,0.237,0.327,0.41,0.737,0.104,0.173,0.173,,,,,,80.0,74.2
Lourdes Gurriel Jr.,Arizona,666971,51,201,2,13,22,1,0.21,0.254,0.29,0.544,0.05,0.189,0.08,,,,,,74.2,21.8
Noelvi Marte,Cincinnati,682622,63,201,6,19,15,7,0.189,0.229,0.321,0.55,0.05,0.259,0.132,,,,,,37.7,21.8
Tyler Heineman,"Los Angeles,Toronto",623168,75,200,1,15,10,1,0.175,0.223,0.22,0.444,0.025,0.15,0.045,,,,,,87.5,9.2
Blaze Jordan,St. Louis,691458,57,199,3,16,28,0,0.247,0.276,0.382,0.658,0.035,0.151,0.135,,,,,,87.2,13.4
Adrian Del Castillo,Arizona,680728,64,197,5,18,24,1,0.193,0.246,0.309,0.556,0.066,0.284,0.116,,,,,,28.1,35.5
Javier Báez,Detroit,595879,58,196,3,25,20,1,0.241,0.27,0.364,0.634,0.031,0.209,0.123,,,,,,65.1,11.3
Victor Scott II,St. Louis,687363,80,195,2,19,9,12,0.193,0.27,0.253,0.523,0.082,0.236,0.06,,,,,,51.3,52.0
Alex Call,Los Angeles,669743,88,195,1,25,20,1,0.233,0.349,0.307,0.655,0.118,0.179,0.074,,,,,,78.4,84.6
Petey Halpin,Cleveland,690984,83,195,4,27,14,10,0.225,0.268,0.326,0.594,0.046,0.179,0.101,,,,,,78.4,19.6
Tommy White,Athletics,695720,56,195,3,19,10,0,0.254,0.272,0.328,0.6,0.026,0.179,0.074,,,,,,78.4,9.5
Leo Jimenez,Miami,677870,66,194,2,18,14,1,0.199,0.306,0.259,0.565,0.093,0.196,0.06,,,,,,71.9,62.2
Bryan Torres,St. Louis,663494,74,189,4,17,19,2,0.229,0.309,0.331,0.64,0.095,0.206,0.102,,,,,,66.0,65.2
Tristan Gray,Minnesota,656484,66,188,4,16,29,2,0.225,0.267,0.324,0.591,0.053,0.319,0.099,,,,,,18.6,24.3
Kyle Higashioka,Texas,543309,56,186,7,20,18,0,0.218,0.306,0.37,0.676,0.102,0.253,0.152,,,,,,41.2,71.3
Weston Wilson,"Baltimore,Seattle",642215,73,183,4,24,14,7,0.201,0.284,0.305,0.589,0.098,0.317,0.104,,,,,,19.6,67.7
Isiah Kiner-Falefa,Boston,643396,66,183,2,23,16,8,0.242,0.322,0.311,0.633,0.104,0.148,0.069,,,,,,88.0,74.2
Brett Bateman,Toronto,703520,41,181,2,28,11,3,0.329,0.402,0.424,0.826,0.099,0.193,0.095,,,,,,72.8,68.6
Jahmai Jones,"Boston,Detroit",663330,94,181,6,20,16,3,0.206,0.298,0.369,0.667,0.094,0.32,0.163,,,,,,17.9,63.8
Jordan Beck,Colorado,687597,63,180,1,17,11,2,0.2,0.261,0.291,0.552,0.078,0.317,0.091,,,,,,19.6,47.1
Yohendrick Pinango,Toronto,682818,58,180,5,12,20,0,0.26,0.306,0.396,0.702,0.061,0.244,0.136,,,,,,45.5,31.0
Thomas Saggese,St. Louis,695336,57,180,4,25,14,4,0.235,0.294,0.352,0.646,0.072,0.272,0.117,,,,,,32.4,40.9
Samad Taylor,San Diego,669392,48,177,2,26,18,13,0.312,0.385,0.403,0.788,0.102,0.26,0.091,,,,,,37.1,71.3
Wenceel Pérez,Detroit,672761,53,175,7,22,17,3,0.18,0.246,0.348,0.594,0.08,0.166,0.168,,,,,,83.4,49.2
Jorge Barrosa,"Arizona,Houston",678489,105,174,2,30,12,3,0.193,0.285,0.331,0.616,0.098,0.264,0.138,,,,,,35.9,67.7
Anthony Seigler,Boston,678011,49,173,3,21,13,2,0.247,0.327,0.4,0.727,0.104,0.162,0.153,,,,,,85.0,74.2
Jake Rogers,"Baltimore,Boston,Chicago,Detroit",668670,58,171,4,17,14,1,0.161,0.276,0.287,0.563,0.135,0.298,0.126,,,,,,24.9,92.3
James Outman,"Detroit,Minnesota",681546,93,170,5,23,17,6,0.172,0.235,0.318,0.554,0.059,0.418,0.146,,,,,,3.6,28.7
George Lombard Jr.,New York,806146,43,170,7,25,22,2,0.25,0.296,0.423,0.719,0.059,0.259,0.173,,,,,,37.7,28.7
Jonah Cox,San Francisco,813841,62,169,4,26,16,16,0.252,0.298,0.384,0.682,0.059,0.385,0.132,,,,,,7.0,28.7
Starling Marte,Kansas City,516782,59,168,2,15,14,2,0.242,0.298,0.314,0.611,0.054,0.244,0.072,,,,,,45.5,25.0
James McCann,Arizona,543510,51,166,7,17,28,0,0.282,0.311,0.455,0.766,0.036,0.253,0.173,,,,,,41.2,13.8
Drew Cavanaugh,San Francisco,701852,59,166,1,9,12,1,0.229,0.315,0.292,0.606,0.108,0.301,0.063,,,,,,24.1,78.4
Rafael Flores,Pittsburgh,804668,47,163,11,17,25,0,0.264,0.331,0.527,0.858,0.092,0.276,0.263,,,,,,30.0,61.0
Nick Allen,Houston,669397,94,162,3,26,14,2,0.283,0.327,0.393,0.72,0.062,0.198,0.11,,,,,,70.5,32.3
Daniel Susac,San Francisco,691740,53,161,3,11,22,2,0.243,0.289,0.375,0.664,0.05,0.224,0.132,,,,,,57.0,21.8
John Rave,Kansas City,670231,52,161,6,26,13,8,0.232,0.314,0.43,0.744,0.106,0.236,0.198,,,,,,51.3,76.9
Edwin Arroyo,Cincinnati,695490,50,160,0,14,5,1,0.223,0.266,0.264,0.529,0.038,0.238,0.041,,,,,,49.6,15.4
Brendan Donovan,Seattle,680977,39,159,3,12,15,1,0.277,0.371,0.409,0.78,0.094,0.145,0.132,,,,,,89.4,63.8
Endy Rodríguez,Pittsburgh,682848,45,159,7,20,20,6,0.267,0.373,0.467,0.84,0.145,0.258,0.2,,,,,,38.0,94.5
Darell Hernaiz,Athletics,687231,56,157,1,13,9,3,0.234,0.316,0.277,0.594,0.102,0.197,0.043,,,,,,71.4,71.3
Jose Trevino,Cincinnati,624431,48,156,5,12,19,0,0.217,0.221,0.336,0.556,0.006,0.186,0.119,,,,,,74.6,7.4
Davis Schneider,Toronto,676914,69,156,5,21,16,1,0.145,0.31,0.315,0.624,0.186,0.327,0.17,,,,,,15.2,98.5
Blake Dunn,Cincinnati,694362,38,155,2,20,7,5,0.282,0.335,0.387,0.723,0.065,0.213,0.105,,,,,,62.8,34.4
Dustin Harris,"Chicago,Houston,San Diego",687957,46,154,0,24,19,10,0.296,0.355,0.385,0.74,0.071,0.13,0.089,,,,,,93.7,40.0
Sung-Mun Song,San Diego,823550,78,154,1,22,17,13,0.191,0.291,0.244,0.536,0.123,0.201,0.053,,,,,,68.5,87.6
Graham Pauley,Miami,688363,62,154,4,15,25,1,0.211,0.257,0.373,0.63,0.052,0.24,0.162,,,,,,48.0,23.5
Jake Meyers,Houston,676694,57,153,3,15,11,1,0.213,0.268,0.326,0.594,0.065,0.203,0.113,,,,,,67.3,34.4
Héctor Rodríguez,Cincinnati,699302,41,152,6,16,17,0,0.229,0.27,0.41,0.679,0.046,0.257,0.181,,,,,,38.7,19.6
Drew Millas,Washington,686452,50,152,2,18,11,0,0.185,0.277,0.262,0.539,0.092,0.243,0.077,,,,,,46.1,61.0
Jimmy Crooks,St. Louis,699625,52,149,5,10,14,0,0.179,0.255,0.336,0.591,0.06,0.322,0.157,,,,,,16.9,30.0
Mitch Garver,Seattle,641598,50,149,4,17,15,1,0.175,0.302,0.294,0.596,0.148,0.329,0.119,,,,,,14.8,95.1
Kyle Teel,Chicago,691019,40,149,5,21,26,0,0.21,0.331,0.355,0.686,0.128,0.342,0.145,,,,,,11.0,89.6
Ha-Seong Kim,Atlanta,673490,52,149,0,11,9,2,0.115,0.216,0.137,0.354,0.107,0.268,0.022,,,,,,33.4,77.5
Víctor Robles,Seattle,645302,64,149,0,15,9,10,0.256,0.315,0.308,0.623,0.06,0.148,0.052,,,,,,88.0,30.0
Gabriel Arias,"Chicago,Cleveland,New York",672356,51,149,5,14,14,4,0.243,0.282,0.371,0.653,0.054,0.403,0.128,,,,,,4.4,25.0
Leo Rivas,Seattle,660844,51,148,0,11,11,2,0.153,0.267,0.194,0.461,0.108,0.284,0.041,,,,,,28.1,78.4
Tyler Tolbert,Kansas City,686475,78,148,3,32,8,22,0.285,0.347,0.392,0.74,0.081,0.209,0.107,,,,,,65.1,50.3
Adam Frazier,Los Angeles,624428,66,147,1,19,13,3,0.24,0.315,0.349,0.664,0.075,0.265,0.109,,,,,,34.9,43.3
Christian Moore,Los Angeles,695681,38,147,2,5,18,1,0.187,0.252,0.276,0.528,0.075,0.327,0.089,,,,,,15.2,43.3
LaMonte Wade Jr.,Houston,664774,55,146,4,18,19,0,0.205,0.308,0.346,0.655,0.13,0.247,0.141,,,,,,43.8,90.4
Jorge Polanco,New York,593871,37,145,2,7,6,0,0.148,0.201,0.23,0.431,0.062,0.248,0.082,,,,,,43.5,32.3
Max Kepler,Arizona,596146,41,145,2,11,15,0,0.205,0.262,0.303,0.565,0.076,0.221,0.098,,,,,,58.7,44.3
MJ Melendez,New York,669004,56,144,4,14,11,0,0.192,0.315,0.35,0.665,0.118,0.347,0.158,,,,,,10.1,84.6
Osleivis Basabe,San Francisco,678545,46,143,5,13,13,2,0.202,0.268,0.341,0.609,0.063,0.203,0.139,,,,,,67.3,33.2
Tommy Troy,Arizona,694371,45,143,4,23,9,1,0.217,0.289,0.349,0.638,0.091,0.238,0.132,,,,,,49.6,59.9
Carlos Correa,Houston,621043,32,141,3,22,16,1,0.279,0.369,0.418,0.787,0.128,0.184,0.139,,,,,,75.9,89.6
Ben Malgeri,Detroit,701162,60,140,5,18,20,5,0.25,0.35,0.417,0.767,0.121,0.257,0.167,,,,,,38.7,86.9
Angel Genao,Cleveland,694197,43,139,2,15,6,1,0.213,0.281,0.291,0.572,0.079,0.151,0.078,,,,,,87.2,48.2
Eduardo Valencia,Detroit,680664,42,138,8,25,21,0,0.341,0.38,0.636,1.015,0.043,0.232,0.295,,,,,,53.1,17.5
Abimelec Ortiz,Washington,694673,44,136,5,16,14,0,0.188,0.228,0.344,0.572,0.051,0.265,0.156,,,,,,34.9,22.8
Jordan Lawlar,Arizona,691783,44,136,6,18,16,6,0.258,0.319,0.46,0.778,0.037,0.287,0.202,,,,,,27.3,14.6
Matt Wallner,Minnesota,670242,34,135,4,14,10,0,0.167,0.259,0.292,0.551,0.074,0.393,0.125,,,,,,6.3,42.4
Hyeseong Kim,Los Angeles,808975,43,131,1,16,11,5,0.259,0.323,0.328,0.651,0.092,0.237,0.069,,,,,,50.4,61.0
Yoán Moncada,Los Angeles,660162,41,130,3,9,10,1,0.189,0.308,0.297,0.605,0.131,0.346,0.108,,,,,,10.3,90.8
Rob Refsnyder,Seattle,608701,53,129,4,9,11,0,0.14,0.211,0.254,0.465,0.062,0.287,0.114,,,,,,27.3,32.3
Kaelen Culpepper,Minnesota,701785,33,128,3,15,11,1,0.274,0.328,0.393,0.721,0.047,0.219,0.119,,,,,,59.2,20.3
Joey Bart,"Atlanta,Chicago,Pittsburgh",663698,44,128,4,13,13,0,0.214,0.305,0.357,0.662,0.055,0.273,0.143,,,,,,31.7,25.7
Jim Jarvis,Atlanta,805347,38,124,1,10,11,0,0.207,0.267,0.297,0.564,0.065,0.185,0.09,,,,,,75.0,34.4
Turner Hill,San Francisco,806367,34,124,1,13,16,2,0.219,0.306,0.314,0.621,0.105,0.169,0.095,,,,,,81.9,75.9
Nick Castellanos,San Diego,592206,39,122,4,9,20,2,0.191,0.221,0.339,0.56,0.041,0.279,0.148,,,,,,29.4,16.8
Shay Whitcomb,"Houston,San Francisco",694376,49,122,4,9,13,2,0.207,0.233,0.336,0.57,0.033,0.287,0.129,,,,,,27.3,12.2
Pavin Smith,Arizona,656976,40,122,3,12,12,2,0.183,0.262,0.294,0.556,0.098,0.205,0.111,,,,,,66.3,67.7
Colby Thomas,Athletics,687515,55,121,4,11,11,1,0.202,0.235,0.333,0.569,0.033,0.306,0.131,,,,,,22.8,12.2
Sean Murphy,Atlanta,669221,33,121,3,11,10,0,0.182,0.256,0.3,0.556,0.091,0.306,0.118,,,,,,22.8,59.9
Joey Loperfido,Houston,694388,40,121,1,13,12,1,0.214,0.311,0.33,0.641,0.116,0.264,0.116,,,,,,35.9,83.4
Alek Thomas,"Arizona,Los Angeles",677950,35,120,2,13,13,4,0.186,0.227,0.327,0.554,0.033,0.225,0.141,,,,,,56.4,12.2
Harry Ford,Washington,695670,38,118,3,17,10,3,0.19,0.314,0.35,0.664,0.144,0.237,0.16,,,,,,50.4,94.2
Lenyn Sosa,"Chicago,Toronto",672820,40,117,1,11,9,0,0.195,0.207,0.283,0.49,0.009,0.214,0.088,,,,,,62.3,7.6
Nick Yorke,Pittsburgh,694377,40,117,1,7,12,1,0.212,0.284,0.279,0.563,0.077,0.222,0.067,,,,,,57.9,45.7
Victor Bericoto,San Francisco,682674,41,116,5,9,15,1,0.241,0.267,0.42,0.687,0.034,0.276,0.179,,,,,,30.0,13.0
Nelson Velázquez,"Houston,St. Louis",676369,53,116,7,13,20,0,0.192,0.259,0.433,0.691,0.078,0.336,0.241,,,,,,11.8,47.1
Josh Rojas,Kansas City,668942,43,115,2,11,14,1,0.226,0.265,0.321,0.586,0.043,0.148,0.095,,,,,,88.0,17.5
Juan Brito,"Cincinnati,Cleveland",682877,33,115,3,13,14,1,0.245,0.296,0.387,0.682,0.061,0.226,0.142,,,,,,56.1,31.0
Will Benson,Cincinnati,666181,51,114,3,11,6,1,0.188,0.31,0.333,0.643,0.14,0.333,0.145,,,,,,13.2,93.5
Brandon Lockridge,Milwaukee,663604,39,113,0,13,12,6,0.277,0.348,0.327,0.675,0.097,0.292,0.05,,,,,,26.1,66.9
Harrison Bader,San Francisco,664056,30,111,5,10,14,0,0.17,0.198,0.358,0.557,0.036,0.306,0.188,,,,,,22.8,13.8
Everson Pereira,"Chicago,St. Louis",677592,38,111,5,10,12,1,0.235,0.309,0.439,0.748,0.054,0.333,0.204,,,,,,13.2,25.0
Austin Hays,"Chicago,San Diego",669720,39,109,3,16,15,0,0.269,0.294,0.385,0.678,0.037,0.266,0.116,,,,,,34.2,14.6
Joshua Báez,St. Louis,695491,29,108,7,18,18,2,0.23,0.278,0.51,0.788,0.037,0.306,0.28,,,,,,22.8,14.6
Tyler Callihan,Pittsburgh,682997,37,107,3,13,15,1,0.211,0.283,0.389,0.672,0.084,0.355,0.178,,,,,,9.3,54.4
Charles McAdoo,Toronto,807727,36,106,3,12,14,2,0.258,0.302,0.392,0.694,0.066,0.236,0.134,,,,,,51.3,35.5
Christopher Morel,"Miami,New York",666624,36,105,1,6,6,1,0.173,0.229,0.245,0.473,0.057,0.333,0.072,,,,,,13.2,27.2
Jase Bowen,San Diego,687749,83,103,2,14,7,6,0.146,0.188,0.25,0.438,0.029,0.398,0.104,,,,,,5.7,10.8
Leo Bernal,St. Louis,699024,24,102,5,12,21,0,0.284,0.333,0.474,0.807,0.069,0.245,0.19,,,,,,44.9,38.0
Jhonny Pereda,Seattle,640902,31,101,2,12,8,0,0.3,0.366,0.389,0.755,0.089,0.198,0.089,,,,,,70.5,57.9
Blake Perkins,Milwaukee,663368,55,101,1,14,11,3,0.157,0.25,0.258,0.508,0.099,0.218,0.101,,,,,,59.9,68.6
Ramón Urías,St. Louis,602104,43,100,4,14,9,0,0.151,0.26,0.326,0.586,0.09,0.18,0.175,,,,,,77.7,58.9
Bo Naylor,"Cleveland,Milwaukee",666310,31,98,3,5,10,0,0.154,0.214,0.275,0.489,0.071,0.245,0.121,,,,,,44.9,40.0
Cody Freeman,Texas,683227,36,97,1,8,6,1,0.247,0.319,0.318,0.637,0.082,0.155,0.071,,,,,,86.8,52.0
Jake Fraley,Tampa Bay,641584,31,97,2,6,5,3,0.216,0.289,0.364,0.652,0.093,0.299,0.148,,,,,,24.6,62.2
Enrique Hernández,Los Angeles,571771,41,96,4,12,12,0,0.222,0.271,0.4,0.671,0.062,0.292,0.178,,,,,,26.1,32.3
Giancarlo Stanton,New York,519317,24,96,3,8,14,1,0.256,0.302,0.422,0.724,0.062,0.302,0.166,,,,,,23.9,32.3
Rafael Marchán,Philadelphia,665561,34,95,2,5,6,0,0.099,0.137,0.165,0.302,0.021,0.158,0.066,,,,,,86.3,8.6
Adael Amador,Colorado,691182,27,95,4,17,16,0,0.277,0.362,0.482,0.844,0.105,0.126,0.205,,,,,,94.6,75.9
Alan Roden,Minnesota,702176,32,94,1,7,14,0,0.291,0.376,0.392,0.769,0.128,0.128,0.101,,,,,,94.2,89.6
Walker Jenkins,Minnesota,805805,26,93,4,14,10,1,0.226,0.293,0.393,0.686,0.075,0.204,0.167,,,,,,66.7,43.3
J.C. Escarra,New York,641555,32,92,0,8,7,0,0.188,0.239,0.271,0.51,0.065,0.196,0.083,,,,,,71.9,34.4
Ali Sánchez,New York,645305,51,92,1,7,8,0,0.244,0.275,0.302,0.577,0.011,0.272,0.058,,,,,,32.4,7.7
Rodolfo Durán,San Diego,660710,38,91,3,8,8,0,0.146,0.222,0.305,0.527,0.077,0.264,0.159,,,,,,35.9,45.7
Grant McCray,San Francisco,687529,43,91,2,14,4,8,0.143,0.25,0.273,0.523,0.121,0.308,0.13,,,,,,22.0,86.9
Braden Shewmake,"Houston,Milwaukee",669699,34,91,3,12,10,1,0.259,0.27,0.424,0.693,0.022,0.176,0.165,,,,,,79.4,8.9
Kahlil Watson,Cleveland,696135,27,91,1,6,11,9,0.239,0.264,0.341,0.605,0.033,0.352,0.102,,,,,,9.7,12.2
Bryan De La Cruz,Philadelphia,650559,35,90,2,11,12,0,0.269,0.344,0.397,0.742,0.078,0.211,0.128,,,,,,63.6,47.1
Austin Wynns,"Athletics,Atlanta,Texas",642851,34,89,1,4,1,0,0.146,0.195,0.183,0.378,0.056,0.27,0.037,,,,,,32.9,26.5
Gabriel Rincones Jr.,Philadelphia,687282,29,89,2,7,7,0,0.167,0.202,0.286,0.488,0.022,0.326,0.119,,,,,,15.6,8.9
Max Schuemann,New York,680474,42,87,2,17,8,3,0.194,0.333,0.361,0.694,0.138,0.241,0.167,,,,,,47.4,93.0
Denzel Clarke,Athletics,672016,40,87,0,6,6,4,0.158,0.238,0.171,0.409,0.092,0.333,0.013,,,,,,13.2,61.0
Brian Serven,Athletics,661531,29,85,5,8,14,0,0.175,0.224,0.375,0.599,0.047,0.247,0.2,,,,,,43.8,20.3
Braxton Fulford,Colorado,690924,47,85,1,12,7,4,0.176,0.259,0.27,0.529,0.094,0.4,0.094,,,,,,5.1,63.8
Eric Haase,San Francisco,606992,29,84,4,8,9,0,0.162,0.235,0.365,0.599,0.071,0.333,0.203,,,,,,13.2,40.0
Travis d\'Arnaud,Los Angeles,518595,32,84,1,7,3,0,0.158,0.238,0.237,0.475,0.071,0.286,0.079,,,,,,27.8,40.0
Joey Wiemer,Washington,686894,32,83,3,16,12,1,0.286,0.398,0.514,0.912,0.145,0.349,0.228,,,,,,9.8,94.5
Andrew McCutchen,Texas,457705,37,83,1,8,5,0,0.192,0.277,0.26,0.537,0.108,0.265,0.068,,,,,,34.9,78.4
Jarred Kelenic,"Chicago,Texas",672284,36,83,1,5,6,0,0.219,0.313,0.288,0.601,0.12,0.373,0.069,,,,,,7.8,86.3
Zach Dezenzo,Houston,701305,35,82,1,11,3,1,0.213,0.28,0.307,0.587,0.085,0.378,0.094,,,,,,7.4,55.1
Brett Callahan,Detroit,814430,32,80,1,4,8,1,0.211,0.288,0.324,0.611,0.088,0.338,0.113,,,,,,11.6,57.1
Andrew Knizner,San Francisco,668800,29,80,2,8,4,0,0.219,0.288,0.356,0.644,0.05,0.175,0.137,,,,,,79.7,21.8
John Peck,Detroit,807726,24,80,0,3,7,5,0.162,0.275,0.176,0.451,0.112,0.2,0.014,,,,,,69.1,81.0
Zac Veen,Colorado,691728,36,79,3,10,13,2,0.232,0.312,0.435,0.746,0.089,0.392,0.203,,,,,,6.5,57.9
Sterlin Thompson,Colorado,694514,26,77,2,7,10,0,0.232,0.312,0.377,0.688,0.065,0.273,0.145,,,,,,31.7,34.4
Bryce Teodosio,Los Angeles,669326,43,76,0,8,6,5,0.214,0.267,0.243,0.51,0.066,0.355,0.029,,,,,,9.3,35.5
Austin Slater,"Miami,New York,Tampa Bay",596103,28,74,0,6,3,4,0.231,0.311,0.277,0.588,0.108,0.284,0.046,,,,,,28.1,78.4
Joshua Kuroda-Grauer,Athletics,811965,21,74,1,8,4,0,0.366,0.392,0.507,0.899,0.027,0.135,0.141,,,,,,92.1,10.0
Romy Gonzalez,Boston,663853,19,73,1,7,7,1,0.185,0.264,0.308,0.572,0.068,0.288,0.123,,,,,,26.8,37.1
Alex Jackson,Minnesota,656577,32,73,1,12,5,0,0.304,0.342,0.406,0.748,0.027,0.329,0.102,,,,,,14.8,10.0
Brock Rodden,Seattle,801126,30,72,0,8,4,0,0.197,0.306,0.279,0.584,0.139,0.333,0.082,,,,,,13.2,93.3
Rece Hinds,"Baltimore,Cincinnati,Miami",677956,25,71,0,2,6,0,0.143,0.211,0.222,0.433,0.07,0.451,0.079,,,,,,2.9,39.0
Ronny Simon,Pittsburgh,682927,21,68,1,11,4,4,0.254,0.299,0.349,0.648,0.059,0.162,0.095,,,,,,85.0,28.7
Lucas Spence,Houston,828599,20,67,4,10,12,0,0.22,0.313,0.492,0.805,0.104,0.358,0.272,,,,,,8.9,74.2
Sean Keys,Toronto,815873,25,67,2,9,9,0,0.197,0.242,0.328,0.57,0.045,0.343,0.131,,,,,,10.9,18.5
Garrett Stubbs,Philadelphia,596117,35,65,0,11,3,0,0.153,0.215,0.153,0.368,0.046,0.231,0.0,,,,,,53.9,19.6
Cam Cauley,Texas,695508,34,65,1,10,1,1,0.207,0.281,0.345,0.626,0.077,0.231,0.138,,,,,,53.9,45.7
Nick Madrigal,"Los Angeles,Tampa Bay",663611,19,63,0,8,3,1,0.278,0.365,0.315,0.68,0.111,0.048,0.037,,,,,,98.3,80.3
Zack Short,"Detroit,New York",670097,29,62,0,4,2,0,0.14,0.262,0.18,0.442,0.129,0.306,0.04,,,,,,22.8,90.1
Ronny Mauricio,New York,677595,20,62,4,7,8,0,0.22,0.258,0.441,0.699,0.032,0.323,0.221,,,,,,16.6,11.5
Yohel Pozo,"Baltimore,St. Louis",650968,37,62,1,4,7,1,0.25,0.258,0.317,0.575,0.016,0.145,0.067,,,,,,89.4,7.9
Brian Navarreto,Miami,640459,32,61,1,8,3,0,0.135,0.193,0.25,0.443,0.033,0.344,0.115,,,,,,10.7,12.2
Ryan Ward,Los Angeles,669899,20,60,3,8,12,0,0.218,0.283,0.455,0.738,0.083,0.283,0.237,,,,,,28.4,53.6
Nate Eaton,Boston,681987,24,60,1,4,6,2,0.16,0.3,0.26,0.56,0.133,0.267,0.1,,,,,,33.7,91.8
Santiago Espinal,Los Angeles,669289,36,60,1,5,7,0,0.268,0.276,0.375,0.651,0.017,0.133,0.107,,,,,,93.0,8.1
Christian Franklin,Baltimore,681047,21,59,0,6,1,3,0.18,0.305,0.22,0.525,0.119,0.254,0.04,,,,,,40.8,85.4
Lazaro Montes,Seattle,703155,21,59,4,7,11,0,0.212,0.305,0.481,0.786,0.119,0.407,0.269,,,,,,4.2,85.4
Luis Urías,Toronto,649966,26,59,3,5,8,0,0.25,0.322,0.481,0.803,0.102,0.169,0.231,,,,,,81.9,71.3
Jesús Rodríguez,San Francisco,683679,22,58,2,7,8,1,0.235,0.316,0.412,0.728,0.086,0.138,0.177,,,,,,91.4,56.0
Jonathan India,Kansas City,663697,17,58,2,8,8,0,0.167,0.31,0.313,0.623,0.138,0.224,0.146,,,,,,57.0,93.0
Billy Cook,Pittsburgh,695257,87,58,0,13,3,6,0.179,0.207,0.25,0.457,0.017,0.397,0.071,,,,,,5.9,8.1
Sebastián Rivero,Los Angeles,665861,24,57,0,5,8,0,0.245,0.286,0.283,0.569,0.053,0.211,0.038,,,,,,63.6,24.3
LuJames Groover,Arizona,694410,15,54,1,4,4,0,0.167,0.259,0.271,0.53,0.093,0.204,0.104,,,,,,66.7,62.2
Zach Cole,Houston,805904,19,53,3,4,8,0,0.157,0.189,0.353,0.542,0.019,0.396,0.196,,,,,,6.1,8.3
Eric Wagaman,New York,676572,25,52,2,5,5,0,0.191,0.269,0.319,0.588,0.077,0.231,0.128,,,,,,53.9,45.7
Brett Harris,"Athletics,Boston,San Francisco",695391,21,51,0,3,2,0,0.136,0.24,0.182,0.422,0.059,0.314,0.046,,,,,,20.9,28.7
Chadwick Tromp,"Atlanta,Baltimore",644433,21,51,0,2,4,0,0.163,0.16,0.184,0.344,0.0,0.255,0.021,,,,,,40.3,3.7
Jhostynxon Garcia,Pittsburgh,691373,20,50,0,2,2,0,0.167,0.2,0.188,0.388,0.02,0.32,0.021,,,,,,17.9,8.5
Patrick Wisdom,Seattle,621550,19,50,1,3,4,0,0.106,0.16,0.191,0.351,0.06,0.42,0.085,,,,,,3.5,30.0
Orlando Arcia,Minnesota,606115,19,50,1,6,2,0,0.271,0.3,0.354,0.654,0.04,0.16,0.083,,,,,,85.6,16.3
Carlos Jorge,Cincinnati,699115,18,50,1,5,2,2,0.217,0.28,0.326,0.606,0.08,0.26,0.109,,,,,,37.1,49.2
Buddy Kennedy,"San Francisco,Seattle",671083,25,49,0,4,1,0,0.116,0.224,0.14,0.364,0.102,0.306,0.024,,,,,,22.8,71.3
Bryce Johnson,San Diego,669369,32,49,0,5,2,5,0.178,0.229,0.222,0.451,0.061,0.367,0.044,,,,,,8.3,31.0
Luke Maile,Kansas City,571912,18,48,1,2,5,0,0.159,0.229,0.273,0.502,0.083,0.292,0.114,,,,,,26.1,53.6
Emmanuel Rodriguez,Minnesota,691181,13,48,2,3,5,0,0.178,0.229,0.4,0.629,0.062,0.333,0.222,,,,,,13.2,32.3
Yohandy Morales,Washington,691002,17,47,4,10,10,1,0.255,0.255,0.596,0.851,0.0,0.319,0.341,,,,,,18.6,3.7
Sam Haggerty,Texas,664059,34,47,0,3,1,2,0.159,0.213,0.182,0.395,0.043,0.34,0.023,,,,,,11.3,17.5
Brewer Hicklen,Atlanta,676551,20,47,0,9,3,0,0.256,0.383,0.385,0.768,0.17,0.34,0.129,,,,,,11.3,97.6
Nick Morabito,New York,703492,19,46,0,4,4,1,0.195,0.283,0.244,0.527,0.065,0.348,0.049,,,,,,10.0,34.4
Will Wagner,San Diego,695238,16,45,0,5,0,0,0.257,0.422,0.286,0.708,0.222,0.156,0.029,,,,,,86.7,99.1
Connor Joe,Seattle,656582,21,45,1,2,3,2,0.179,0.289,0.308,0.597,0.133,0.333,0.129,,,,,,13.2,91.8
Sandy León,Atlanta,506702,21,44,0,0,0,0,0.091,0.091,0.091,0.182,0.0,0.409,0.0,,,,,,4.1,3.7
Kameron Misner,Kansas City,670224,18,44,0,2,4,3,0.22,0.256,0.244,0.5,0.045,0.386,0.024,,,,,,6.8,18.5
Tsung-Che Cheng,Boston,691907,14,44,0,7,5,0,0.256,0.318,0.282,0.6,0.091,0.318,0.026,,,,,,19.1,59.9
Deyvison De Los Santos,Miami,691277,18,43,0,1,0,0,0.143,0.163,0.19,0.353,0.0,0.256,0.047,,,,,,39.6,3.7
Tyler Locklear,Arizona,682988,15,42,1,8,6,1,0.278,0.357,0.444,0.802,0.095,0.214,0.166,,,,,,62.3,65.2
Josue De Paula,Los Angeles,800543,11,42,1,7,7,1,0.323,0.5,0.581,1.081,0.262,0.119,0.258,,,,,,95.3,99.4
Michael Arroyo,Seattle,703197,15,41,1,5,4,2,0.371,0.439,0.514,0.953,0.122,0.146,0.143,,,,,,88.9,87.2
Gage Workman,"Detroit,San Diego",669398,18,41,2,3,8,0,0.171,0.171,0.415,0.585,0.0,0.415,0.244,,,,,,3.9,3.7
Ray Delgado,Houston,669384,20,41,1,4,4,0,0.243,0.3,0.351,0.651,0.073,0.171,0.108,,,,,,81.0,41.5
Ethan Salas,San Diego,806956,16,40,2,6,5,0,0.256,0.275,0.462,0.737,0.025,0.225,0.206,,,,,,56.4,9.2
Carson Williams,Tampa Bay,700246,16,40,1,7,6,0,0.108,0.154,0.216,0.37,0.05,0.325,0.108,,,,,,15.9,21.8
César Prieto,St. Louis,693409,16,39,0,2,0,1,0.079,0.103,0.132,0.234,0.026,0.128,0.053,,,,,,94.2,9.5
Parker Meadows,Detroit,678009,12,39,0,3,2,3,0.25,0.308,0.333,0.641,0.051,0.256,0.083,,,,,,39.6,22.8
Nate Furman,San Francisco,801501,22,39,0,2,3,0,0.125,0.243,0.125,0.368,0.128,0.256,0.0,,,,,,39.6,89.6
George Valera,Cleveland,671655,13,38,0,1,6,0,0.216,0.237,0.297,0.534,0.026,0.211,0.081,,,,,,63.6,9.5
Felix Reyes,Philadelphia,694025,12,38,1,2,2,0,0.158,0.158,0.263,0.421,0.0,0.237,0.105,,,,,,50.4,3.7
Junior Perez,Chicago,678577,22,36,3,5,6,0,0.171,0.194,0.429,0.623,0.028,0.389,0.258,,,,,,6.7,10.4
Eloy Jiménez,Toronto,650391,12,35,0,2,3,0,0.29,0.343,0.29,0.633,0.086,0.2,0.0,,,,,,69.1,56.0
Jerar Encarnacion,San Francisco,666464,17,35,0,1,0,0,0.176,0.2,0.206,0.406,0.029,0.229,0.03,,,,,,55.1,10.8
Michael Helman,Texas,680737,16,35,1,2,2,0,0.167,0.235,0.3,0.535,0.029,0.171,0.133,,,,,,81.0,10.8
Tommy Pham,"Chicago,New York",502054,17,35,1,5,3,0,0.1,0.229,0.2,0.429,0.143,0.314,0.1,,,,,,20.9,93.9
Sam Huff,Baltimore,669087,14,34,0,1,1,0,0.121,0.147,0.182,0.329,0.029,0.559,0.061,,,,,,1.1,10.8
Reese McGuire,Chicago,624512,11,34,0,1,3,0,0.172,0.273,0.172,0.445,0.059,0.265,0.0,,,,,,34.9,28.7
Chad Stevens,Colorado,677060,16,34,0,1,3,0,0.036,0.176,0.036,0.212,0.147,0.382,0.0,,,,,,7.1,94.9
Tanner Murray,Chicago,695020,13,33,1,2,3,0,0.214,0.281,0.321,0.603,0.061,0.212,0.107,,,,,,62.9,31.0
Jared Serna,Miami,691858,17,32,0,3,4,0,0.214,0.281,0.321,0.603,0.094,0.25,0.107,,,,,,42.5,63.8
P.J. Higgins,Cincinnati,664731,13,32,0,1,4,0,0.231,0.276,0.269,0.545,0.062,0.25,0.038,,,,,,42.5,32.3
Scott Bandura,San Francisco,814154,13,30,0,2,1,1,0.207,0.233,0.241,0.475,0.033,0.567,0.034,,,,,,0.9,12.2
Miles Mastrobuoni,Seattle,670156,13,30,0,3,1,0,0.192,0.241,0.192,0.434,0.067,0.333,0.0,,,,,,13.2,36.3
Rikuu Nishida,Chicago,807747,12,30,0,3,2,0,0.241,0.241,0.241,0.483,0.0,0.167,0.0,,,,,,82.8,3.7
Michael Stefanic,Athletics,683021,19,29,0,3,4,0,0.346,0.414,0.385,0.798,0.103,0.207,0.039,,,,,,65.7,72.5
Andrew Pinckney,Washington,687605,17,29,1,7,3,1,0.28,0.31,0.48,0.79,0.034,0.345,0.2,,,,,,10.4,13.0
Michael Toglia,Cincinnati,669911,10,28,0,2,1,0,0.115,0.179,0.192,0.371,0.071,0.429,0.077,,,,,,3.2,40.0
Addison Barger,Toronto,680718,9,28,0,2,2,0,0.045,0.214,0.091,0.305,0.179,0.25,0.046,,,,,,42.5,97.7
Tyler Black,Milwaukee,672012,9,28,0,2,7,0,0.333,0.357,0.481,0.839,0.036,0.25,0.148,,,,,,42.5,13.8
Ben Rortvedt,Los Angeles,666163,16,28,0,0,1,0,0.185,0.185,0.185,0.37,0.0,0.321,0.0,,,,,,17.2,3.7
Eliezer Alfonzo,Los Angeles,672613,13,28,0,3,4,0,0.179,0.179,0.25,0.429,0.0,0.107,0.071,,,,,,96.4,3.7
Kevin Alcántara,Chicago,682634,24,28,1,6,6,0,0.24,0.286,0.36,0.646,0.071,0.393,0.12,,,,,,6.3,40.0
Stuart Fairchild,"Cleveland,Seattle",656413,15,27,0,4,1,2,0.158,0.407,0.158,0.565,0.259,0.519,0.0,,,,,,1.4,99.2
Otto Kemp,Philadelphia,805249,13,27,0,0,0,0,0.08,0.148,0.08,0.228,0.037,0.37,0.0,,,,,,8.0,14.6
Chuckie Robinson,Los Angeles,642020,8,26,0,1,1,0,0.087,0.087,0.087,0.174,0.0,0.192,0.0,,,,,,73.1,3.7
Carlos Santana,Arizona,467793,8,26,0,1,0,0,0.083,0.154,0.125,0.279,0.077,0.308,0.042,,,,,,22.0,45.7
Andy Ibáñez,"Athletics,New York",628451,14,26,0,1,5,0,0.087,0.115,0.087,0.202,0.038,0.115,0.0,,,,,,95.8,15.4
CJ Kayfus,Cleveland,692216,9,25,1,4,2,0,0.182,0.28,0.364,0.644,0.08,0.32,0.182,,,,,,17.9,49.2
Joey Meneses,Athletics,608841,9,25,0,1,2,0,0.15,0.28,0.15,0.43,0.12,0.16,0.0,,,,,,85.6,86.3
Jonatan Clase,Toronto,682729,9,25,2,4,6,0,0.273,0.36,0.545,0.905,0.12,0.32,0.272,,,,,,17.9,86.3
Daz Cameron,Toronto,663662,8,25,1,3,3,0,0.208,0.2,0.375,0.575,0.0,0.28,0.167,,,,,,29.1,3.7
Oswaldo Cabrera,"Cincinnati,New York",665828,7,25,0,2,0,1,0.182,0.217,0.273,0.49,0.04,0.36,0.091,,,,,,8.6,16.3
Greg Jones,Milwaukee,675659,12,24,0,0,1,1,0.087,0.087,0.087,0.174,0.0,0.417,0.0,,,,,,3.8,3.7
Cooper Ingle,Cleveland,694876,7,24,0,1,2,0,0.095,0.208,0.095,0.304,0.125,0.5,0.0,,,,,,2.0,88.1
Will Brennan,San Francisco,686823,11,23,0,0,0,0,0.087,0.087,0.087,0.174,0.0,0.13,0.0,,,,,,93.7,3.7
Jonathan Ornelas,"Athletics,Milwaukee",680716,9,22,0,1,1,0,0.19,0.227,0.19,0.418,0.045,0.5,0.0,,,,,,2.0,18.5
Bo Davidson,San Francisco,815589,6,22,0,2,1,1,0.35,0.364,0.35,0.714,0.045,0.318,0.0,,,,,,19.1,18.5
César Salazar,Houston,663967,9,22,0,0,1,0,0.056,0.227,0.056,0.283,0.136,0.136,0.0,,,,,,91.8,92.6
Luis Matos,Milwaukee,682641,9,21,0,1,0,0,0.2,0.238,0.2,0.438,0.048,0.333,0.0,,,,,,13.2,20.7
Ben Ross,Minnesota,805346,10,21,0,5,1,1,0.19,0.19,0.381,0.571,0.0,0.524,0.191,,,,,,1.2,3.7
Will Banfield,Cincinnati,677943,11,21,0,1,1,0,0.15,0.143,0.2,0.343,0.0,0.333,0.05,,,,,,13.2,3.7
Ryan Ritter,Colorado,690022,16,21,0,2,1,0,0.158,0.2,0.158,0.358,0.048,0.381,0.0,,,,,,7.3,20.7
Jeimer Candelario,Los Angeles,600869,7,20,0,3,0,0,0.111,0.2,0.222,0.422,0.05,0.4,0.111,,,,,,5.1,21.8
Kyler Fedko,Minnesota,693459,14,19,0,1,1,0,0.0,0.105,0.0,0.105,0.105,0.421,0.0,,,,,,3.3,75.9
Kyle Farmer,Atlanta,571657,14,19,0,2,3,0,0.222,0.211,0.278,0.488,0.0,0.263,0.056,,,,,,36.4,3.7
Ivan Johnson,Cincinnati,671155,16,19,0,0,0,2,0.063,0.211,0.063,0.273,0.158,0.368,0.0,,,,,,8.2,95.9
Heston Kjerstad,Baltimore,677008,11,19,0,1,2,0,0.211,0.211,0.263,0.474,0.0,0.474,0.052,,,,,,2.6,3.7
Aramis Garcia,Arizona,605244,8,19,1,2,2,0,0.158,0.158,0.316,0.474,0.0,0.316,0.158,,,,,,20.1,3.7
José Azócar,Atlanta,640492,11,18,0,2,0,1,0.353,0.389,0.471,0.859,0.056,0.222,0.118,,,,,,57.9,26.5
Kyren Paris,Los Angeles,677347,8,18,0,0,0,0,0.0,0.167,0.0,0.167,0.167,0.444,0.0,,,,,,3.0,97.0
Hayden Senger,New York,663584,7,17,1,2,2,0,0.133,0.133,0.333,0.467,0.0,0.235,0.2,,,,,,52.0,3.7
Daniel Johnson,Houston,669288,8,17,0,1,0,0,0.143,0.294,0.143,0.437,0.118,0.176,0.0,,,,,,79.4,84.6
Matthew Lugo,Kansas City,683090,9,15,0,0,0,0,0.143,0.2,0.143,0.343,0.067,0.4,0.0,,,,,,5.1,36.3
Andrew Velazquez,Kansas City,623205,6,15,0,0,0,1,0.067,0.067,0.067,0.133,0.0,0.133,0.0,,,,,,93.0,3.7
Ryan Mountcastle,Baltimore,663624,8,15,0,0,1,0,0.286,0.333,0.357,0.69,0.067,0.133,0.071,,,,,,93.0,36.3
Dylan Moore,Philadelphia,664238,13,15,0,3,0,1,0.0,0.2,0.0,0.2,0.2,0.4,0.0,,,,,,5.1,98.8
Johnathan Rodríguez,Baltimore,671286,6,15,0,0,2,0,0.182,0.333,0.273,0.606,0.2,0.4,0.091,,,,,,5.1,98.8
Trey Mancini,Los Angeles,641820,5,14,0,1,4,0,0.308,0.286,0.462,0.747,0.0,0.214,0.154,,,,,,62.3,3.7
Collin Price,Houston,805672,7,13,0,1,0,0,0.167,0.231,0.25,0.481,0.077,0.462,0.083,,,,,,2.7,45.7
Vidal Bruján,New York,660644,9,13,0,4,1,0,0.091,0.167,0.091,0.258,0.077,0.077,0.0,,,,,,98.2,45.7
Gustavo Campero,Los Angeles,672569,4,12,0,0,2,0,0.364,0.333,0.455,0.788,0.0,0.333,0.091,,,,,,13.2,3.7
Oliver Dunn,Tampa Bay,686554,9,12,0,4,1,0,0.091,0.167,0.091,0.258,0.083,0.25,0.0,,,,,,42.5,53.6
Rowdy Tellez,Atlanta,642133,7,11,1,2,4,0,0.2,0.273,0.5,0.773,0.091,0.273,0.3,,,,,,31.7,59.9
Gabriel Gonzalez,Minnesota,694224,6,11,0,2,0,0,0.25,0.455,0.25,0.705,0.182,0.182,0.0,,,,,,76.8,98.1
Kenny Piper,Tampa Bay,700652,14,11,1,4,2,1,0.222,0.364,0.556,0.919,0.182,0.273,0.334,,,,,,31.7,98.1
B.J. Murray,Chicago,681230,7,11,0,0,0,0,0.091,0.091,0.091,0.182,0.0,0.364,0.0,,,,,,8.5,3.7
Jace Jung,Detroit,690291,6,11,0,2,0,0,0.222,0.364,0.222,0.586,0.182,0.273,0.0,,,,,,31.7,98.1
Nick Solak,San Diego,669256,4,10,0,0,1,0,0.143,0.3,0.143,0.443,0.1,0.0,0.0,,,,,,99.2,69.5
Justin Dean,Chicago,681909,17,10,0,3,3,1,0.375,0.5,0.625,1.125,0.2,0.4,0.25,,,,,,5.1,98.8
Ryan Bliss,Seattle,669208,3,10,0,0,1,0,0.125,0.2,0.125,0.325,0.1,0.3,0.0,,,,,,24.3,69.5
James Triantos,Chicago,701649,7,9,0,2,0,0,0.125,0.222,0.125,0.347,0.111,0.222,0.0,,,,,,57.9,80.3
Cristian Pache,New York,665506,15,8,0,2,0,0,0.125,0.125,0.125,0.25,0.0,0.5,0.0,,,,,,2.0,3.7
Eddys Leonard,San Francisco,678760,3,8,0,0,0,0,0.25,0.25,0.375,0.625,0.0,0.25,0.125,,,,,,42.5,3.7
Corey Julks,Detroit,667452,4,7,0,1,0,0,0.286,0.286,0.429,0.714,0.0,0.143,0.143,,,,,,90.0,3.7
Steward Berroa,Philadelphia,672642,6,7,0,0,1,0,0.143,0.143,0.143,0.286,0.0,0.571,0.0,,,,,,0.8,3.7
Jared Oliva,San Francisco,666931,7,7,0,1,0,1,0.143,0.143,0.143,0.286,0.0,0.143,0.0,,,,,,90.0,3.7
Vimael Machín,Colorado,605353,3,6,0,0,0,0,0.5,0.5,0.5,1.0,0.0,0.333,0.0,,,,,,13.2,3.7
Logan Porter,"Los Angeles,San Francisco",682515,3,6,0,2,0,0,0.25,0.5,0.5,1.0,0.333,0.333,0.25,,,,,,13.2,99.6
Jose Barrero,Baltimore,676480,2,6,0,0,0,0,0.167,0.167,0.167,0.333,0.0,0.5,0.0,,,,,,2.0,3.7
Jonah Bride,Texas,681146,2,6,0,0,0,0,0.2,0.333,0.2,0.533,0.167,0.333,0.0,,,,,,13.2,97.0
Will Wilson,Seattle,669717,2,6,1,1,2,0,0.2,0.333,0.8,1.133,0.167,0.167,0.6,,,,,,82.8,97.0
Aaron Sabato,Minnesota,693306,3,6,0,0,0,0,0.0,0.0,0.0,0.0,0.0,0.5,0.0,,,,,,2.0,3.7
DaShawn Keirsey Jr.,Atlanta,680577,5,5,0,3,1,0,0.2,0.2,0.2,0.4,0.0,0.4,0.0,,,,,,5.1,3.7
Trei Cruz,Detroit,669360,2,5,0,0,0,0,0.0,0.0,0.0,0.0,0.0,0.6,0.0,,,,,,0.5,3.7
Luken Baker,Arizona,663609,3,5,0,0,0,0,0.2,0.2,0.2,0.4,0.0,0.6,0.0,,,,,,0.5,3.7
Shawn Ross,Pittsburgh,676566,2,5,1,1,2,0,0.2,0.2,0.8,1.0,0.0,0.4,0.6,,,,,,5.1,3.7
Davis Wendzel,Pittsburgh,673995,2,4,0,0,0,0,0.0,0.0,0.0,0.0,0.0,0.0,0.0,,,,,,99.2,3.7
Dylan Carlson,Chicago,666185,3,4,0,1,0,0,0.0,0.0,0.0,0.0,0.0,0.5,0.0,,,,,,2.0,3.7
Jihwan Bae,Milwaukee,678225,4,4,0,1,0,1,0.5,0.667,0.5,1.167,0.0,0.25,0.0,,,,,,42.5,3.7
Scott Kingery,Chicago,664068,8,4,0,2,0,1,0.25,0.25,0.25,0.5,0.0,0.0,0.0,,,,,,99.2,3.7
Omar Martínez,Los Angeles,683079,5,3,0,0,0,0,0.333,0.333,0.333,0.667,0.0,0.333,0.0,,,,,,13.2,3.7
Rudy Martin,Toronto,657675,2,3,0,0,0,0,0.0,0.333,0.0,0.333,0.333,0.333,0.0,,,,,,13.2,99.6
Blake Hunt,San Diego,675448,2,3,0,0,0,0,0.0,0.0,0.0,0.0,0.0,1.0,0.0,,,,,,0.2,3.7
Jeferson Quero,Milwaukee,691620,1,2,0,0,0,0,0.0,0.5,0.0,0.5,0.5,0.0,0.0,,,,,,99.2,99.8
Jair Camargo,Atlanta,665856,1,2,0,1,0,0,0.5,0.5,1.0,1.5,0.0,0.5,0.5,,,,,,2.0,3.7
Luke Williams,Atlanta,663897,2,1,0,0,0,0,,1.0,,,1.0,0.0,,,,,,,99.2,100.0
Michael Siani,Baltimore,672279,1,1,0,0,0,0,0.0,0.0,0.0,0.0,0.0,0.0,0.0,,,,,,99.2,3.7
Randy Vásquez,San Diego,681190,1,1,0,0,0,0,0.0,0.0,0.0,0.0,0.0,0.0,0.0,,,,,,99.2,3.7
Jack Brannigan,Pittsburgh,687394,2,1,0,0,0,0,0.0,0.0,0.0,0.0,0.0,1.0,0.0,,,,,,0.2,3.7
Miles Mikolas,Washington,571945,1,1,0,1,1,0,,,,,0.0,0.0,,,,,,,99.2,3.7
Victor Mederos,Atlanta,682989,1,1,0,0,2,0,1.0,1.0,1.0,2.0,0.0,0.0,0.0,,,,,,99.2,3.7
Maverick Handley,Baltimore,668974,1,1,0,0,0,0,0.0,0.0,0.0,0.0,0.0,1.0,0.0,,,,,,0.2,3.7
Owen Miller,Chicago,680911,1,0,0,0,0,0,,,,,,,,,,,,,,
Luis Vázquez,Baltimore,676679,1,0,0,1,0,0,,,,,,,,,,,,,,
