Name,Team,G,PA,HR,R,RBI,SB,AVG,OBP,SLG,OPS,BB%,K%,ISO,P_xwOBA,P_Barrel,P_EV,P_HardHit,P_Whiff,P_K,P_BB
James Wood,Washington,34,163,10,30,24,5,0.238,0.393,0.523,0.916,0.19,0.325,0.285,97.0,100.0,100.0,99.0,6.0,7.0,98.0
Zach Neto,Los Angeles,34,159,5,22,15,7,0.221,0.333,0.39,0.723,0.132,0.327,0.169,47.0,67.0,41.0,24.0,21.0,6.0,82.0
Drake Baldwin,Atlanta,34,156,8,31,29,1,0.312,0.391,0.522,0.913,0.096,0.199,0.21,94.0,87.0,79.0,88.0,62.0,59.0,53.0
Gunnar Henderson,Baltimore,33,153,9,23,19,5,0.209,0.275,0.46,0.735,0.078,0.314,0.251,35.0,69.0,57.0,73.0,32.0,9.0,35.0
Yordan Alvarez,Houston,34,153,12,25,27,1,0.331,0.438,0.685,1.123,0.144,0.105,0.354,100.0,92.0,94.0,83.0,78.0,97.0,87.0
Matt Olson,Atlanta,34,153,11,30,30,0,0.293,0.373,0.639,1.012,0.118,0.222,0.346,92.0,95.0,90.0,85.0,49.0,46.0,72.0
Mike Trout,Los Angeles,33,153,10,30,21,5,0.256,0.431,0.556,0.987,0.216,0.229,0.3,100.0,99.0,86.0,85.0,70.0,43.0,100.0
Taylor Ward,Baltimore,33,152,1,19,12,1,0.295,0.428,0.426,0.854,0.184,0.158,0.131,89.0,32.0,56.0,34.0,87.0,83.0,97.0
Ronald Acu\xc3\xb1a Jr.,Atlanta,34,152,2,17,9,7,0.252,0.362,0.378,0.74,0.132,0.204,0.126,87.0,76.0,49.0,49.0,30.0,56.0,82.0
JJ Wetherholt,St. Louis,33,152,7,27,16,4,0.238,0.355,0.444,0.8,0.112,0.184,0.206,73.0,61.0,62.0,69.0,44.0,66.0,67.0
Iv\xc3\xa1n Herrera,St. Louis,33,152,4,21,14,1,0.256,0.421,0.427,0.848,0.171,0.164,0.171,89.0,51.0,71.0,78.0,72.0,79.0,93.0
Bryan Reynolds,Pittsburgh,34,152,4,26,22,1,0.264,0.408,0.438,0.846,0.184,0.263,0.174,75.0,59.0,79.0,63.0,24.0,28.0,97.0
Jakob Marsee,Miami,33,151,1,19,8,10,0.175,0.3,0.254,0.554,0.139,0.245,0.079,14.0,9.0,25.0,31.0,81.0,33.0,85.0
Alex Bregman,Chicago,33,151,3,11,12,1,0.25,0.338,0.364,0.701,0.113,0.152,0.114,56.0,40.0,65.0,72.0,87.0,85.0,68.0
Jos\xc3\xa9 Ram\xc3\xadrez,Cleveland,34,149,6,20,14,13,0.214,0.336,0.421,0.756,0.154,0.134,0.207,88.0,65.0,62.0,58.0,87.0,90.0,89.0
Nick Kurtz,Athletics,32,149,5,19,16,3,0.243,0.416,0.417,0.833,0.228,0.322,0.174,91.0,96.0,99.0,99.0,5.0,7.0,100.0
Bobby Witt Jr.,Kansas City,33,149,2,11,15,10,0.285,0.362,0.415,0.778,0.114,0.168,0.13,85.0,72.0,86.0,81.0,54.0,75.0,69.0
Oneil Cruz,Pittsburgh,32,148,9,25,27,10,0.257,0.318,0.5,0.818,0.074,0.358,0.243,74.0,98.0,100.0,100.0,2.0,2.0,29.0
Julio Rodr\xc3\xadguez,Seattle,34,148,4,17,16,3,0.269,0.338,0.41,0.748,0.081,0.223,0.141,59.0,44.0,42.0,54.0,35.0,46.0,38.0
Shohei Ohtani,Los Angeles,31,148,6,21,13,4,0.252,0.381,0.454,0.835,0.155,0.243,0.202,93.0,97.0,96.0,88.0,30.0,35.0,89.0
Daylen Lile,Washington,33,148,3,20,14,1,0.252,0.318,0.378,0.695,0.088,0.182,0.126,63.0,24.0,17.0,31.0,51.0,67.0,46.0
Cal Raleigh,Seattle,33,147,7,13,18,2,0.186,0.272,0.38,0.652,0.109,0.293,0.194,51.0,83.0,16.0,13.0,22.0,16.0,65.0
Nico Hoerner,Chicago,32,147,4,17,26,7,0.297,0.374,0.461,0.835,0.088,0.095,0.164,68.0,11.0,12.0,7.0,99.0,98.0,46.0
Kyle Schwarber,Philadelphia,33,147,11,21,20,0,0.21,0.361,0.555,0.915,0.163,0.327,0.345,85.0,98.0,93.0,89.0,14.0,6.0,92.0
Jo Adell,Los Angeles,34,147,4,14,20,2,0.268,0.306,0.37,0.676,0.027,0.211,0.102,45.0,28.0,62.0,65.0,50.0,51.0,2.0
Kevin McGonigle,Detroit,33,146,2,23,14,3,0.31,0.404,0.476,0.88,0.13,0.13,0.166,95.0,81.0,35.0,33.0,97.0,90.0,81.0
Shea Langeliers,Athletics,32,146,10,24,18,0,0.336,0.39,0.627,1.017,0.082,0.219,0.291,96.0,89.0,91.0,83.0,51.0,47.0,40.0
Ozzie Albies,Atlanta,34,146,7,24,21,0,0.326,0.37,0.545,0.915,0.068,0.116,0.219,45.0,21.0,17.0,11.0,59.0,93.0,24.0
Elly De La Cruz,Cincinnati,33,145,10,27,25,8,0.277,0.352,0.554,0.906,0.103,0.29,0.277,81.0,90.0,97.0,92.0,17.0,17.0,60.0
Munetaka Murakami,Chicago,33,145,13,23,26,0,0.231,0.372,0.564,0.937,0.186,0.331,0.333,95.0,99.0,97.0,100.0,1.0,5.0,97.0
Aaron Judge,New York,33,145,12,28,21,5,0.256,0.396,0.607,1.003,0.172,0.283,0.351,99.0,100.0,90.0,94.0,12.0,20.0,94.0
Bo Bichette,New York,33,145,2,16,15,1,0.237,0.276,0.319,0.594,0.055,0.2,0.082,53.0,18.0,82.0,80.0,75.0,57.0,17.0
Gleyber Torres,Detroit,32,144,2,18,11,0,0.259,0.389,0.328,0.716,0.174,0.153,0.069,68.0,34.0,1.0,5.0,74.0,85.0,94.0
Trea Turner,Philadelphia,32,143,4,20,11,3,0.244,0.308,0.374,0.682,0.084,0.196,0.13,16.0,24.0,57.0,30.0,38.0,60.0,43.0
Sal Stewart,Cincinnati,33,143,9,20,29,7,0.26,0.35,0.528,0.878,0.126,0.182,0.268,91.0,96.0,77.0,61.0,48.0,67.0,78.0
Byron Buxton,Minnesota,31,143,10,25,14,1,0.26,0.315,0.542,0.857,0.063,0.252,0.282,51.0,95.0,33.0,74.0,16.0,31.0,21.0
Miguel Vargas,Chicago,32,143,6,22,17,5,0.216,0.357,0.422,0.779,0.168,0.168,0.206,79.0,75.0,49.0,71.0,83.0,75.0,93.0
Alec Burleson,St. Louis,32,143,5,18,27,1,0.28,0.364,0.472,0.836,0.119,0.14,0.192,93.0,81.0,82.0,80.0,79.0,88.0,73.0
Brandon Nimmo,Texas,32,143,4,16,12,1,0.302,0.378,0.468,0.846,0.091,0.189,0.166,81.0,61.0,76.0,80.0,52.0,64.0,49.0
Austin Riley,Atlanta,34,143,4,18,20,3,0.205,0.287,0.346,0.633,0.091,0.252,0.141,30.0,53.0,70.0,67.0,13.0,31.0,49.0
Xavier Edwards,Miami,33,142,2,23,11,4,0.336,0.426,0.475,0.901,0.134,0.106,0.139,79.0,28.0,41.0,42.0,93.0,96.0,83.0
Ian Happ,Chicago,31,142,8,23,15,1,0.246,0.373,0.517,0.89,0.155,0.282,0.271,74.0,89.0,49.0,42.0,10.0,21.0,89.0
Randy Arozarena,Seattle,34,142,3,23,12,7,0.281,0.373,0.446,0.82,0.113,0.232,0.165,59.0,36.0,68.0,50.0,42.0,41.0,68.0
Pete Alonso,Baltimore,33,142,6,20,15,1,0.205,0.317,0.41,0.727,0.134,0.239,0.205,72.0,73.0,98.0,96.0,38.0,38.0,83.0
Matt Chapman,San Francisco,33,141,1,16,12,0,0.254,0.333,0.341,0.675,0.099,0.241,0.087,9.0,22.0,18.0,20.0,54.0,36.0,55.0
Riley Greene,Detroit,34,141,4,23,19,1,0.298,0.397,0.463,0.86,0.142,0.262,0.165,93.0,84.0,64.0,85.0,28.0,28.0,86.0
Kyle Tucker,Los Angeles,32,141,3,22,16,3,0.238,0.326,0.361,0.687,0.121,0.206,0.123,50.0,41.0,42.0,50.0,59.0,54.0,74.0
Steven Kwan,Cleveland,32,141,1,15,9,2,0.231,0.329,0.298,0.626,0.113,0.121,0.067,27.0,3.0,1.0,1.0,100.0,93.0,68.0
Vladimir Guerrero Jr.,Toronto,33,140,2,20,15,2,0.331,0.421,0.438,0.859,0.121,0.107,0.107,90.0,72.0,80.0,71.0,73.0,96.0,74.0
Michael Busch,Chicago,32,140,2,14,13,0,0.207,0.307,0.306,0.613,0.114,0.229,0.099,34.0,54.0,10.0,28.0,42.0,43.0,69.0
Matt McLain,Cincinnati,33,140,2,13,9,5,0.2,0.314,0.3,0.614,0.129,0.264,0.1,47.0,48.0,25.0,15.0,46.0,28.0,79.0
Christian Walker,Houston,34,140,8,21,26,0,0.309,0.386,0.577,0.963,0.1,0.171,0.268,85.0,83.0,73.0,85.0,39.0,74.0,56.0
Bryce Harper,Philadelphia,33,140,6,17,19,2,0.256,0.35,0.479,0.829,0.129,0.179,0.223,88.0,82.0,32.0,38.0,30.0,70.0,79.0
Fernando Tatis Jr.,San Diego,32,139,0,12,13,9,0.261,0.333,0.311,0.644,0.101,0.237,0.05,76.0,81.0,93.0,99.0,22.0,38.0,57.0
CJ Abrams,Washington,33,139,8,17,27,5,0.289,0.403,0.535,0.938,0.122,0.173,0.246,92.0,75.0,54.0,62.0,29.0,73.0,75.0
Luke Keaschall,Minnesota,33,139,1,13,14,7,0.214,0.273,0.278,0.551,0.072,0.165,0.064,9.0,19.0,3.0,4.0,97.0,78.0,28.0
Jacob Wilson,Athletics,32,139,2,16,15,1,0.296,0.309,0.4,0.709,0.022,0.108,0.104,12.0,6.0,6.0,13.0,93.0,95.0,1.0
Trevor Story,Boston,32,139,2,11,18,2,0.208,0.245,0.3,0.545,0.05,0.295,0.092,5.0,14.0,42.0,55.0,27.0,16.0,12.0
Corey Seager,Texas,32,139,6,19,17,1,0.212,0.317,0.415,0.732,0.129,0.252,0.203,74.0,92.0,75.0,74.0,8.0,31.0,79.0
Brice Turang,Milwaukee,30,139,4,27,20,7,0.291,0.428,0.491,0.918,0.194,0.209,0.2,96.0,68.0,90.0,90.0,81.0,53.0,99.0
Jordan Walker,St. Louis,32,138,10,26,27,6,0.315,0.377,0.605,0.982,0.087,0.297,0.29,94.0,97.0,99.0,98.0,14.0,14.0,44.0
Junior Caminero,Tampa Bay,32,138,9,19,16,0,0.26,0.333,0.504,0.837,0.101,0.181,0.244,75.0,71.0,78.0,63.0,66.0,68.0,57.0
Jose Altuve,Houston,31,138,3,21,8,1,0.248,0.341,0.388,0.729,0.123,0.181,0.14,51.0,40.0,8.0,27.0,56.0,68.0,75.0
Jonathan Aranda,Tampa Bay,32,137,7,17,27,0,0.228,0.336,0.447,0.783,0.139,0.255,0.219,67.0,70.0,68.0,53.0,58.0,30.0,85.0
Cody Bellinger,New York,32,137,5,21,20,4,0.276,0.372,0.483,0.855,0.139,0.146,0.207,78.0,38.0,52.0,49.0,76.0,86.0,85.0
Jake Burger,Texas,33,137,6,13,20,0,0.223,0.255,0.4,0.655,0.036,0.299,0.177,10.0,61.0,47.0,75.0,7.0,14.0,4.0
Chandler Simpson,Tampa Bay,32,137,0,15,7,11,0.312,0.343,0.352,0.695,0.051,0.088,0.04,12.0,1.0,3.0,1.0,99.0,99.0,13.0
Ryan O\'Hearn,Pittsburgh,32,137,5,20,24,1,0.316,0.401,0.487,0.889,0.117,0.182,0.171,89.0,41.0,74.0,82.0,71.0,67.0,72.0
Willson Contreras,Boston,32,137,7,17,21,0,0.263,0.372,0.474,0.846,0.102,0.277,0.211,96.0,93.0,85.0,79.0,6.0,24.0,59.0
Otto Lopez,Miami,32,137,3,23,15,5,0.336,0.372,0.5,0.872,0.044,0.197,0.164,70.0,59.0,83.0,76.0,61.0,60.0,10.0
Freddie Freeman,Los Angeles,31,136,3,12,15,0,0.266,0.331,0.411,0.742,0.081,0.11,0.145,90.0,79.0,85.0,81.0,79.0,94.0,38.0
Colson Montgomery,Chicago,33,136,9,15,22,1,0.231,0.338,0.504,0.843,0.088,0.279,0.273,64.0,88.0,56.0,38.0,10.0,23.0,46.0
Pete Crow-Armstrong,Chicago,33,136,3,20,13,6,0.236,0.304,0.35,0.653,0.074,0.287,0.114,31.0,46.0,79.0,76.0,28.0,19.0,29.0
Rafael Devers,San Francisco,33,136,2,8,12,0,0.211,0.25,0.297,0.547,0.051,0.301,0.086,6.0,45.0,60.0,60.0,17.0,12.0,13.0
Maikel Garcia,Kansas City,31,136,3,18,13,3,0.273,0.338,0.438,0.776,0.096,0.176,0.165,59.0,46.0,60.0,61.0,82.0,72.0,53.0
Willy Adames,San Francisco,32,136,3,12,6,0,0.194,0.235,0.341,0.576,0.044,0.309,0.147,7.0,56.0,33.0,38.0,41.0,10.0,10.0
Luis Arraez,San Francisco,32,136,0,12,11,4,0.317,0.343,0.389,0.732,0.044,0.044,0.072,43.0,1.0,16.0,3.0,100.0,100.0,10.0
Chase Meidroth,Chicago,31,135,1,20,3,1,0.259,0.341,0.345,0.686,0.111,0.215,0.086,42.0,22.0,27.0,28.0,85.0,49.0,66.0
Salvador Perez,Kansas City,32,135,5,12,13,0,0.211,0.244,0.367,0.612,0.03,0.215,0.156,16.0,61.0,25.0,50.0,43.0,49.0,3.0
Yandy D\xc3\xadaz,Tampa Bay,31,135,5,19,21,1,0.333,0.422,0.504,0.926,0.096,0.119,0.171,86.0,32.0,66.0,69.0,96.0,93.0,53.0
TJ Rumfield,Colorado,34,135,3,11,17,0,0.254,0.319,0.393,0.712,0.081,0.163,0.139,58.0,44.0,15.0,41.0,73.0,79.0,38.0
Wilyer Abreu,Boston,32,135,4,15,14,1,0.306,0.378,0.471,0.849,0.104,0.163,0.165,82.0,71.0,58.0,75.0,77.0,79.0,61.0
Josh Bell,Minnesota,33,135,3,21,17,0,0.218,0.304,0.336,0.64,0.104,0.185,0.118,56.0,66.0,45.0,56.0,51.0,66.0,61.0
Ernie Clement,Toronto,32,135,1,11,9,1,0.298,0.319,0.42,0.738,0.03,0.074,0.122,13.0,1.0,12.0,6.0,96.0,100.0,3.0
Cole Young,Seattle,34,134,3,20,19,2,0.267,0.336,0.392,0.727,0.082,0.209,0.125,68.0,51.0,27.0,42.0,59.0,53.0,40.0
Nolan Schanuel,Los Angeles,31,134,3,11,19,0,0.24,0.299,0.364,0.662,0.075,0.142,0.124,27.0,8.0,14.0,14.0,92.0,88.0,30.0
Tyler Soderstrom,Athletics,31,134,3,15,18,1,0.203,0.291,0.39,0.681,0.112,0.201,0.187,54.0,80.0,66.0,82.0,55.0,57.0,67.0
Josh Naylor,Seattle,31,134,4,8,16,4,0.215,0.284,0.331,0.614,0.082,0.172,0.116,49.0,38.0,20.0,25.0,59.0,74.0,40.0
William Contreras,Milwaukee,30,134,3,20,23,0,0.308,0.381,0.442,0.822,0.104,0.112,0.134,71.0,43.0,52.0,58.0,92.0,94.0,61.0
Vinnie Pasquantino,Kansas City,31,133,4,13,16,0,0.179,0.278,0.348,0.626,0.12,0.211,0.169,35.0,45.0,36.0,25.0,85.0,51.0,74.0
Kazuma Okamoto,Toronto,32,133,8,17,20,0,0.235,0.316,0.454,0.77,0.105,0.286,0.219,71.0,86.0,90.0,90.0,19.0,19.0,63.0
Adolis Garc\xc3\xada,Philadelphia,33,133,3,10,11,1,0.235,0.308,0.37,0.678,0.083,0.256,0.135,54.0,57.0,91.0,89.0,25.0,29.0,42.0
Cam Smith,Houston,33,132,4,17,15,4,0.212,0.305,0.372,0.677,0.106,0.28,0.16,65.0,89.0,45.0,68.0,16.0,21.0,64.0
Ben Rice,New York,32,132,11,28,26,2,0.33,0.447,0.717,1.164,0.174,0.242,0.387,99.0,97.0,97.0,98.0,49.0,35.0,94.0
Carlos Correa,Houston,30,132,3,22,16,1,0.296,0.379,0.443,0.822,0.121,0.167,0.147,84.0,67.0,54.0,53.0,68.0,76.0,74.0
Jackson Merrill,San Diego,31,132,3,19,15,5,0.21,0.277,0.336,0.613,0.076,0.235,0.126,33.0,61.0,42.0,65.0,35.0,40.0,31.0
Brandon Lowe,Pittsburgh,29,131,8,19,21,0,0.25,0.359,0.536,0.894,0.137,0.221,0.286,80.0,82.0,38.0,61.0,8.0,47.0,85.0
Andy Pages,Los Angeles,33,131,5,17,26,4,0.319,0.366,0.504,0.871,0.069,0.237,0.185,68.0,28.0,68.0,91.0,50.0,38.0,25.0
Ketel Marte,Arizona,31,131,5,17,11,0,0.223,0.282,0.372,0.654,0.076,0.191,0.149,77.0,58.0,89.0,83.0,46.0,63.0,31.0
Jorge Soler,Los Angeles,30,130,7,17,25,0,0.239,0.338,0.477,0.816,0.115,0.3,0.238,59.0,76.0,32.0,58.0,6.0,13.0,70.0
TJ Friedl,Cincinnati,31,130,2,13,7,4,0.202,0.283,0.298,0.582,0.077,0.215,0.096,4.0,9.0,20.0,13.0,54.0,49.0,34.0
Xander Bogaerts,San Diego,31,130,5,14,17,3,0.261,0.346,0.409,0.755,0.115,0.162,0.148,71.0,41.0,38.0,33.0,67.0,81.0,70.0
Marcus Semien,New York,33,129,1,8,11,4,0.22,0.273,0.288,0.562,0.062,0.194,0.068,23.0,34.0,12.0,20.0,61.0,61.0,21.0
Dansby Swanson,Chicago,32,129,6,24,24,2,0.219,0.341,0.429,0.77,0.155,0.217,0.21,71.0,78.0,66.0,79.0,29.0,49.0,89.0
Hunter Goodman,Colorado,31,129,9,24,15,1,0.25,0.326,0.543,0.869,0.078,0.38,0.293,57.0,91.0,95.0,94.0,4.0,1.0,35.0
Jung Hoo Lee,San Francisco,33,129,2,14,11,0,0.288,0.333,0.424,0.757,0.07,0.14,0.136,53.0,11.0,41.0,19.0,93.0,88.0,26.0
Jazz Chisholm Jr.,New York,32,129,3,13,11,9,0.209,0.295,0.33,0.625,0.101,0.279,0.121,16.0,34.0,52.0,46.0,23.0,23.0,57.0
Ram\xc3\xb3n Laureano,San Diego,30,128,4,14,18,3,0.243,0.305,0.417,0.722,0.078,0.289,0.174,52.0,83.0,51.0,69.0,27.0,18.0,35.0
Ezequiel Tovar,Colorado,34,128,1,9,8,2,0.193,0.25,0.286,0.536,0.055,0.289,0.093,22.0,49.0,17.0,28.0,22.0,18.0,17.0
Spencer Torkelson,Detroit,33,128,5,12,12,0,0.224,0.352,0.421,0.772,0.156,0.273,0.197,83.0,88.0,79.0,78.0,42.0,24.0,90.0
Brady House,Washington,31,127,4,14,15,1,0.222,0.283,0.359,0.642,0.079,0.315,0.137,32.0,74.0,57.0,54.0,9.0,8.0,37.0
Mauricio Dub\xc3\xb3n,Atlanta,32,126,2,17,18,0,0.274,0.325,0.427,0.753,0.056,0.159,0.153,43.0,32.0,17.0,14.0,84.0,82.0,18.0
Chase DeLauter,Cleveland,31,126,5,14,20,0,0.296,0.389,0.528,0.917,0.135,0.103,0.232,85.0,47.0,56.0,36.0,89.0,97.0,84.0
Alec Bohm,Philadelphia,31,126,1,6,14,0,0.161,0.23,0.214,0.444,0.071,0.167,0.053,10.0,3.0,47.0,39.0,78.0,76.0,27.0
Heliot Ramos,San Francisco,32,126,3,12,15,0,0.271,0.31,0.407,0.716,0.056,0.302,0.136,63.0,90.0,94.0,95.0,34.0,11.0,18.0
Manny Machado,San Diego,30,126,4,18,17,1,0.219,0.333,0.371,0.705,0.151,0.206,0.152,52.0,32.0,42.0,48.0,65.0,54.0,89.0
Agust\xc3\xadn Ram\xc3\xadrez,Miami,30,125,2,14,14,3,0.239,0.328,0.358,0.686,0.104,0.224,0.119,22.0,24.0,45.0,45.0,19.0,45.0,61.0
Corbin Carroll,Arizona,30,125,4,20,18,4,0.28,0.376,0.533,0.909,0.128,0.28,0.253,71.0,76.0,60.0,50.0,11.0,21.0,78.0
Nolan Gorman,St. Louis,32,125,5,13,21,0,0.216,0.28,0.369,0.649,0.088,0.28,0.153,31.0,54.0,27.0,59.0,14.0,21.0,46.0
Roman Anthony,Boston,28,124,1,12,5,2,0.233,0.363,0.32,0.683,0.161,0.266,0.087,67.0,51.0,85.0,76.0,24.0,27.0,92.0
Max Muncy,Los Angeles,31,123,9,23,13,0,0.299,0.39,0.598,0.988,0.13,0.236,0.299,97.0,93.0,89.0,97.0,32.0,40.0,81.0
Nick Gonzales,Pittsburgh,31,123,0,15,17,2,0.336,0.39,0.381,0.771,0.065,0.179,0.045,70.0,3.0,14.0,48.0,58.0,70.0,23.0
Brayan Rocchio,Cleveland,33,123,3,14,19,3,0.278,0.355,0.398,0.754,0.089,0.089,0.12,49.0,8.0,6.0,11.0,69.0,98.0,48.0
Trent Grisham,New York,32,123,5,18,18,1,0.168,0.309,0.366,0.675,0.171,0.179,0.198,78.0,87.0,80.0,89.0,89.0,70.0,93.0
Josh Jung,Texas,30,122,4,12,19,1,0.327,0.385,0.545,0.931,0.082,0.156,0.218,85.0,27.0,83.0,91.0,86.0,84.0,40.0
Isaac Paredes,Houston,29,121,3,15,15,0,0.264,0.355,0.396,0.752,0.091,0.149,0.132,43.0,15.0,20.0,6.0,86.0,86.0,49.0
Masyn Winn,St. Louis,28,121,1,14,13,4,0.264,0.347,0.368,0.715,0.091,0.207,0.104,43.0,18.0,10.0,8.0,68.0,54.0,49.0
Jos\xc3\xa9 Caballero,New York,32,120,4,14,12,12,0.259,0.308,0.411,0.719,0.042,0.225,0.152,8.0,16.0,3.0,11.0,30.0,45.0,8.0
Geraldo Perdomo,Arizona,29,120,2,12,9,6,0.245,0.356,0.398,0.754,0.15,0.125,0.153,54.0,15.0,13.0,8.0,98.0,92.0,88.0
Jake Bauers,Milwaukee,30,119,5,20,19,3,0.243,0.319,0.43,0.749,0.101,0.21,0.187,59.0,59.0,89.0,94.0,44.0,53.0,57.0
Daulton Varsho,Toronto,31,119,4,14,8,2,0.231,0.303,0.398,0.701,0.076,0.168,0.167,34.0,29.0,6.0,21.0,75.0,75.0,31.0
Marcell Ozuna,Pittsburgh,28,118,3,10,13,0,0.185,0.254,0.306,0.56,0.076,0.271,0.121,43.0,56.0,38.0,33.0,31.0,25.0,31.0
Caleb Durbin,Boston,31,118,1,13,11,3,0.171,0.263,0.257,0.52,0.093,0.136,0.086,9.0,3.0,10.0,9.0,95.0,89.0,51.0
Sal Frelick,Milwaukee,31,118,3,16,9,1,0.212,0.304,0.323,0.628,0.11,0.11,0.111,33.0,23.0,4.0,5.0,98.0,94.0,66.0
Teoscar Hern\xc3\xa1ndez,Los Angeles,29,117,4,17,17,1,0.25,0.325,0.404,0.729,0.103,0.274,0.154,53.0,70.0,70.0,63.0,15.0,24.0,60.0
Spencer Steer,Cincinnati,31,117,5,13,10,1,0.243,0.325,0.447,0.771,0.085,0.256,0.204,82.0,93.0,66.0,46.0,53.0,29.0,43.0
Evan Carter,Texas,33,117,3,11,9,5,0.177,0.298,0.313,0.611,0.137,0.239,0.136,49.0,47.0,36.0,36.0,48.0,38.0,85.0
Jarren Duran,Boston,28,117,2,16,14,5,0.176,0.239,0.278,0.517,0.068,0.248,0.102,29.0,73.0,60.0,46.0,9.0,33.0,24.0
Jacob Young,Washington,32,115,2,11,15,1,0.241,0.281,0.343,0.623,0.043,0.183,0.102,42.0,23.0,42.0,19.0,63.0,67.0,8.0
Andr\xc3\xa9s Gim\xc3\xa9nez,Toronto,30,115,3,9,16,4,0.257,0.281,0.413,0.694,0.035,0.157,0.156,3.0,13.0,10.0,8.0,68.0,83.0,4.0
Kyle Karros,Colorado,33,115,1,15,4,2,0.213,0.339,0.277,0.616,0.165,0.226,0.064,74.0,38.0,68.0,43.0,46.0,44.0,92.0
Brooks Lee,Minnesota,31,115,5,14,18,2,0.255,0.313,0.415,0.728,0.07,0.2,0.16,6.0,24.0,35.0,17.0,65.0,57.0,26.0
Connor Norby,Miami,30,114,3,7,11,2,0.247,0.351,0.412,0.763,0.105,0.289,0.165,43.0,68.0,33.0,35.0,21.0,18.0,63.0
Dillon Dingler,Detroit,29,114,6,12,23,0,0.257,0.33,0.495,0.825,0.061,0.167,0.238,98.0,93.0,73.0,92.0,80.0,76.0,21.0
Nasim Nu\xc3\xb1ez,Washington,31,113,0,15,10,14,0.208,0.315,0.219,0.534,0.124,0.195,0.011,14.0,1.0,3.0,1.0,70.0,60.0,76.0
Spencer Horwitz,Pittsburgh,31,113,3,11,13,0,0.25,0.372,0.38,0.752,0.159,0.133,0.13,37.0,5.0,6.0,7.0,90.0,90.0,91.0
Troy Johnston,Colorado,30,113,2,9,16,1,0.311,0.366,0.447,0.813,0.071,0.204,0.136,47.0,10.0,42.0,40.0,66.0,56.0,27.0
Matt Wallner,Minnesota,28,113,3,12,7,0,0.162,0.265,0.273,0.538,0.088,0.372,0.111,18.0,53.0,36.0,56.0,1.0,1.0,46.0
Jeff McNeil,Athletics,32,113,1,9,9,1,0.306,0.375,0.408,0.783,0.088,0.106,0.102,59.0,3.0,14.0,18.0,91.0,96.0,46.0
Michael Harris II,Atlanta,32,113,7,13,22,2,0.321,0.354,0.557,0.911,0.053,0.177,0.236,98.0,94.0,98.0,97.0,41.0,71.0,14.0
Ceddanne Rafaela,Boston,31,112,1,13,10,1,0.265,0.33,0.373,0.703,0.054,0.232,0.108,26.0,36.0,38.0,40.0,32.0,41.0,15.0
Liam Hicks,Miami,31,112,7,18,29,1,0.309,0.366,0.557,0.923,0.08,0.08,0.248,82.0,43.0,30.0,45.0,99.0,99.0,38.0
Nolan Arenado,Arizona,30,112,5,15,17,0,0.276,0.313,0.438,0.751,0.054,0.205,0.162,37.0,48.0,1.0,6.0,36.0,55.0,15.0
Carter Jensen,Kansas City,31,111,6,13,16,0,0.235,0.315,0.439,0.754,0.099,0.297,0.204,50.0,76.0,77.0,72.0,5.0,14.0,55.0
J.P. Crawford,Seattle,26,111,2,15,7,1,0.202,0.36,0.303,0.664,0.18,0.162,0.101,87.0,61.0,52.0,39.0,88.0,81.0,96.0
Konnor Griffin,Pittsburgh,28,111,2,12,16,7,0.26,0.324,0.39,0.714,0.072,0.27,0.13,35.0,49.0,35.0,21.0,13.0,26.0,28.0
Luis Garc\xc3\xada Jr.,Washington,32,110,1,14,16,2,0.238,0.264,0.343,0.606,0.036,0.164,0.105,40.0,29.0,83.0,64.0,85.0,79.0,4.0
Garrett Mitchell,Milwaukee,30,110,1,15,20,5,0.239,0.385,0.364,0.749,0.182,0.364,0.125,65.0,84.0,68.0,76.0,1.0,2.0,96.0
Angel Mart\xc3\xadnez,Cleveland,31,110,5,13,16,5,0.275,0.306,0.48,0.786,0.027,0.191,0.205,53.0,58.0,32.0,31.0,89.0,63.0,2.0
Lawrence Butler,Athletics,31,110,3,10,12,4,0.184,0.273,0.296,0.569,0.109,0.255,0.112,42.0,38.0,62.0,73.0,25.0,30.0,65.0
Brandon Marsh,Philadelphia,29,109,4,15,17,3,0.304,0.33,0.48,0.811,0.037,0.211,0.176,57.0,32.0,76.0,84.0,76.0,51.0,5.0
Jes\xc3\xbas S\xc3\xa1nchez,Toronto,32,109,4,11,15,1,0.232,0.275,0.394,0.669,0.046,0.174,0.162,66.0,48.0,92.0,84.0,62.0,72.0,11.0
Casey Schmitt,San Francisco,27,109,4,12,14,1,0.3,0.349,0.52,0.869,0.037,0.193,0.22,79.0,87.0,54.0,69.0,66.0,62.0,5.0
Cedric Mullins,Tampa Bay,28,109,2,8,9,6,0.133,0.196,0.235,0.431,0.055,0.202,0.102,1.0,11.0,20.0,15.0,71.0,57.0,17.0
Jake Cronenworth,San Diego,30,108,1,13,4,1,0.152,0.278,0.207,0.484,0.13,0.204,0.055,45.0,29.0,29.0,22.0,56.0,56.0,81.0
Jeremiah Jackson,Baltimore,31,108,6,10,24,1,0.26,0.278,0.462,0.739,0.019,0.222,0.202,37.0,51.0,36.0,23.0,26.0,46.0,1.0
Francisco Alvarez,New York,31,107,4,9,8,0,0.226,0.305,0.387,0.692,0.084,0.215,0.161,58.0,84.0,54.0,49.0,33.0,49.0,43.0
Will Smith,Los Angeles,29,107,3,11,15,0,0.263,0.336,0.368,0.705,0.103,0.159,0.105,77.0,78.0,41.0,28.0,93.0,82.0,60.0
Mike Yastrzemski,Atlanta,31,106,0,12,6,1,0.196,0.264,0.258,0.522,0.075,0.255,0.062,5.0,11.0,62.0,35.0,44.0,30.0,30.0
Jac Caglianone,Kansas City,29,106,3,12,6,0,0.263,0.34,0.432,0.771,0.085,0.321,0.169,61.0,91.0,96.0,95.0,13.0,7.0,43.0
Andrew Benintendi,Chicago,31,106,2,11,15,0,0.204,0.245,0.357,0.602,0.057,0.349,0.153,21.0,71.0,47.0,97.0,11.0,3.0,19.0
Yainer Diaz,Houston,25,106,2,7,14,0,0.248,0.264,0.356,0.621,0.028,0.151,0.108,5.0,15.0,25.0,10.0,58.0,86.0,3.0
Francisco Lindor,New York,24,105,2,14,5,2,0.226,0.314,0.355,0.669,0.105,0.181,0.129,65.0,58.0,74.0,60.0,43.0,68.0,63.0
Ryan Jeffers,Minnesota,26,105,4,17,21,1,0.287,0.394,0.471,0.865,0.143,0.181,0.184,84.0,84.0,73.0,43.0,79.0,68.0,87.0
Kerry Carpenter,Detroit,31,105,6,10,17,0,0.211,0.305,0.478,0.783,0.105,0.333,0.267,40.0,76.0,88.0,93.0,4.0,4.0,63.0
Yo\xc3\xa1n Moncada,Los Angeles,30,104,3,9,9,0,0.184,0.317,0.322,0.639,0.144,0.346,0.138,18.0,59.0,66.0,60.0,26.0,4.0,87.0
Ildemaro Vargas,Arizona,25,104,6,19,21,0,0.388,0.412,0.673,1.085,0.038,0.106,0.285,90.0,29.0,29.0,32.0,89.0,96.0,6.0
Josh Smith,Texas,30,104,0,6,6,2,0.202,0.308,0.225,0.532,0.125,0.192,0.023,29.0,29.0,25.0,24.0,63.0,62.0,76.0
Luis Rengifo,Milwaukee,28,104,0,9,10,1,0.194,0.262,0.28,0.542,0.077,0.115,0.086,21.0,39.0,16.0,25.0,83.0,94.0,34.0
Justin Crawford,Philadelphia,28,103,0,8,6,2,0.269,0.34,0.376,0.716,0.078,0.184,0.107,24.0,5.0,38.0,27.0,73.0,66.0,35.0
Brett Baty,New York,30,103,1,11,12,2,0.207,0.265,0.304,0.569,0.078,0.272,0.097,22.0,43.0,58.0,25.0,33.0,25.0,35.0
Kyle Manzardo,Cleveland,30,103,2,5,10,0,0.187,0.272,0.275,0.547,0.087,0.34,0.088,14.0,53.0,30.0,12.0,11.0,4.0,44.0
Carson Benge,New York,30,102,2,9,6,6,0.179,0.235,0.263,0.498,0.069,0.235,0.084,16.0,21.0,71.0,56.0,65.0,40.0,25.0
Bryson Stott,Philadelphia,27,102,1,7,8,6,0.204,0.26,0.301,0.561,0.059,0.186,0.097,23.0,20.0,65.0,75.0,82.0,65.0,20.0
Mickey Moniak,Colorado,26,102,9,17,18,1,0.319,0.363,0.67,1.033,0.059,0.245,0.351,59.0,80.0,58.0,43.0,34.0,33.0,20.0
Isaac Collins,Kansas City,28,101,2,12,9,1,0.218,0.327,0.31,0.637,0.119,0.297,0.092,20.0,26.0,31.0,29.0,41.0,14.0,73.0
Colt Keith,Detroit,30,100,0,15,6,1,0.326,0.36,0.4,0.76,0.05,0.2,0.074,68.0,36.0,95.0,93.0,57.0,57.0,12.0
Nathan Church,St. Louis,30,100,5,13,16,3,0.237,0.27,0.43,0.7,0.04,0.24,0.193,37.0,78.0,14.0,28.0,64.0,37.0,7.0
Eugenio Su\xc3\xa1rez,Cincinnati,25,100,3,10,11,0,0.231,0.3,0.363,0.663,0.09,0.3,0.132,10.0,46.0,6.0,2.0,15.0,13.0,49.0
Owen Caissie,Miami,30,99,2,10,15,1,0.2,0.242,0.333,0.576,0.051,0.424,0.133,12.0,75.0,66.0,71.0,8.0,1.0,13.0
Victor Scott II,St. Louis,32,99,1,10,5,5,0.167,0.237,0.214,0.451,0.071,0.273,0.047,3.0,6.0,23.0,7.0,20.0,24.0,27.0
Brenton Doyle,Colorado,33,98,1,14,3,7,0.213,0.286,0.281,0.567,0.092,0.347,0.068,4.0,17.0,56.0,25.0,19.0,3.0,51.0
Samuel Basallo,Baltimore,25,98,5,10,10,0,0.239,0.316,0.443,0.76,0.102,0.265,0.204,61.0,59.0,86.0,76.0,7.0,27.0,59.0
Oswald Peraza,Los Angeles,31,98,4,10,9,5,0.295,0.361,0.489,0.849,0.071,0.245,0.194,63.0,56.0,27.0,24.0,17.0,33.0,27.0
Luis Robert Jr.,New York,24,98,2,10,8,2,0.224,0.327,0.329,0.656,0.133,0.173,0.105,53.0,11.0,65.0,58.0,44.0,73.0,83.0
Victor Caratini,Minnesota,24,97,1,5,12,0,0.213,0.309,0.263,0.572,0.082,0.165,0.05,61.0,22.0,20.0,17.0,80.0,78.0,40.0
David Hamilton,Milwaukee,27,96,0,16,7,7,0.253,0.359,0.278,0.637,0.125,0.167,0.025,45.0,13.0,4.0,9.0,77.0,76.0,76.0
Giancarlo Stanton,New York,24,96,3,8,14,1,0.256,0.302,0.422,0.724,0.062,0.302,0.166,54.0,94.0,96.0,64.0,3.0,11.0,21.0
Luke Raley,Seattle,31,96,5,11,13,0,0.247,0.302,0.483,0.785,0.052,0.375,0.236,82.0,96.0,91.0,89.0,1.0,1.0,14.0
Leo Rivas,Seattle,28,96,0,7,7,2,0.15,0.274,0.188,0.461,0.125,0.312,0.038,1.0,8.0,12.0,1.0,53.0,10.0,76.0
Edouard Julien,Colorado,28,96,2,14,12,2,0.289,0.385,0.422,0.807,0.125,0.26,0.133,79.0,64.0,76.0,68.0,39.0,29.0,76.0
Dylan Beavers,Baltimore,26,95,2,12,10,3,0.217,0.298,0.325,0.623,0.105,0.232,0.108,33.0,34.0,18.0,42.0,52.0,41.0,63.0
Gavin Sheets,San Diego,28,95,4,11,12,1,0.225,0.274,0.461,0.734,0.053,0.221,0.236,50.0,64.0,38.0,64.0,78.0,47.0,14.0
Rhys Hoskins,Cleveland,26,94,2,14,10,0,0.213,0.362,0.373,0.735,0.181,0.298,0.16,45.0,65.0,70.0,79.0,17.0,14.0,96.0
Willi Castro,Colorado,26,93,1,12,11,2,0.235,0.301,0.329,0.63,0.075,0.333,0.094,9.0,41.0,45.0,65.0,20.0,4.0,30.0
Jose Fernandez,Arizona,27,93,3,19,12,1,0.315,0.344,0.449,0.794,0.043,0.215,0.134,39.0,31.0,54.0,68.0,51.0,49.0,8.0
Logan O\'Hoppe,Los Angeles,26,93,1,9,8,0,0.205,0.323,0.256,0.579,0.118,0.247,0.051,27.0,67.0,20.0,50.0,25.0,33.0,72.0
Joc Pederson,Texas,31,93,2,11,6,0,0.205,0.312,0.295,0.607,0.129,0.237,0.09,39.0,15.0,83.0,81.0,19.0,38.0,79.0
Tyler Stephenson,Cincinnati,27,93,2,5,6,0,0.188,0.29,0.313,0.603,0.129,0.28,0.125,66.0,86.0,94.0,96.0,40.0,21.0,79.0
Alek Thomas,Arizona,25,92,2,10,10,4,0.184,0.22,0.345,0.565,0.033,0.228,0.161,18.0,42.0,52.0,55.0,40.0,43.0,4.0
Ben Williamson,Tampa Bay,28,92,0,13,10,3,0.241,0.308,0.325,0.633,0.087,0.217,0.084,15.0,1.0,20.0,18.0,82.0,49.0,44.0
Josh Lowe,Los Angeles,30,92,4,7,10,1,0.167,0.22,0.321,0.541,0.054,0.283,0.154,5.0,47.0,23.0,12.0,43.0,20.0,15.0
Carson Kelly,Chicago,24,92,2,13,11,0,0.316,0.413,0.443,0.856,0.13,0.163,0.127,76.0,69.0,78.0,85.0,73.0,79.0,81.0
Marcelo Mayer,Boston,29,92,1,7,7,2,0.244,0.308,0.354,0.661,0.076,0.163,0.11,25.0,53.0,32.0,64.0,47.0,79.0,31.0
Kyle Isbel,Kansas City,27,91,3,12,8,5,0.275,0.333,0.438,0.771,0.044,0.242,0.163,31.0,36.0,18.0,17.0,69.0,35.0,10.0
Austin Martin,Minnesota,29,91,1,11,7,4,0.333,0.484,0.435,0.918,0.209,0.143,0.102,87.0,16.0,10.0,23.0,95.0,87.0,99.0
Austin Wells,New York,25,91,3,7,5,0,0.203,0.341,0.338,0.678,0.176,0.176,0.135,61.0,26.0,77.0,74.0,49.0,72.0,95.0
Ke\'Bryan Hayes,Cincinnati,30,90,1,6,1,0,0.119,0.178,0.19,0.368,0.067,0.156,0.071,40.0,73.0,83.0,53.0,71.0,84.0,24.0
Coby Mayo,Baltimore,28,90,3,9,12,1,0.16,0.233,0.309,0.542,0.089,0.3,0.149,21.0,40.0,45.0,43.0,18.0,13.0,48.0
Daniel Schneemann,Cleveland,27,89,4,12,14,2,0.313,0.382,0.55,0.932,0.101,0.303,0.237,76.0,72.0,64.0,56.0,4.0,11.0,57.0
Brandon Lockridge,Milwaukee,25,89,0,7,10,5,0.269,0.352,0.308,0.66,0.112,0.27,0.039,8.0,7.0,8.0,14.0,34.0,26.0,67.0
Trevor Larnach,Minnesota,26,89,1,13,9,1,0.282,0.427,0.423,0.85,0.202,0.18,0.141,73.0,55.0,24.0,22.0,36.0,70.0,99.0
Alex Freeland,Los Angeles,27,89,1,8,6,0,0.241,0.299,0.329,0.628,0.079,0.292,0.088,42.0,67.0,51.0,39.0,25.0,17.0,37.0
Mois\xc3\xa9s Ballesteros,Chicago,29,87,5,12,16,0,0.308,0.368,0.564,0.932,0.092,0.161,0.256,68.0,68.0,74.0,84.0,58.0,82.0,51.0
Edgar Quero,Chicago,25,87,0,3,5,1,0.164,0.271,0.178,0.449,0.103,0.218,0.014,4.0,1.0,60.0,9.0,36.0,48.0,60.0
Seiya Suzuki,Chicago,20,87,5,14,10,0,0.301,0.402,0.521,0.923,0.126,0.23,0.22,81.0,57.0,62.0,65.0,56.0,42.0,78.0
Mark Vientos,New York,25,87,2,8,8,0,0.238,0.287,0.363,0.65,0.069,0.241,0.125,23.0,25.0,35.0,43.0,18.0,36.0,25.0
Patrick Bailey,San Francisco,27,86,1,5,5,2,0.152,0.221,0.19,0.411,0.081,0.233,0.038,25.0,26.0,71.0,57.0,39.0,41.0,38.0
Kody Clemens,Minnesota,23,86,3,7,8,4,0.2,0.294,0.36,0.654,0.093,0.291,0.16,64.0,89.0,80.0,52.0,29.0,17.0,51.0
Ryan McMahon,New York,31,86,2,7,7,0,0.171,0.267,0.263,0.531,0.116,0.326,0.092,22.0,65.0,82.0,91.0,14.0,6.0,71.0
Nick Fortes,Tampa Bay,26,86,1,5,8,0,0.259,0.302,0.358,0.66,0.023,0.128,0.099,29.0,5.0,23.0,53.0,92.0,91.0,1.0
Matt Shaw,Chicago,30,86,3,10,10,2,0.278,0.318,0.468,0.786,0.058,0.186,0.19,40.0,32.0,15.0,21.0,82.0,65.0,19.0
Henry Davis,Pittsburgh,27,84,2,10,7,1,0.162,0.253,0.284,0.537,0.083,0.19,0.122,7.0,49.0,62.0,31.0,69.0,64.0,42.0
Carlos Cortes,Athletics,27,84,4,10,13,0,0.387,0.452,0.64,1.092,0.095,0.083,0.253,97.0,81.0,80.0,76.0,88.0,99.0,52.0
Gary S\xc3\xa1nchez,Milwaukee,22,84,5,11,14,0,0.209,0.369,0.493,0.862,0.19,0.214,0.284,90.0,84.0,36.0,36.0,33.0,51.0,98.0
Wyatt Langford,Texas,20,84,1,9,4,3,0.238,0.274,0.363,0.636,0.048,0.226,0.125,16.0,24.0,73.0,32.0,49.0,44.0,12.0
Javier B\xc3\xa1ez,Detroit,24,82,2,10,6,1,0.256,0.28,0.397,0.678,0.024,0.195,0.141,27.0,13.0,5.0,10.0,35.0,60.0,1.0
Luisangel Acu\xc3\xb1a,Chicago,26,82,0,7,3,6,0.178,0.247,0.192,0.439,0.073,0.146,0.014,13.0,13.0,31.0,33.0,56.0,86.0,29.0
Leody Taveras,Baltimore,26,82,2,10,17,1,0.275,0.383,0.435,0.817,0.146,0.195,0.16,77.0,28.0,23.0,30.0,46.0,60.0,88.0
Danny Jansen,Texas,23,81,2,6,8,0,0.205,0.284,0.37,0.654,0.086,0.321,0.165,2.0,35.0,25.0,25.0,33.0,7.0,44.0
Royce Lewis,Minnesota,21,80,3,7,10,2,0.186,0.288,0.343,0.63,0.112,0.288,0.157,35.0,79.0,49.0,67.0,12.0,19.0,68.0
Joey Ortiz,Milwaukee,27,80,0,11,7,4,0.186,0.269,0.186,0.455,0.1,0.2,0.0,3.0,17.0,9.0,16.0,85.0,57.0,56.0
Curtis Mead,Washington,25,79,4,13,12,2,0.214,0.304,0.457,0.761,0.101,0.152,0.243,67.0,64.0,45.0,68.0,90.0,85.0,57.0
Jorbit Vivas,Washington,27,79,0,12,3,0,0.273,0.364,0.318,0.682,0.076,0.127,0.045,27.0,6.0,1.0,4.0,96.0,91.0,31.0
Miguel Andujar,San Diego,22,79,1,7,8,1,0.32,0.354,0.467,0.821,0.038,0.165,0.147,18.0,13.0,38.0,46.0,81.0,78.0,6.0
Tristan Peters,Chicago,30,79,0,8,5,3,0.286,0.351,0.329,0.679,0.076,0.241,0.043,25.0,19.0,51.0,4.0,40.0,36.0,31.0
Dominic Canzone,Seattle,28,79,3,10,12,1,0.264,0.316,0.486,0.803,0.063,0.228,0.222,81.0,91.0,99.0,93.0,23.0,43.0,21.0
Jake Mangum,Pittsburgh,28,78,0,13,3,5,0.271,0.338,0.3,0.638,0.077,0.218,0.029,20.0,1.0,1.0,15.0,61.0,48.0,34.0
Taylor Walls,Tampa Bay,21,78,0,11,4,5,0.203,0.311,0.25,0.561,0.115,0.269,0.047,1.0,1.0,1.0,1.0,63.0,26.0,70.0
Bo Naylor,Cleveland,24,78,1,3,4,0,0.137,0.192,0.205,0.398,0.064,0.244,0.068,15.0,57.0,49.0,35.0,91.0,35.0,22.0
Nick Yorke,Pittsburgh,23,78,1,6,6,0,0.221,0.308,0.309,0.617,0.09,0.192,0.088,57.0,28.0,72.0,85.0,83.0,62.0,49.0
Juan Soto,New York,18,77,3,8,8,1,0.338,0.442,0.538,0.98,0.156,0.143,0.2,99.0,99.0,93.0,85.0,71.0,87.0,90.0
Blaze Alexander,Baltimore,27,77,0,8,1,3,0.174,0.24,0.203,0.443,0.065,0.312,0.029,31.0,9.0,86.0,85.0,9.0,10.0,23.0
Pedro Pag\xc3\xa9s,St. Louis,21,76,3,7,8,2,0.261,0.307,0.435,0.741,0.039,0.237,0.174,18.0,42.0,6.0,16.0,38.0,38.0,7.0
George Springer,Toronto,18,75,2,4,7,1,0.212,0.307,0.364,0.67,0.107,0.2,0.152,34.0,44.0,36.0,52.0,63.0,57.0,65.0
Lane Thomas,Kansas City,27,75,1,7,6,3,0.246,0.387,0.311,0.698,0.173,0.173,0.065,58.0,9.0,8.0,41.0,75.0,73.0,94.0
Heriberto Hern\xc3\xa1ndez,Miami,22,74,0,4,9,3,0.159,0.284,0.19,0.474,0.135,0.189,0.031,29.0,21.0,45.0,49.0,25.0,64.0,84.0
Matt Vierling,Detroit,26,74,1,7,11,1,0.212,0.27,0.348,0.619,0.081,0.162,0.136,25.0,17.0,29.0,39.0,94.0,81.0,38.0
Graham Pauley,Miami,25,74,1,7,9,1,0.188,0.233,0.319,0.552,0.054,0.257,0.131,1.0,20.0,1.0,2.0,56.0,29.0,15.0
Jorge Barrosa,Arizona,25,73,1,9,7,0,0.209,0.254,0.418,0.671,0.041,0.301,0.209,1.0,49.0,10.0,3.0,55.0,12.0,7.0
Ezequiel Duran,Texas,25,73,1,9,8,3,0.277,0.347,0.4,0.747,0.096,0.192,0.123,30.0,19.0,83.0,56.0,24.0,62.0,53.0
Javier Sanoja,Miami,25,73,0,2,10,2,0.303,0.37,0.348,0.718,0.096,0.123,0.045,6.0,7.0,18.0,19.0,93.0,92.0,53.0
Jake Fraley,Tampa Bay,23,72,2,4,5,2,0.246,0.319,0.431,0.75,0.097,0.25,0.185,25.0,49.0,5.0,3.0,72.0,32.0,54.0
Adley Rutschman,Baltimore,18,72,4,9,17,0,0.313,0.361,0.582,0.943,0.069,0.139,0.269,37.0,37.0,47.0,72.0,97.0,89.0,25.0
Brent Rooker,Athletics,17,72,3,7,11,2,0.159,0.236,0.302,0.538,0.097,0.319,0.143,37.0,84.0,29.0,46.0,1.0,8.0,54.0
Dominic Smith,Atlanta,25,72,4,11,17,0,0.333,0.366,0.545,0.912,0.042,0.125,0.212,94.0,63.0,58.0,37.0,76.0,92.0,8.0
Lenyn Sosa,"Chicago,Toronto",24,72,1,8,9,0,0.257,0.254,0.386,0.639,0.0,0.208,0.129,10.0,37.0,49.0,35.0,61.0,54.0,1.0
Brice Matthews,Houston,25,72,3,7,11,2,0.231,0.296,0.431,0.727,0.083,0.389,0.2,14.0,66.0,20.0,22.0,2.0,1.0,42.0
Jordan Beck,Colorado,24,71,1,4,9,2,0.167,0.211,0.258,0.469,0.056,0.239,0.091,,,,,,,
Brendan Donovan,Seattle,18,71,3,7,8,1,0.304,0.437,0.518,0.954,0.127,0.169,0.214,,,,,,,
Everson Pereira,Chicago,18,71,3,7,7,1,0.25,0.31,0.453,0.763,0.056,0.296,0.203,47.0,73.0,25.0,60.0,3.0,15.0,18.0
Colton Cowser,Baltimore,28,70,0,8,3,0,0.183,0.275,0.217,0.492,0.114,0.314,0.034,15.0,61.0,8.0,43.0,3.0,9.0,69.0
Jonny DeLuca,Tampa Bay,24,70,2,13,13,3,0.284,0.314,0.463,0.777,0.043,0.171,0.179,39.0,27.0,31.0,18.0,67.0,74.0,8.0
Carlos Narv\xc3\xa1ez,Boston,20,70,2,7,3,1,0.227,0.261,0.348,0.609,0.043,0.286,0.121,2.0,49.0,86.0,67.0,46.0,19.0,8.0
Tyler Freeman,Colorado,19,69,1,5,10,2,0.293,0.379,0.362,0.741,0.043,0.101,0.069,,,,,,,
Jake McCarthy,Colorado,25,69,0,5,7,6,0.259,0.333,0.379,0.713,0.087,0.174,0.12,,,,,,,
Amed Rosario,New York,21,67,4,7,14,0,0.267,0.313,0.517,0.83,0.075,0.194,0.25,,,,,,,
Nathaniel Lowe,Cincinnati,21,66,5,8,15,0,0.288,0.364,0.627,0.991,0.106,0.182,0.339,,,,,,,
Joey Wiemer,Washington,25,66,3,13,8,1,0.31,0.394,0.552,0.946,0.121,0.379,0.242,,,,,,,
Joey Loperfido,Houston,20,66,0,7,7,1,0.276,0.348,0.362,0.711,0.091,0.288,0.086,,,,,,,
Ram\xc3\xb3n Ur\xc3\xadas,St. Louis,24,66,2,9,5,0,0.164,0.288,0.327,0.615,0.091,0.182,0.163,,,,,,,
Hyeseong Kim,Los Angeles,23,66,1,7,7,5,0.293,0.364,0.397,0.76,0.106,0.197,0.104,,,,,,,
Adrian Del Castillo,Arizona,17,65,2,6,11,0,0.21,0.246,0.355,0.601,0.046,0.323,0.145,,,,,,,
Davis Schneider,Toronto,26,65,1,13,7,0,0.137,0.323,0.255,0.578,0.215,0.308,0.118,,,,,,,
J.T. Realmuto,Philadelphia,18,64,1,5,4,0,0.246,0.328,0.333,0.661,0.078,0.188,0.087,,,,,,,
Adam Frazier,Los Angeles,26,64,1,13,5,0,0.255,0.339,0.418,0.757,0.094,0.281,0.163,,,,,,,
Nick Castellanos,San Diego,20,63,1,3,9,0,0.153,0.206,0.254,0.461,0.063,0.27,0.101,,,,,,,
Michael Massey,Kansas City,22,63,1,6,7,1,0.207,0.238,0.345,0.583,0.048,0.254,0.138,,,,,,,
Richie Palacios,Tampa Bay,22,63,1,8,5,4,0.204,0.365,0.286,0.651,0.159,0.206,0.082,,,,,,,
Keibert Ruiz,Washington,21,62,1,4,9,0,0.186,0.21,0.305,0.515,0.016,0.145,0.119,,,,,,,
Miguel Amaya,Chicago,20,62,2,10,6,0,0.231,0.355,0.365,0.72,0.129,0.226,0.134,,,,,,,
Freddy Fermin,San Diego,24,62,0,10,3,0,0.176,0.29,0.255,0.545,0.113,0.226,0.079,,,,,,,
Jorge Polanco,New York,14,61,1,3,2,0,0.179,0.246,0.286,0.532,0.082,0.18,0.107,,,,,,,
Drew Millas,Washington,24,61,0,5,3,0,0.148,0.22,0.185,0.406,0.082,0.279,0.037,,,,,,,
Tristan Gray,Minnesota,18,61,3,8,13,0,0.273,0.317,0.455,0.771,0.049,0.328,0.182,,,,,,,
Tyrone Taylor,New York,25,60,2,4,8,0,0.214,0.241,0.339,0.581,0.033,0.167,0.125,,,,,,,
Masataka Yoshida,Boston,19,60,0,5,5,1,0.265,0.4,0.327,0.727,0.167,0.117,0.062,,,,,,,
Denzel Clarke,Athletics,22,60,0,4,6,2,0.17,0.228,0.189,0.417,0.067,0.4,0.019,,,,,,,
Wenceel P\xc3\xa9rez,Detroit,19,58,2,7,5,3,0.17,0.241,0.302,0.543,0.086,0.103,0.132,,,,,,,
Jonathan India,Kansas City,17,58,2,8,8,0,0.167,0.31,0.313,0.623,0.138,0.224,0.146,,,,,,,
Jos\xc3\xa9 Tena,Washington,25,58,1,8,7,0,0.259,0.31,0.352,0.662,0.052,0.31,0.093,,,,,,,
Myles Straw,Toronto,26,57,2,15,6,1,0.286,0.357,0.449,0.806,0.105,0.088,0.163,,,,,,,
Thomas Saggese,St. Louis,18,57,0,5,2,0,0.17,0.228,0.208,0.436,0.07,0.333,0.038,,,,,,,
Sam Antonacci,Chicago,16,57,1,7,7,0,0.271,0.368,0.458,0.827,0.07,0.07,0.187,,,,,,,
Christian Yelich,Milwaukee,15,56,1,10,10,3,0.314,0.375,0.451,0.826,0.089,0.25,0.137,,,,,,,
Nathan Lukes,Toronto,20,56,0,5,8,0,0.25,0.286,0.327,0.613,0.018,0.125,0.077,,,,,,,
Christian V\xc3\xa1zquez,Houston,16,56,2,6,11,0,0.32,0.382,0.52,0.902,0.089,0.143,0.2,,,,,,,
Juan Brito,Cleveland,15,56,0,7,3,0,0.176,0.25,0.255,0.505,0.071,0.304,0.079,,,,,,,
Harrison Bader,San Francisco,15,55,1,4,3,0,0.115,0.145,0.192,0.338,0.036,0.309,0.077,,,,,,,
Miguel Rojas,Los Angeles,20,54,1,4,5,0,0.306,0.34,0.429,0.768,0.056,0.148,0.123,,,,,,,
Luis Campusano,San Diego,17,54,3,8,10,0,0.3,0.352,0.62,0.972,0.074,0.278,0.32,,,,,,,
Rafael March\xc3\xa1n,Philadelphia,16,54,1,3,2,0,0.078,0.13,0.137,0.267,0.019,0.204,0.059,,,,,,,
Tyler Heineman,Toronto,19,54,0,4,2,0,0.188,0.235,0.188,0.423,0.019,0.259,0.0,,,,,,,
Will Benson,Cincinnati,25,54,2,6,4,1,0.196,0.315,0.413,0.728,0.148,0.278,0.217,,,,,,,
Blake Perkins,Milwaukee,18,53,0,5,5,1,0.109,0.212,0.174,0.385,0.094,0.245,0.065,,,,,,,
Darell Hernaiz,Athletics,20,53,1,4,4,2,0.222,0.327,0.289,0.616,0.132,0.132,0.067,,,,,,,
Dalton Rushing,Los Angeles,16,53,7,13,17,0,0.34,0.415,0.83,1.245,0.075,0.264,0.49,,,,,,,
Vaughn Grissom,Los Angeles,15,53,1,6,7,0,0.318,0.385,0.477,0.862,0.113,0.075,0.159,,,,,,,
Tim Tawa,Arizona,19,53,1,3,6,0,0.156,0.25,0.267,0.517,0.113,0.208,0.111,,,,,,,
Ty France,San Diego,18,52,3,8,8,1,0.265,0.308,0.531,0.838,0.038,0.077,0.266,,,,,,,
Dane Myers,Cincinnati,27,52,1,12,4,2,0.286,0.423,0.357,0.78,0.173,0.173,0.071,,,,,,,
James McCann,Arizona,17,52,0,3,6,0,0.18,0.196,0.24,0.436,0.019,0.327,0.06,,,,,,,
Kyle Stowers,Miami,11,51,0,6,1,0,0.205,0.314,0.273,0.586,0.118,0.255,0.068,,,,,,,
Brett Sullivan,Colorado,18,51,0,2,7,0,0.286,0.314,0.408,0.722,0.039,0.176,0.122,,,,,,,
Tyler O\'Neill,Baltimore,15,50,1,8,4,0,0.22,0.36,0.293,0.653,0.14,0.22,0.073,,,,,,,
Kyle Higashioka,Texas,14,50,1,5,3,0,0.222,0.3,0.311,0.611,0.1,0.3,0.089,,,,,,,
Drew Gilbert,San Francisco,16,50,2,5,5,0,0.283,0.327,0.435,0.761,0.06,0.2,0.152,,,,,,,
Gabriel Moreno,Arizona,14,50,0,6,5,0,0.244,0.3,0.356,0.656,0.06,0.22,0.112,,,,,,,
Dustin Harris,"Chicago,Houston",16,50,0,6,5,4,0.238,0.34,0.31,0.65,0.12,0.14,0.072,,,,,,,
Mitch Garver,Seattle,15,49,0,4,1,0,0.2,0.347,0.225,0.572,0.184,0.306,0.025,,,,,,,
Edmundo Sosa,Philadelphia,18,49,1,5,8,2,0.277,0.306,0.404,0.71,0.041,0.184,0.127,,,,,,,
Andruw Monasterio,Boston,15,48,1,5,8,1,0.227,0.292,0.386,0.678,0.083,0.167,0.159,,,,,,,
Eli White,Atlanta,20,48,2,6,8,0,0.196,0.208,0.348,0.556,0.021,0.188,0.152,,,,,,,
David Fry,Cleveland,18,48,2,8,3,0,0.231,0.375,0.41,0.785,0.188,0.333,0.179,,,,,,,
Connor Wong,Boston,14,47,0,3,5,1,0.244,0.326,0.366,0.692,0.085,0.149,0.122,,,,,,,
Jeremy Pe\xc3\xb1a,Houston,10,46,0,5,0,1,0.256,0.304,0.349,0.653,0.065,0.13,0.093,,,,,,,
Brandon Valenzuela,Toronto,16,46,3,6,6,0,0.209,0.261,0.419,0.679,0.065,0.304,0.21,,,,,,,
Zach McKinstry,Detroit,14,46,1,2,5,0,0.209,0.261,0.326,0.586,0.065,0.217,0.117,,,,,,,
Andrew McCutchen,Texas,21,45,1,5,5,0,0.195,0.244,0.317,0.562,0.067,0.378,0.122,,,,,,,
Joey Bart,Pittsburgh,16,45,1,5,3,0,0.195,0.244,0.293,0.537,0.044,0.378,0.098,,,,,,,
Austin Hedges,Cleveland,13,44,1,10,3,0,0.325,0.364,0.5,0.864,0.068,0.205,0.175,,,,,,,
Austin Hays,Chicago,12,44,1,3,7,0,0.233,0.25,0.326,0.576,0.023,0.295,0.093,,,,,,,
Rob Refsnyder,Seattle,18,43,2,4,3,0,0.132,0.209,0.289,0.499,0.093,0.209,0.157,,,,,,,
Derek Hill,Chicago,26,43,1,5,1,4,0.243,0.333,0.324,0.658,0.116,0.326,0.081,,,,,,,
Jake Meyers,Houston,12,43,1,5,4,1,0.243,0.326,0.378,0.704,0.093,0.186,0.135,,,,,,,
Lourdes Gurriel Jr.,Arizona,10,42,0,2,4,0,0.2,0.238,0.25,0.488,0.048,0.167,0.05,,,,,,,
Zack Gelof,Athletics,17,40,1,6,6,2,0.243,0.263,0.351,0.615,0.025,0.25,0.108,,,,,,,
Hunter Feduccia,Tampa Bay,17,40,0,5,4,0,0.25,0.385,0.281,0.666,0.15,0.35,0.031,,,,,,,
Jonah Heim,Atlanta,11,40,0,2,3,0,0.2,0.3,0.286,0.586,0.125,0.125,0.086,,,,,,,
Ryan Vilade,Tampa Bay,17,40,0,4,5,1,0.297,0.35,0.351,0.701,0.075,0.175,0.054,,,,,,,
Jahmai Jones,Detroit,21,39,2,4,5,0,0.211,0.231,0.421,0.652,0.026,0.333,0.21,,,,,,,
Jorge Mateo,Atlanta,19,39,1,11,3,2,0.27,0.308,0.405,0.713,0.051,0.385,0.135,,,,,,,
Parker Meadows,Detroit,12,39,0,3,2,3,0.25,0.308,0.333,0.641,0.051,0.256,0.083,,,,,,,
Alex Call,Los Angeles,13,38,0,6,3,0,0.3,0.447,0.367,0.814,0.184,0.105,0.067,,,,,,,
George Valera,Cleveland,13,38,0,1,6,0,0.216,0.237,0.297,0.534,0.026,0.211,0.081,,,,,,,
Michael Conforto,Chicago,17,38,0,5,5,0,0.3,0.421,0.433,0.854,0.184,0.263,0.133,,,,,,,
Paul Goldschmidt,New York,11,38,1,7,4,0,0.156,0.289,0.375,0.664,0.132,0.211,0.219,,,,,,,
Nick Loftin,Kansas City,11,37,0,7,7,0,0.258,0.378,0.355,0.733,0.162,0.081,0.097,,,,,,,
Isiah Kiner-Falefa,Boston,15,37,0,5,3,2,0.229,0.27,0.229,0.499,0.054,0.189,0.0,,,,,,,
Bryce Teodosio,Los Angeles,27,36,0,2,2,2,0.242,0.286,0.273,0.558,0.056,0.417,0.031,,,,,,,
MJ Melendez,New York,13,36,2,4,6,0,0.313,0.371,0.594,0.965,0.083,0.361,0.281,,,,,,,
Rece Hinds,Cincinnati,12,36,0,2,5,0,0.121,0.167,0.212,0.379,0.028,0.5,0.091,,,,,,,
J.C. Escarra,New York,11,36,0,3,5,0,0.2,0.222,0.343,0.565,0.028,0.278,0.143,,,,,,,
Eloy Jim\xc3\xa9nez,Toronto,12,35,0,2,3,0,0.29,0.343,0.29,0.633,0.086,0.2,0.0,,,,,,,
Austin Slater,"Miami,New York",16,35,0,2,1,1,0.233,0.314,0.267,0.581,0.114,0.286,0.034,,,,,,,
Travis d\'Arnaud,Los Angeles,11,35,0,4,0,0,0.133,0.257,0.167,0.424,0.086,0.171,0.034,,,,,,,
Starling Marte,Kansas City,12,35,0,2,2,0,0.303,0.314,0.394,0.708,0.0,0.286,0.091,,,,,,,
Austin Wynns,Athletics,12,35,0,2,0,0,0.094,0.147,0.094,0.241,0.057,0.171,0.0,,,,,,,
Jake Rogers,Detroit,10,34,0,2,4,1,0.133,0.176,0.2,0.376,0.029,0.294,0.067,,,,,,,
Jos\xc3\xa9 Ferm\xc3\xadn,St. Louis,13,34,1,2,4,0,0.276,0.333,0.448,0.782,0.088,0.206,0.172,,,,,,,
Reese McGuire,Chicago,11,34,0,1,3,0,0.172,0.273,0.172,0.445,0.059,0.265,0.0,,,,,,,
Tanner Murray,Chicago,13,33,1,2,3,0,0.214,0.281,0.321,0.603,0.061,0.212,0.107,,,,,,,
Hao-Yu Lee,Detroit,11,33,1,2,4,0,0.2,0.273,0.367,0.639,0.091,0.303,0.167,,,,,,,
Randal Grichuk,New York,16,33,0,8,2,0,0.194,0.212,0.323,0.535,0.03,0.303,0.129,,,,,,,
Taylor Trammell,Houston,10,33,0,4,4,1,0.345,0.424,0.448,0.873,0.121,0.273,0.103,,,,,,,
James Outman,Minnesota,25,33,0,6,0,4,0.129,0.182,0.194,0.375,0.061,0.364,0.065,,,,,,,
Jerar Encarnacion,San Francisco,16,33,0,1,0,0,0.188,0.212,0.219,0.431,0.03,0.242,0.031,,,,,,,
Gabriel Arias,Cleveland,10,32,2,2,4,0,0.2,0.25,0.433,0.683,0.062,0.375,0.233,,,,,,,
Ronny Mauricio,New York,10,32,1,3,2,0,0.219,0.219,0.313,0.531,0.0,0.375,0.094,,,,,,,
Mookie Betts,Los Angeles,8,32,2,7,7,0,0.179,0.281,0.429,0.71,0.094,0.125,0.25,,,,,,,
Luis Torrens,New York,13,31,0,2,4,0,0.2,0.2,0.267,0.467,0.0,0.194,0.067,,,,,,,
Noelvi Marte,Cincinnati,11,31,0,2,0,1,0.138,0.194,0.138,0.331,0.065,0.323,0.0,,,,,,,
Sam Haggerty,Texas,18,28,0,2,1,1,0.192,0.25,0.192,0.442,0.036,0.429,0.0,,,,,,,
Jared Triolo,Pittsburgh,7,27,0,2,1,0,0.208,0.296,0.25,0.546,0.074,0.185,0.042,,,,,,,
Santiago Espinal,Los Angeles,15,27,0,3,2,0,0.2,0.2,0.28,0.48,0.0,0.148,0.08,,,,,,,
Carlos Santana,Arizona,8,26,0,1,0,0,0.083,0.154,0.125,0.279,0.077,0.308,0.042,,,,,,,
Bryce Johnson,San Diego,17,26,0,4,2,4,0.217,0.28,0.304,0.584,0.077,0.385,0.087,,,,,,,
Carson Williams,Tampa Bay,7,25,0,4,3,0,0.13,0.167,0.174,0.341,0.04,0.36,0.044,,,,,,,
CJ Kayfus,Cleveland,9,25,1,4,2,0,0.182,0.28,0.364,0.644,0.08,0.32,0.182,,,,,,,
Griffin Conine,Miami,11,25,2,6,4,2,0.273,0.36,0.591,0.951,0.08,0.24,0.318,,,,,,,
Felix Reyes,Philadelphia,7,24,1,2,1,0,0.125,0.125,0.25,0.375,0.0,0.167,0.125,,,,,,,
Daniel Susac,San Francisco,11,24,0,1,5,0,0.478,0.5,0.652,1.152,0.042,0.125,0.174,,,,,,,
Addison Barger,Toronto,8,23,0,1,2,0,0.053,0.174,0.105,0.279,0.13,0.261,0.052,,,,,,,
Jared Young,New York,11,23,0,2,2,0,0.35,0.391,0.45,0.841,0.087,0.13,0.1,,,,,,,
Alejandro Kirk,Toronto,5,22,1,2,2,0,0.15,0.227,0.35,0.577,0.091,0.091,0.2,,,,,,,
Greg Jones,Milwaukee,10,22,0,0,1,1,0.095,0.095,0.095,0.19,0.0,0.409,0.0,,,,,,,
Otto Kemp,Philadelphia,10,22,0,0,0,0,0.1,0.182,0.1,0.282,0.045,0.409,0.0,,,,,,,
Tyler Black,Milwaukee,6,22,0,2,7,0,0.429,0.455,0.619,1.074,0.045,0.227,0.19,,,,,,,
Nick Allen,Houston,14,22,0,5,0,0,0.25,0.318,0.3,0.618,0.091,0.227,0.05,,,,,,,
Alejandro Osuna,Texas,8,21,0,2,2,0,0.25,0.429,0.313,0.741,0.19,0.19,0.063,,,,,,,
Andy Ib\xc3\xa1\xc3\xb1ez,"Athletics,New York",12,21,0,1,4,0,0.105,0.143,0.105,0.248,0.048,0.143,0.0,,,,,,,
Luis Matos,Milwaukee,9,21,0,1,0,0,0.2,0.238,0.2,0.438,0.048,0.333,0.0,,,,,,,
Jeimer Candelario,Los Angeles,7,20,0,3,0,0,0.111,0.2,0.222,0.422,0.05,0.4,0.111,,,,,,,
Jordan Lawlar,Arizona,6,20,1,3,2,1,0.333,0.4,0.556,0.956,0.05,0.3,0.223,,,,,,,
Weston Wilson,Baltimore,7,19,0,4,2,1,0.267,0.421,0.333,0.754,0.158,0.263,0.066,,,,,,,
Ryan Kreidler,Minnesota,5,18,2,2,4,0,0.214,0.389,0.714,1.103,0.222,0.167,0.5,,,,,,,
Connor Joe,Seattle,7,18,1,2,3,1,0.235,0.278,0.471,0.748,0.056,0.278,0.236,,,,,,,
Travis Bazzana,Cleveland,4,18,0,3,2,1,0.077,0.333,0.077,0.41,0.278,0.222,0.0,,,,,,,
JJ Bleday,Cincinnati,5,17,2,4,3,0,0.308,0.471,0.846,1.317,0.235,0.118,0.538,,,,,,,
Jose Trevino,Cincinnati,5,17,0,0,0,0,0.125,0.176,0.125,0.301,0.059,0.235,0.0,,,,,,,
Leo Jimenez,Miami,8,17,0,1,0,0,0.231,0.412,0.231,0.643,0.176,0.118,0.0,,,,,,,
Yohel Pozo,St. Louis,9,17,0,0,3,0,0.118,0.118,0.176,0.294,0.0,0.0,0.058,,,,,,,
Daniel Johnson,Houston,7,16,0,1,0,0,0.154,0.313,0.154,0.466,0.125,0.188,0.0,,,,,,,
Colby Thomas,Athletics,5,16,0,0,1,0,0.231,0.333,0.231,0.564,0.125,0.312,0.0,,,,,,,
Dylan Moore,Philadelphia,13,15,0,3,0,1,0.0,0.2,0.0,0.2,0.2,0.4,0.0,,,,,,,
Ryan Mountcastle,Baltimore,8,15,0,0,1,0,0.286,0.333,0.357,0.69,0.067,0.133,0.071,,,,,,,
Jasson Dom\xc3\xadnguez,New York,4,14,0,0,0,0,0.154,0.214,0.154,0.368,0.0,0.214,0.0,,,,,,,
Tommy Pham,New York,9,14,0,1,0,0,0.0,0.071,0.0,0.071,0.071,0.5,0.0,,,,,,,
Shay Whitcomb,Houston,9,13,1,1,3,0,0.083,0.154,0.333,0.487,0.077,0.538,0.25,,,,,,,
Garrett Stubbs,Philadelphia,5,13,0,2,1,0,0.273,0.308,0.273,0.58,0.077,0.077,0.0,,,,,,,
Kyle Farmer,Atlanta,8,13,0,2,3,0,0.333,0.308,0.417,0.724,0.0,0.154,0.084,,,,,,,
V\xc3\xadctor Robles,Seattle,4,13,0,0,1,1,0.231,0.231,0.308,0.538,0.0,0.231,0.077,,,,,,,
Drew Romo,Chicago,4,13,2,3,3,0,0.286,0.615,1.143,1.758,0.385,0.077,0.857,,,,,,,
P.J. Higgins,Cincinnati,5,12,0,0,1,0,0.2,0.25,0.2,0.45,0.083,0.333,0.0,,,,,,,
Christian Koss,San Francisco,6,12,0,0,0,0,0.083,0.083,0.167,0.25,0.0,0.083,0.084,,,,,,,
Elias D\xc3\xadaz,Kansas City,4,12,1,2,3,0,0.364,0.417,0.818,1.235,0.083,0.083,0.454,,,,,,,
Billy Cook,Pittsburgh,21,12,0,5,0,2,0.333,0.333,0.333,0.667,0.0,0.333,0.0,,,,,,,
Johnathan Rodr\xc3\xadguez,Baltimore,5,11,0,0,1,0,0.0,0.273,0.0,0.273,0.273,0.364,0.0,,,,,,,
Yohendrick Pinango,Toronto,5,11,0,0,3,0,0.5,0.545,0.5,1.045,0.091,0.0,0.0,,,,,,,
Andr\xc3\xa9s Chaparro,Washington,4,10,0,1,0,0,0.222,0.3,0.333,0.633,0.1,0.2,0.111,,,,,,,
Esteury Ruiz,Miami,6,10,1,2,1,1,0.3,0.3,0.7,1.0,0.0,0.4,0.4,,,,,,,
Braden Shewmake,Houston,4,10,1,2,1,0,0.2,0.2,0.5,0.7,0.0,0.3,0.3,,,,,,,
Christopher Morel,Miami,3,9,0,1,0,0,0.143,0.333,0.143,0.476,0.111,0.333,0.0,,,,,,,
Will Brennan,San Francisco,5,9,0,0,0,0,0.0,0.0,0.0,0.0,0.0,0.222,0.0,,,,,,,
Sam Huff,Baltimore,3,9,0,1,1,0,0.222,0.222,0.333,0.556,0.0,0.556,0.111,,,,,,,
Pavin Smith,Arizona,2,8,0,1,1,0,0.167,0.375,0.167,0.542,0.25,0.25,0.0,,,,,,,
Ryan Ritter,Colorado,6,7,0,1,0,0,0.143,0.143,0.143,0.286,0.0,0.429,0.0,,,,,,,
Jared Oliva,San Francisco,7,7,0,1,0,1,0.143,0.143,0.143,0.286,0.0,0.143,0.0,,,,,,,
Deyvison De Los Santos,Miami,3,7,0,0,0,0,0.286,0.286,0.429,0.714,0.0,0.429,0.143,,,,,,,
Will Wilson,Seattle,2,6,1,1,2,0,0.2,0.333,0.8,1.133,0.167,0.167,0.6,,,,,,,
Eric Haase,San Francisco,3,6,0,2,1,0,0.333,0.333,0.5,0.833,0.0,0.167,0.167,,,,,,,
Ryan Ward,Los Angeles,2,6,0,0,1,0,0.333,0.333,0.333,0.667,0.0,0.167,0.0,,,,,,,
Jace Jung,Detroit,2,6,0,1,0,0,0.25,0.5,0.25,0.75,0.333,0.167,0.0,,,,,,,
Luken Baker,Arizona,3,5,0,0,0,0,0.2,0.2,0.2,0.4,0.0,0.6,0.0,,,,,,,
Jarred Kelenic,Chicago,2,5,0,0,0,0,0.0,0.2,0.0,0.2,0.2,0.2,0.0,,,,,,,
Tyler Tolbert,Kansas City,7,5,0,1,0,1,0.2,0.2,0.2,0.4,0.0,0.2,0.0,,,,,,,
Braxton Fulford,Colorado,3,5,1,2,2,0,0.4,0.4,1.0,1.4,0.0,0.4,0.6,,,,,,,
Sebasti\xc3\xa1n Rivero,Los Angeles,5,4,0,0,0,0,0.5,0.5,0.5,1.0,0.0,0.0,0.0,,,,,,,
Scott Kingery,Chicago,8,4,0,2,0,1,0.25,0.25,0.25,0.5,0.0,0.0,0.0,,,,,,,
Andrew Vaughn,Milwaukee,1,4,0,0,1,0,0.25,0.25,0.25,0.5,0.0,0.0,0.0,,,,,,,
Dylan Carlson,Chicago,3,4,0,1,0,0,0.0,0.0,0.0,0.0,0.0,0.5,0.0,,,,,,,
Nicky Lopez,Chicago,2,4,0,1,0,0,0.0,0.0,0.0,0.0,0.0,0.5,0.0,,,,,,,
Aramis Garcia,Arizona,3,3,0,0,0,0,0.333,0.333,0.333,0.667,0.0,0.333,0.0,,,,,,,
Max Schuemann,New York,1,2,0,0,0,0,0.0,0.5,0.0,0.5,0.5,0.0,0.0,,,,,,,
Jeferson Quero,Milwaukee,1,2,0,0,0,0,0.0,0.5,0.0,0.5,0.5,0.0,0.0,,,,,,,
Ryan Bliss,Seattle,1,2,0,0,0,0,0.0,0.0,0.0,0.0,0.0,1.0,0.0,,,,,,,
Luke Williams,Atlanta,2,1,0,0,0,0,,1.0,,,1.0,0.0,,,,,,,,
Patrick Wisdom,Seattle,1,1,0,0,0,0,0.0,0.0,0.0,0.0,0.0,1.0,0.0,,,,,,,
Brett Harris,Athletics,1,1,0,0,0,0,0.0,0.0,0.0,0.0,0.0,1.0,0.0,,,,,,,
Petey Halpin,Cleveland,1,1,0,0,0,0,0.0,0.0,0.0,0.0,0.0,0.0,0.0,,,,,,,
Sung-Mun Song,San Diego,1,0,0,0,0,0,,,,,,,,,,,,,,
