Name,Team,mlbID,G,GS,IP,W,L,SV,ERA,WHIP,K/9,BB/9,HR/9,BABIP,P_xERA,P_xwOBA,P_FBVelo,P_K,P_BB,P_Whiff,P_Barrel
Sandy Alcantara,Miami,645261,36,33,214.0,13.0,11.0,3.0,3.87,1.229,6.4,2.48,1.01,0.278,64.0,64.0,90.0,25.1,79.7,17.0,83.0
Cristopher Sánchez,Philadelphia,650911,34,34,213.2,18.0,7.0,,2.95,1.217,10.0,2.11,0.8,0.335,78.0,78.0,60.0,78.8,86.5,89.0,48.0
Cam Schlittler,New York,693645,35,35,204.1,15.0,7.0,,1.94,0.92,11.1,2.25,0.71,0.255,93.0,93.0,94.0,90.0,84.2,79.0,52.0
Michael Wacha,Kansas City,608379,32,32,200.2,9.0,10.0,,3.32,1.106,7.1,2.43,1.35,0.246,54.0,54.0,30.0,34.9,80.1,21.0,56.0
Michael King,San Diego,650633,35,34,199.0,13.0,10.0,1.0,3.03,1.146,7.9,3.39,0.9,0.254,33.0,33.0,35.0,46.3,56.9,46.0,37.0
Parker Messick,Cleveland,800048,34,34,193.0,12.0,10.0,,2.66,1.088,9.5,2.56,0.84,0.277,85.0,85.0,41.0,72.4,77.5,53.0,88.0
Yoshinobu Yamamoto,Los Angeles,808967,29,29,192.0,15.0,9.0,,2.48,0.865,9.0,2.02,0.94,0.218,90.0,90.0,74.0,64.0,88.1,70.0,67.0
Gavin Williams,Cleveland,668909,34,33,190.1,14.0,8.0,,3.74,1.119,12.3,3.03,1.33,0.296,62.0,62.0,90.0,95.8,65.2,94.0,3.0
Eduardo Rodríguez,Arizona,593958,32,32,189.2,16.0,7.0,,2.89,1.239,6.8,2.95,0.9,0.275,38.0,38.0,15.0,29.0,68.6,23.0,46.0
Tanner Bibee,Cleveland,676440,34,33,188.1,7.0,15.0,,4.44,1.232,7.1,2.73,1.39,0.27,35.0,35.0,35.0,34.9,74.4,39.0,30.0
Logan Gilbert,Seattle,669302,32,32,186.0,12.0,11.0,,3.73,1.086,9.9,2.37,1.4,0.273,71.0,71.0,79.0,77.4,81.5,87.0,10.0
Reid Detmers,Los Angeles,672282,32,32,185.0,7.0,8.0,,3.36,1.038,10.3,2.34,0.92,0.275,82.0,82.0,43.0,81.5,82.4,78.0,44.0
Jesús Luzardo,Philadelphia,666200,31,30,184.2,14.0,5.0,,2.83,1.067,11.1,2.59,0.73,0.295,93.0,93.0,81.0,90.0,77.1,91.0,79.0
Nick Martinez,Tampa Bay,607259,32,32,183.2,15.0,6.0,,3.14,1.105,5.5,1.33,1.08,0.27,55.0,55.0,20.0,15.7,93.9,2.0,62.0
Sean Burke,Chicago,680732,34,28,181.2,12.0,7.0,,3.37,1.167,9.9,3.13,1.09,0.28,65.0,65.0,54.0,77.4,63.8,53.0,34.0
Kevin Gausman,"Chicago,Toronto",592332,33,33,181.0,9.0,13.0,,4.57,1.276,9.2,2.34,1.29,0.316,53.0,53.0,39.0,68.2,82.4,70.0,46.0
Drew Rasmussen,Tampa Bay,656876,31,31,180.0,17.0,5.0,,2.55,0.889,9.2,1.7,0.7,0.246,87.0,87.0,69.0,68.2,91.4,49.0,79.0
Shane Baz,Baltimore,669358,31,31,179.2,6.0,15.0,,4.11,1.347,7.7,3.16,0.75,0.31,40.0,40.0,71.0,43.2,63.3,20.0,62.0
Nolan McLean,New York,690997,31,31,179.2,12.0,10.0,,3.16,1.169,9.7,3.52,0.85,0.276,71.0,71.0,66.0,75.0,54.6,39.0,67.0
Jacob Misiorowski,Milwaukee,694819,31,31,178.2,16.0,5.0,,1.86,0.812,13.0,2.27,0.71,0.242,99.0,99.0,100.0,97.2,83.4,99.0,96.0
Taj Bradley,Minnesota,671737,31,31,178.1,12.0,6.0,,3.73,1.222,10.3,3.84,1.16,0.272,55.0,55.0,89.0,81.5,47.3,68.0,21.0
José Soriano,"Los Angeles,Toronto",667755,32,32,177.1,12.0,8.0,,3.91,1.286,8.6,3.71,0.91,0.29,31.0,31.0,83.0,56.7,50.5,75.0,48.0
Noah Cameron,Kansas City,702070,31,30,177.1,9.0,8.0,,4.11,1.229,8.0,2.95,1.07,0.278,47.0,47.0,18.0,47.8,68.6,56.0,37.0
Aaron Nola,Philadelphia,605400,34,34,177.0,7.0,13.0,,4.78,1.356,9.1,3.1,1.93,0.299,44.0,44.0,15.0,66.8,64.4,64.0,18.0
Foster Griffin,"Cleveland,Washington",656492,32,31,175.1,16.0,6.0,,3.59,1.203,8.5,2.31,1.18,0.294,35.0,35.0,11.0,55.2,82.8,35.0,34.0
Chris Sale,Atlanta,519242,30,29,175.1,14.0,10.0,,2.31,0.987,11.2,1.64,0.62,0.307,89.0,89.0,75.0,90.7,92.2,85.0,74.0
George Kirby,Seattle,669923,30,30,174.2,9.0,11.0,,4.33,1.397,7.6,2.43,1.14,0.337,43.0,43.0,85.0,41.6,80.1,28.0,66.0
Shota Imanaga,Chicago,684007,32,32,174.1,11.0,10.0,,3.77,1.096,9.0,1.91,1.81,0.263,64.0,64.0,10.0,64.0,89.7,82.0,12.0
Paul Skenes,Pittsburgh,694973,32,32,174.1,10.0,11.0,,3.82,1.119,10.3,2.53,1.03,0.294,82.0,82.0,85.0,81.5,78.6,73.0,52.0
Framber Valdez,Detroit,664285,31,31,174.0,10.0,12.0,,4.03,1.362,7.0,3.47,0.83,0.294,34.0,34.0,41.0,33.0,55.2,12.0,82.0
Freddy Peralta,"New York,Tampa Bay",642547,33,33,173.2,10.0,11.0,,4.35,1.313,8.2,3.33,1.25,0.286,62.0,62.0,48.0,50.5,58.4,57.0,81.0
Sonny Gray,Boston,543243,30,30,173.2,18.0,6.0,,2.75,1.152,8.0,2.39,0.88,0.287,60.0,60.0,13.0,47.8,81.0,33.0,59.0
MacKenzie Gore,Texas,669022,34,34,173.0,8.0,11.0,,4.58,1.335,9.1,3.69,0.99,0.296,44.0,44.0,60.0,66.8,51.0,48.0,28.0
Bryan Woo,Seattle,693433,30,30,172.2,12.0,10.0,,4.01,1.106,9.1,2.04,0.94,0.285,69.0,69.0,75.0,66.8,87.9,49.0,57.0
Seth Lugo,Kansas City,607625,32,32,172.1,7.0,9.0,,5.17,1.474,7.0,2.82,1.2,0.335,11.0,11.0,11.0,33.0,71.9,5.0,40.0
Cade Cavalli,Washington,676917,32,32,169.2,13.0,5.0,,3.02,1.155,10.6,2.55,0.96,0.307,69.0,69.0,83.0,84.9,77.8,68.0,57.0
Trevor Rogers,Baltimore,669432,30,30,169.2,10.0,11.0,,4.03,1.185,8.3,2.07,1.01,0.297,72.0,72.0,38.0,52.2,87.4,46.0,62.0
Robbie Ray,"San Diego,San Francisco",592662,33,31,169.1,13.0,9.0,,3.67,1.37,7.5,4.63,1.22,0.262,20.0,20.0,27.0,40.3,30.5,47.0,40.0
Dylan Cease,Toronto,656302,29,29,169.0,11.0,6.0,,2.4,1.101,12.7,4.15,0.59,0.275,91.0,91.0,83.0,96.7,39.3,96.0,83.0
Michael McGreevy,St. Louis,700241,31,31,168.2,7.0,9.0,,3.95,1.281,6.1,2.57,1.12,0.284,8.0,8.0,11.0,21.5,77.4,10.0,21.0
Andrew Abbott,Cincinnati,671096,32,32,166.0,6.0,11.0,,4.61,1.452,7.1,4.12,1.41,0.282,17.0,17.0,19.0,34.9,39.9,27.0,34.0
Zack Wheeler,Philadelphia,554430,29,28,166.0,14.0,5.0,,3.04,1.06,10.6,2.71,1.19,0.267,91.0,91.0,60.0,84.9,74.9,88.0,77.0
Braxton Ashcraft,Pittsburgh,677952,28,28,165.1,14.0,6.0,,3.65,1.089,9.4,1.91,1.2,0.287,77.0,77.0,89.0,71.2,89.7,54.0,74.0
Tarik Skubal,"Detroit,Los Angeles",669373,27,27,164.2,13.0,7.0,,2.68,0.953,10.5,1.59,0.82,0.287,90.0,90.0,85.0,83.5,92.7,90.0,65.0
Jacob deGrom,Texas,594798,31,31,162.2,11.0,11.0,,4.2,1.137,11.1,2.55,1.11,0.301,76.0,76.0,90.0,90.0,77.8,95.0,42.0
Tyler Mahle,"Atlanta,San Francisco",641816,29,29,162.1,7.0,11.0,,3.77,1.201,8.1,2.67,1.11,0.286,56.0,56.0,23.0,49.2,75.7,31.0,62.0
Andre Pallante,St. Louis,669467,29,29,162.0,12.0,9.0,,3.83,1.272,6.1,2.78,0.67,0.289,45.0,45.0,64.0,21.5,73.3,16.0,89.0
Merrill Kelly,Arizona,518876,29,29,162.0,10.0,14.0,,4.94,1.457,6.3,3.89,1.56,0.285,1.0,1.0,17.0,24.1,45.9,21.0,4.0
Anthony Kay,Chicago,641743,37,32,160.2,11.0,10.0,,4.54,1.388,7.2,3.31,1.18,0.297,12.0,12.0,69.0,36.5,58.9,36.0,38.0
Logan Webb,San Francisco,657277,27,27,160.2,8.0,9.0,,4.31,1.17,7.5,2.3,0.73,0.288,49.0,49.0,16.0,40.3,83.0,20.0,81.0
Joey Cantillo,Cleveland,676282,34,30,160.2,11.0,9.0,,3.64,1.425,9.6,4.66,0.96,0.312,54.0,54.0,17.0,73.8,30.0,78.0,48.0
Eury Pérez,Miami,691587,30,29,159.0,8.0,11.0,,3.91,1.208,9.6,3.85,1.13,0.265,52.0,52.0,94.0,73.8,46.9,75.0,10.0
Peter Lambert,Houston,663567,30,29,158.2,8.0,10.0,,3.86,1.242,8.8,3.47,0.97,0.28,67.0,67.0,39.0,59.8,55.2,52.0,62.0
Will Warren,New York,701542,33,29,157.2,11.0,6.0,,3.94,1.357,9.1,3.09,1.26,0.313,35.0,35.0,35.0,66.8,64.6,29.0,54.0
Brady Singer,Cincinnati,663903,31,31,157.0,6.0,15.0,,5.85,1.592,7.2,3.55,1.83,0.321,2.0,2.0,8.0,36.5,54.1,43.0,6.0
Walker Buehler,San Diego,621111,33,33,156.2,9.0,6.0,,4.6,1.353,7.5,3.4,1.27,0.296,40.0,40.0,45.0,40.3,56.7,8.0,33.0
Brandon Young,Baltimore,687064,28,28,156.2,9.0,6.0,,3.56,1.347,7.6,3.51,1.27,0.288,37.0,37.0,48.0,41.6,54.9,46.0,59.0
Kyle Bradish,Baltimore,680694,29,29,155.0,7.0,14.0,,4.12,1.458,8.2,4.06,1.16,0.313,30.0,30.0,52.0,50.5,41.9,39.0,30.0
Landen Roupp,San Francisco,694738,29,29,155.0,9.0,14.0,,4.01,1.297,8.3,4.35,0.64,0.273,62.0,62.0,31.0,52.2,36.0,46.0,87.0
Matthew Liberatore,St. Louis,669461,31,31,155.0,6.0,14.0,,5.23,1.471,8.9,3.19,1.63,0.336,13.0,13.0,48.0,61.3,62.3,43.0,18.0
Keider Montero,Detroit,672456,32,25,155.0,10.0,9.0,1.0,3.48,1.039,6.2,2.15,0.99,0.236,74.0,74.0,49.0,22.9,85.7,4.0,54.0
Chase Burns,Cincinnati,695505,29,29,154.1,15.0,3.0,,2.86,1.166,10.8,3.27,0.99,0.289,83.0,83.0,92.0,87.2,59.9,91.0,37.0
Grant Holmes,Atlanta,656550,33,29,154.1,11.0,6.0,,3.5,1.322,6.8,3.74,1.34,0.261,12.0,12.0,41.0,29.0,49.7,66.0,24.0
Tomoyuki Sugano,Colorado,608372,29,29,154.1,12.0,12.0,,5.37,1.315,5.6,2.1,1.93,0.276,1.0,1.0,20.0,16.6,86.6,8.0,2.0
Bubba Chandler,Pittsburgh,696149,31,30,154.0,8.0,10.0,,4.5,1.403,8.2,4.68,0.88,0.281,38.0,38.0,95.0,50.5,29.5,25.0,75.0
Payton Tolle,Boston,801139,27,27,153.1,9.0,7.0,,2.99,1.102,10.3,2.41,0.88,0.294,95.0,95.0,71.0,81.5,80.4,70.0,77.0
Sean Manaea,New York,640455,33,19,150.2,6.0,8.0,,4.78,1.301,8.6,2.64,1.5,0.302,22.0,22.0,8.0,56.7,76.4,25.0,4.0
David Peterson,"Chicago,New York",656849,33,23,149.2,9.0,8.0,1.0,4.75,1.49,8.3,3.92,0.9,0.322,22.0,22.0,18.0,52.2,45.2,29.0,70.0
Bryce Elder,Atlanta,693821,26,26,149.0,8.0,8.0,,4.11,1.268,7.3,2.96,1.45,0.269,45.0,45.0,12.0,37.7,68.1,21.0,62.0
Dustin May,"Milwaukee,St. Louis",669160,32,32,148.2,7.0,9.0,,4.72,1.325,8.9,3.16,0.85,0.321,31.0,31.0,85.0,61.3,63.3,32.0,44.0
Ranger Suarez,Boston,624133,28,28,148.1,8.0,5.0,,3.22,1.187,8.5,2.8,0.61,0.294,71.0,71.0,7.0,55.2,72.9,22.0,86.0
Walbert Ureña,Los Angeles,700712,29,27,148.1,9.0,11.0,,2.97,1.227,8.6,4.13,0.61,0.263,82.0,82.0,94.0,56.7,39.6,70.0,85.0
Kumar Rocker,Texas,677958,30,27,148.0,6.0,11.0,,4.38,1.405,8.4,3.71,1.22,0.301,30.0,30.0,49.0,53.9,50.5,57.0,48.0
Davis Martin,Chicago,663436,30,28,147.0,9.0,8.0,,4.04,1.333,7.5,2.94,0.86,0.314,24.0,24.0,32.0,40.3,69.1,36.0,67.0
Erick Fedde,Chicago,607200,35,15,146.2,8.0,9.0,,3.8,1.33,6.3,3.26,1.48,0.268,21.0,21.0,43.0,24.1,60.3,3.0,34.0
Nathan Eovaldi,Texas,543135,27,23,145.2,11.0,10.0,,4.2,1.215,8.9,2.17,1.49,0.296,38.0,38.0,43.0,61.3,85.5,79.0,34.0
Joe Ryan,Minnesota,657746,27,27,144.2,7.0,10.0,,3.79,1.161,9.9,1.93,1.31,0.297,67.0,67.0,32.0,77.4,89.3,56.0,10.0
Jeffrey Springs,Athletics,605488,29,29,142.2,4.0,14.0,,6.18,1.465,7.1,3.61,2.22,0.278,15.0,15.0,9.0,34.9,52.4,31.0,16.0
Martín Pérez,Atlanta,527048,30,26,142.0,9.0,9.0,,3.04,1.275,6.5,3.93,0.89,0.254,29.0,29.0,2.0,25.9,45.0,17.0,90.0
Randy Vásquez,San Diego,681190,32,23,140.2,10.0,6.0,,3.9,1.265,5.6,2.38,1.03,0.283,5.0,5.0,60.0,16.6,81.2,7.0,14.0
Justin Wrobleski,Los Angeles,680736,28,22,140.0,12.0,5.0,,3.66,1.143,7.6,1.99,1.35,0.269,28.0,28.0,52.0,41.6,88.7,12.0,18.0
Kyle Leahy,St. Louis,681517,30,30,140.0,10.0,5.0,,3.66,1.343,8.5,2.64,0.96,0.33,18.0,18.0,46.0,55.2,76.4,29.0,12.0
Ryan Weathers,New York,677960,27,25,139.0,5.0,8.0,,3.56,1.216,9.3,2.53,1.17,0.303,37.0,37.0,59.0,69.8,78.6,63.0,28.0
Emerson Hancock,Seattle,676106,25,25,138.2,7.0,8.0,,3.57,1.139,8.2,2.08,1.3,0.278,54.0,54.0,62.0,50.5,87.1,41.0,25.0
J.T. Ginn,Athletics,669372,27,24,138.1,9.0,8.0,,3.71,1.236,7.9,3.71,1.11,0.259,47.0,47.0,32.0,46.3,50.5,61.0,75.0
Colin Rea,Chicago,607067,34,19,137.0,8.0,8.0,2.0,4.34,1.328,6.6,3.09,1.38,0.279,8.0,8.0,35.0,26.7,64.6,9.0,9.0
Ian Seymour,Tampa Bay,693855,49,16,137.0,10.0,7.0,2.0,4.14,1.109,10.8,2.36,1.71,0.271,74.0,74.0,6.0,87.2,81.8,79.0,11.0
Brandon Pfaadt,Arizona,694297,29,19,136.0,8.0,3.0,,3.77,1.184,6.2,2.12,0.93,0.277,57.0,57.0,30.0,22.9,86.3,18.0,54.0
Kyle Freeland,Colorado,607536,26,26,135.1,4.0,12.0,,6.65,1.522,7.2,1.93,1.93,0.336,5.0,5.0,9.0,36.5,89.3,25.0,4.0
Rhett Lowder,Cincinnati,695076,29,26,133.1,7.0,12.0,,5.74,1.523,7.0,3.79,1.22,0.309,7.0,7.0,32.0,33.0,48.2,5.0,12.0
Gerrit Cole,New York,543037,23,23,132.0,10.0,10.0,,3.55,1.106,9.3,1.77,1.57,0.276,65.0,65.0,84.0,69.8,90.8,18.0,22.0
Casey Mize,"Detroit,San Diego",663554,26,26,131.1,6.0,10.0,,4.32,1.226,7.5,2.61,1.24,0.279,60.0,60.0,31.0,40.3,76.7,35.0,34.0
Bailey Ober,Minnesota,641927,25,24,131.0,7.0,7.0,1.0,4.47,1.298,6.6,2.54,1.44,0.278,25.0,25.0,1.0,26.7,78.1,11.0,11.0
Luis Castillo,"Chicago,Seattle",622491,29,23,130.2,4.0,11.0,,5.85,1.492,7.7,3.04,1.73,0.316,13.0,13.0,62.0,43.2,65.1,41.0,14.0
Matthew Boyd,Chicago,571510,23,23,130.2,10.0,6.0,,4.06,1.217,6.9,2.76,1.24,0.272,25.0,25.0,23.0,31.3,73.8,26.0,46.0
Zebby Matthews,Minnesota,805673,23,23,130.1,9.0,11.0,,4.9,1.258,8.0,2.7,1.66,0.279,34.0,34.0,62.0,47.8,75.2,29.0,7.0
Andrew Painter,Philadelphia,691725,26,23,129.2,4.0,10.0,,5.28,1.411,8.2,3.34,1.46,0.31,33.0,33.0,79.0,50.5,58.1,54.0,38.0
Michael Lorenzen,"Colorado,Toronto",547179,32,25,127.1,3.0,13.0,1.0,7.21,1.885,6.4,3.82,1.63,0.366,1.0,1.0,38.0,25.1,47.6,3.0,19.0
Tyler Phillips,Miami,663969,37,20,126.2,5.0,6.0,2.0,3.34,1.326,7.2,3.99,1.21,0.265,23.0,23.0,69.0,36.5,43.5,59.0,40.0
Connor Prielipp,Minnesota,687570,24,22,125.2,6.0,7.0,,4.87,1.289,9.2,3.16,1.01,0.308,56.0,56.0,66.0,68.2,63.3,39.0,67.0
Shane Drohan,Milwaukee,675660,33,19,124.2,7.0,5.0,2.0,4.19,1.324,9.0,3.19,1.01,0.316,64.0,64.0,57.0,64.0,62.3,66.0,30.0
Roki Sasaki,Los Angeles,808963,27,23,124.1,5.0,5.0,,4.42,1.311,9.0,3.63,1.6,0.279,38.0,38.0,93.0,64.0,52.1,81.0,12.0
Zack Littell,"Arizona,Washington",641793,26,14,124.1,8.0,8.0,,5.21,1.408,5.3,2.83,2.18,0.269,1.0,1.0,12.0,14.2,71.8,1.0,4.0
Max Fried,New York,608331,22,22,124.1,6.0,6.0,,2.9,0.989,8.5,2.47,0.51,0.259,98.0,98.0,41.0,55.2,79.9,48.0,99.0
Janson Junk,Miami,676083,26,25,123.2,6.0,9.0,,4.22,1.294,6.5,2.41,1.1,0.295,43.0,43.0,43.0,25.9,80.4,1.0,52.0
Ryan Feltner,Colorado,663372,26,22,123.1,7.0,10.0,,5.4,1.508,6.7,3.87,1.46,0.297,18.0,18.0,52.0,27.3,46.3,39.0,16.0
Jacob Lopez,Athletics,682052,27,24,123.1,7.0,5.0,,5.47,1.492,8.2,4.24,1.68,0.293,70.0,70.0,4.0,50.5,38.4,45.0,59.0
Carmen Mlodzinski,Pittsburgh,669387,37,12,123.0,8.0,7.0,2.0,3.95,1.374,7.1,3.22,0.73,0.302,18.0,18.0,55.0,34.9,61.5,14.0,59.0
Slade Cecconi,Cleveland,677944,28,21,121.0,5.0,7.0,,4.91,1.43,7.4,2.9,1.41,0.313,22.0,22.0,35.0,38.9,70.0,13.0,25.0
Jack Perkins,Athletics,678022,37,17,121.0,3.0,13.0,3.0,6.1,1.455,10.4,3.79,1.71,0.323,49.0,49.0,69.0,82.4,48.2,66.0,24.0
Bryce Miller,Seattle,682243,22,21,118.2,4.0,10.0,,4.17,1.163,9.0,2.89,1.6,0.26,67.0,67.0,73.0,64.0,70.3,48.0,40.0
Shane McClanahan,Tampa Bay,663556,24,24,118.0,10.0,7.0,,3.36,1.119,8.1,2.97,0.76,0.255,38.0,38.0,69.0,49.2,67.9,62.0,24.0
Brayan Bello,Boston,678394,27,11,117.0,6.0,7.0,1.0,4.46,1.376,7.1,2.85,1.0,0.311,18.0,18.0,66.0,34.9,71.4,47.0,52.0
Michael Soroka,Arizona,647336,22,21,116.0,9.0,5.0,,3.41,1.086,8.8,2.25,0.78,0.28,47.0,47.0,34.0,59.8,84.2,32.0,40.0
Miles Mikolas,Washington,571945,25,11,116.0,3.0,9.0,,5.82,1.379,4.5,1.78,2.09,0.284,7.0,7.0,27.0,11.3,90.6,1.0,19.0
Mitch Keller,Pittsburgh,656605,22,22,115.2,6.0,8.0,,5.29,1.375,6.9,3.28,1.17,0.292,6.0,6.0,27.0,31.3,59.6,11.0,51.0
Kyle Harrison,Milwaukee,690986,28,24,115.2,11.0,5.0,,4.2,1.349,11.0,2.81,1.56,0.333,54.0,54.0,55.0,89.3,72.4,70.0,38.0
Troy Melton,Detroit,675512,20,20,114.1,8.0,5.0,,2.76,1.128,7.4,2.92,1.03,0.248,62.0,62.0,78.0,38.9,69.5,36.0,77.0
Griffin Jax,Tampa Bay,643377,35,23,114.1,8.0,10.0,,3.54,1.172,9.4,2.84,1.18,0.286,40.0,40.0,69.0,71.2,71.6,82.0,30.0
Robert Gasser,Milwaukee,688107,22,21,113.1,5.0,5.0,,3.81,1.182,8.4,2.86,1.27,0.265,40.0,40.0,23.0,53.9,71.0,28.0,46.0
Jake Bennett,Boston,687562,20,19,113.1,9.0,7.0,,3.65,1.103,7.2,1.67,0.95,0.284,78.0,78.0,22.0,36.5,91.8,41.0,42.0
Andrew Alvarez,Washington,674841,25,17,112.2,2.0,6.0,1.0,3.43,1.296,9.1,4.09,0.56,0.296,43.0,43.0,16.0,66.8,40.7,59.0,74.0
Aaron Civale,"Athletics,Chicago",650644,35,15,112.1,6.0,8.0,2.0,4.25,1.451,7.3,2.81,1.45,0.318,35.0,35.0,11.0,37.7,72.4,12.0,40.0
Emmet Sheehan,Los Angeles,686218,23,22,112.1,5.0,8.0,,4.57,1.175,10.6,2.65,1.69,0.282,73.0,73.0,49.0,84.9,76.1,90.0,14.0
Max Meyer,Miami,676974,20,20,111.0,9.0,1.0,,2.68,1.135,9.8,3.32,0.89,0.263,59.0,59.0,54.0,76.0,58.7,75.0,28.0
Spencer Arrighetti,"Houston,Toronto",681293,24,19,110.2,9.0,9.0,,4.96,1.383,8.6,5.23,1.47,0.248,9.0,9.0,18.0,56.7,22.4,53.0,19.0
Cal Quantrill,Texas,615698,32,15,110.0,9.0,5.0,,2.86,1.036,6.6,2.05,1.06,0.24,60.0,60.0,41.0,26.7,87.7,8.0,52.0
Christian Scott,New York,681035,23,23,110.0,4.0,5.0,,3.85,1.273,11.0,3.85,0.98,0.298,67.0,67.0,66.0,89.3,46.9,63.0,72.0
Adrian Houser,San Francisco,605288,26,16,109.2,4.0,7.0,,4.02,1.304,6.2,2.8,1.24,0.277,15.0,15.0,62.0,22.9,72.9,3.0,27.0
Nick Lodolo,Cincinnati,666157,21,21,108.2,3.0,6.0,,4.97,1.482,6.9,3.83,1.66,0.299,1.0,1.0,38.0,31.3,47.5,20.0,22.0
Eric Lauer,"Los Angeles,Toronto",641778,22,18,108.1,8.0,7.0,,5.23,1.311,6.0,2.91,2.16,0.25,12.0,12.0,8.0,19.9,69.7,5.0,4.0
Drew Anderson,Detroit,623454,49,11,108.0,5.0,7.0,2.0,3.67,1.269,9.5,3.58,1.33,0.284,57.0,57.0,64.0,72.4,53.3,63.0,28.0
Hunter Brown,Houston,686613,21,21,108.0,6.0,5.0,,3.42,1.315,10.5,4.67,0.92,0.286,81.0,81.0,77.0,83.5,29.7,61.0,77.0
Jake Irvin,Washington,663623,22,20,106.2,2.0,10.0,,5.48,1.397,9.3,4.07,1.69,0.286,8.0,8.0,23.0,69.8,41.5,44.0,5.0
Chad Patrick,Milwaukee,694477,57,6,106.0,9.0,4.0,6.0,3.4,1.236,7.9,3.99,0.93,0.26,38.0,38.0,69.0,46.3,43.5,57.0,70.0
Zac Gallen,Arizona,668678,22,20,105.1,3.0,9.0,,6.07,1.547,5.5,3.0,1.63,0.312,1.0,1.0,31.0,15.7,65.9,7.0,6.0
Tanner Gordon,Colorado,685299,24,12,103.2,1.0,6.0,,6.68,1.659,7.4,2.09,1.83,0.376,11.0,11.0,22.0,38.9,86.8,22.0,4.0
Logan Henderson,Milwaukee,701656,19,19,103.1,11.0,3.0,,2.44,0.852,9.9,1.92,1.22,0.217,95.0,95.0,29.0,77.4,89.5,60.0,34.0
Chris Bassitt,Baltimore,605135,20,18,102.0,9.0,5.0,,4.41,1.549,6.5,3.35,0.88,0.334,17.0,17.0,19.0,25.9,57.8,14.0,88.0
Jared Jones,Pittsburgh,683003,21,21,101.2,5.0,6.0,,3.72,1.082,10.9,2.76,1.07,0.273,84.0,84.0,95.0,88.4,73.8,93.0,51.0
Clay Holmes,"Chicago,New York",605280,18,18,101.1,6.0,8.0,,3.29,1.194,6.9,3.74,0.53,0.253,60.0,60.0,27.0,31.3,49.7,23.0,93.0
Ryan Johnson,Los Angeles,696270,22,19,100.0,5.0,9.0,,5.04,1.39,7.1,3.87,1.62,0.269,19.0,19.0,19.0,34.9,46.3,33.0,18.0
Gage Jump,Athletics,695611,20,20,98.2,6.0,11.0,,5.47,1.52,9.9,4.22,1.1,0.345,26.0,26.0,77.0,77.4,38.7,49.0,62.0
Grayson Rodriguez,Los Angeles,680570,20,20,98.2,5.0,8.0,,6.02,1.561,7.8,3.94,1.47,0.324,4.0,4.0,77.0,44.9,44.8,43.0,27.0
AJ Blubaugh,Houston,805123,66,1,98.0,5.0,4.0,1.0,3.58,1.235,8.8,4.13,1.19,0.251,40.0,40.0,73.0,59.8,39.6,73.0,8.0
Trey Yesavage,Toronto,702056,20,20,97.2,5.0,6.0,,3.69,1.137,8.9,4.35,1.11,0.217,79.0,79.0,46.0,61.3,36.0,84.0,65.0
Brandon Sproat,Milwaukee,687075,22,19,97.0,3.0,7.0,,5.57,1.443,9.4,4.82,1.58,0.296,13.0,13.0,81.0,71.2,27.8,48.0,28.0
Spencer Miles,Toronto,693686,49,8,95.2,6.0,2.0,2.0,2.73,1.098,8.7,2.36,0.47,0.285,87.0,87.0,78.0,58.2,81.8,6.0,96.0
Sean Newcomb,Chicago,656794,63,7,95.1,2.0,5.0,4.0,3.12,1.175,8.3,3.31,0.47,0.283,40.0,40.0,49.0,52.2,58.9,43.0,67.0
Javier Assad,Chicago,665871,29,11,95.0,6.0,2.0,2.0,3.79,1.168,6.1,2.65,1.52,0.248,30.0,30.0,32.0,21.5,76.1,1.0,65.0
Aaron Ashby,Milwaukee,676879,78,1,95.0,14.0,3.0,4.0,2.94,1.274,11.5,4.07,0.76,0.307,89.0,89.0,92.0,92.6,41.5,92.0,89.0
Mike Burrows,Houston,681347,18,17,94.2,4.0,9.0,,5.99,1.553,7.1,3.34,2.01,0.316,20.0,20.0,55.0,34.9,58.1,21.0,33.0
Connelly Early,"Boston,Washington",813349,18,18,94.2,7.0,5.0,,3.33,1.225,8.9,3.25,1.43,0.271,40.0,40.0,32.0,61.3,60.5,37.0,7.0
Brent Suter,"Atlanta,Los Angeles",608718,56,4,94.0,3.0,2.0,,3.26,1.202,7.8,2.49,0.86,0.292,56.0,56.0,1.0,44.9,79.5,39.0,65.0
Grant Taylor,Chicago,691799,64,4,91.2,7.0,3.0,12.0,2.45,1.113,11.5,3.26,0.69,0.291,89.0,89.0,95.0,92.6,60.3,79.0,46.0
Zach Agnos,Colorado,688642,41,3,91.0,,2.0,2.0,5.93,1.505,5.7,3.46,0.99,0.309,9.0,9.0,45.0,17.3,55.5,17.0,25.0
Paul Blackburn,New York,621112,66,2,91.0,7.0,3.0,1.0,1.48,1.033,6.8,3.36,0.69,0.217,69.0,69.0,48.0,29.0,57.4,30.0,82.0
Dean Kremer,"Baltimore,Minnesota",665152,17,17,90.1,5.0,5.0,,4.68,1.14,8.6,2.9,1.8,0.245,45.0,45.0,20.0,56.7,70.0,75.0,24.0
Adrián Morejón,San Diego,670970,78,0,90.0,9.0,4.0,3.0,2.8,1.078,10.9,2.8,0.5,0.291,99.0,99.0,98.0,88.4,72.9,97.0,99.0
Griffin Canning,San Diego,656288,30,11,88.2,5.0,9.0,,5.68,1.523,8.8,4.18,1.43,0.331,24.0,24.0,49.0,59.8,38.9,53.0,37.0
Jack Flaherty,Detroit,656427,20,19,88.1,3.0,8.0,,4.48,1.392,10.5,4.29,1.12,0.303,34.0,34.0,22.0,83.5,37.3,64.0,37.0
Ryan Gusto,Miami,687473,23,18,88.0,1.0,5.0,,4.09,1.443,7.6,2.86,1.12,0.321,13.0,13.0,46.0,41.6,71.0,12.0,25.0
Ryne Nelson,Arizona,669194,19,15,87.1,3.0,5.0,,4.95,1.26,6.8,2.48,1.86,0.262,9.0,9.0,79.0,29.0,79.7,18.0,9.0
Lake Bachar,"Miami,Pittsburgh",669199,53,12,86.2,2.0,4.0,2.0,3.43,1.119,9.7,3.76,1.36,0.229,78.0,78.0,48.0,75.0,49.0,84.0,46.0
Daniel Lynch IV,Kansas City,663738,56,10,86.0,6.0,6.0,1.0,4.08,1.151,5.9,2.72,1.15,0.24,26.0,26.0,45.0,18.8,74.8,24.0,56.0
Jameson Taillon,"Chicago,Toronto",592791,18,18,86.0,2.0,6.0,,5.65,1.36,8.0,3.35,2.83,0.249,3.0,3.0,13.0,47.8,57.8,60.0,1.0
Shohei Ohtani,Los Angeles,660271,14,14,85.2,8.0,2.0,,1.79,0.946,10.0,2.75,0.42,0.245,95.0,95.0,93.0,78.8,74.1,85.0,95.0
Yohan Ramírez,Pittsburgh,670990,66,1,85.0,7.0,4.0,2.0,2.86,1.188,10.8,4.66,0.42,0.268,81.0,81.0,81.0,87.2,30.0,70.0,91.0
Max Scherzer,Toronto,453286,18,18,84.2,4.0,9.0,,5.74,1.335,7.2,3.74,1.6,0.259,42.0,42.0,25.0,36.5,49.7,18.0,38.0
Zac Thornton,New York,804267,15,15,84.1,5.0,6.0,,3.42,1.138,6.7,1.93,1.5,0.269,29.0,29.0,18.0,27.3,89.3,2.0,16.0
Carlos Rodón,New York,607074,16,16,84.1,7.0,3.0,,2.67,1.055,9.7,4.07,0.75,0.22,59.0,59.0,45.0,75.0,41.5,82.0,62.0
Brad Lord,Washington,695418,40,5,83.1,5.0,2.0,1.0,3.78,1.224,8.3,3.57,1.08,0.261,57.0,57.0,51.0,52.2,53.7,9.0,70.0
Trevor Richards,"Chicago,Philadelphia",670950,54,0,83.0,,1.0,2.0,3.69,1.157,7.9,2.82,1.3,0.25,45.0,45.0,13.0,46.3,71.9,22.0,22.0
Gordon Graceffo,St. Louis,700669,62,1,81.0,8.0,2.0,1.0,2.67,1.099,7.0,4.0,0.56,0.221,27.0,27.0,64.0,33.0,43.1,18.0,22.0
Didier Fuentes,Atlanta,800311,63,1,80.1,7.0,3.0,3.0,2.58,1.095,10.9,2.58,0.9,0.295,85.0,85.0,90.0,88.4,77.2,85.0,66.0
Steven Matz,Tampa Bay,571927,36,11,80.1,6.0,6.0,1.0,5.49,1.232,6.8,2.81,1.69,0.248,12.0,12.0,35.0,29.0,72.4,13.0,7.0
Edward Cabrera,Chicago,665795,18,15,80.0,5.0,5.0,,5.96,1.488,8.0,4.05,1.8,0.3,8.0,8.0,82.0,47.8,42.3,60.0,2.0
Patrick Corbin,Toronto,571578,19,15,80.0,3.0,4.0,1.0,5.51,1.538,7.1,2.81,1.35,0.34,6.0,6.0,9.0,34.9,72.4,17.0,48.0
Jack Leiter,Texas,683004,15,15,80.0,3.0,7.0,,5.29,1.438,9.3,3.94,1.58,0.301,19.0,19.0,82.0,69.8,44.8,52.0,8.0
Bradgley Rodriguez,San Diego,699134,73,4,79.2,5.0,3.0,2.0,2.15,1.079,9.9,2.5,0.68,0.279,99.0,99.0,94.0,77.4,79.3,83.0,91.0
Brent Headrick,New York,687396,84,0,79.2,7.0,4.0,,2.15,1.218,11.2,3.18,0.57,0.325,87.0,87.0,43.0,90.7,62.7,91.0,91.0
Reynaldo López,Atlanta,625643,26,13,79.1,4.0,5.0,,4.54,1.437,8.3,3.87,1.25,0.307,20.0,20.0,45.0,52.2,46.3,26.0,54.0
Cade Smith,Cleveland,671922,73,0,79.0,6.0,1.0,41.0,1.94,0.937,13.0,2.73,0.68,0.268,93.0,93.0,91.0,97.2,74.4,97.0,27.0
Tyler Glasnow,Los Angeles,607192,14,14,78.2,5.0,2.0,,3.43,0.966,11.8,3.45,0.81,0.235,91.0,91.0,69.0,94.0,55.8,92.0,30.0
Louis Varland,Toronto,686973,71,0,78.0,5.0,6.0,35.0,1.27,1.0,11.2,2.65,0.23,0.288,99.0,99.0,97.0,90.7,76.1,79.0,96.0
Justin Bruihl,St. Louis,677865,73,0,77.2,1.0,1.0,,3.59,1.326,6.1,3.26,0.47,0.289,30.0,30.0,5.0,21.5,60.3,2.0,79.0
Noah Schultz,Chicago,702273,20,14,77.1,4.0,9.0,,5.47,1.332,7.9,3.85,1.28,0.278,4.0,4.0,62.0,46.3,46.9,16.0,14.0
Wandy Peralta,San Diego,593974,65,5,77.1,3.0,3.0,,3.61,1.319,5.8,2.68,0.82,0.305,37.0,37.0,77.0,18.1,75.5,26.0,91.0
Tatsuya Imai,Houston,837227,23,15,76.2,6.0,4.0,,4.93,1.422,11.4,6.02,1.06,0.278,27.0,27.0,55.0,91.8,15.1,94.0,21.0
Braydon Fisher,Toronto,680755,75,10,75.2,3.0,4.0,1.0,3.21,1.269,8.8,5.27,0.96,0.249,42.0,42.0,48.0,59.8,21.9,74.0,16.0
Antonio Senzatela,"Colorado,Milwaukee",622608,59,0,75.0,11.0,5.0,4.0,3.96,1.373,7.3,3.24,0.72,0.315,52.0,52.0,88.0,37.7,60.9,37.0,72.0
Randy Dobnak,Kansas City,677976,15,13,74.1,3.0,5.0,,3.51,1.399,5.9,3.16,0.85,0.305,19.0,19.0,12.0,18.8,63.3,7.0,91.0
Brock Burke,Cincinnati,656271,77,0,74.1,6.0,5.0,2.0,2.3,1.265,9.0,4.86,0.61,0.259,70.0,70.0,68.0,64.0,27.4,76.0,42.0
Kevin Kelly,Tampa Bay,687330,72,0,74.0,6.0,4.0,4.0,2.43,0.892,7.8,1.34,0.73,0.251,79.0,79.0,11.0,44.9,93.8,44.0,77.0
Andrew Morris,Minnesota,702193,64,3,73.2,4.0,8.0,5.0,4.4,1.371,8.4,3.32,0.61,0.319,80.0,80.0,89.0,53.9,58.7,32.0,91.0
Mason Miller,San Diego,695243,69,0,73.2,5.0,3.0,39.0,1.83,0.964,16.4,3.69,0.37,0.311,100.0,100.0,100.0,99.2,51.0,100.0,57.0
Kai-Wei Teng,Houston,678906,30,10,73.2,5.0,7.0,,4.76,1.385,8.9,4.06,1.23,0.296,15.0,15.0,31.0,61.3,41.9,59.0,38.0
JR Ritchie,Atlanta,702275,17,11,73.1,1.0,5.0,1.0,4.91,1.473,8.3,5.29,1.6,0.267,11.0,11.0,48.0,52.2,21.3,27.0,14.0
Tyler Alexander,Texas,641302,75,5,73.0,5.0,2.0,4.0,3.7,1.315,7.4,2.84,0.37,0.318,80.0,80.0,12.0,38.9,71.6,14.0,94.0
Luis Medina,Athletics,665622,60,1,73.0,6.0,3.0,,3.08,1.397,11.5,4.81,0.86,0.326,60.0,60.0,91.0,92.6,28.1,93.0,42.0
Taylor Clarke,Arizona,664199,71,2,73.0,2.0,4.0,,2.96,1.0,5.5,1.73,0.86,0.241,33.0,33.0,64.0,15.7,91.2,29.0,24.0
David Bednar,New York,670280,67,0,72.1,7.0,3.0,35.0,2.36,1.023,9.8,2.62,0.5,0.265,91.0,91.0,77.0,76.0,76.6,88.0,89.0
Tyler Wells,"Baltimore,Tampa Bay",669330,57,0,72.0,5.0,2.0,6.0,2.38,0.903,9.0,2.25,1.0,0.223,90.0,90.0,32.0,64.0,84.2,87.0,57.0
Jacob Latz,Texas,656641,58,1,72.0,3.0,4.0,30.0,2.13,0.806,10.4,2.88,0.75,0.184,96.0,96.0,55.0,82.4,70.4,90.0,30.0
Tyler Holton,Detroit,663947,67,3,72.0,2.0,5.0,2.0,2.75,1.25,6.9,2.38,1.0,0.299,65.0,65.0,9.0,31.3,81.2,36.0,83.0
Ryan Watson,"Boston,Los Angeles",670245,53,0,72.0,1.0,1.0,4.0,4.0,1.264,8.1,2.88,1.0,0.291,24.0,24.0,41.0,49.2,70.4,53.0,12.0
Casey Legumina,"Seattle,Tampa Bay",668984,55,6,71.2,2.0,2.0,,3.77,1.284,6.9,2.4,0.88,0.308,42.0,42.0,25.0,31.3,80.8,13.0,72.0
Dylan Lee,Atlanta,669276,76,0,71.1,8.0,1.0,,3.15,0.967,10.3,2.28,0.63,0.267,96.0,96.0,31.0,81.5,83.2,98.0,85.0
Enyel De Los Santos,Houston,660853,66,0,71.1,3.0,3.0,5.0,4.79,1.248,8.5,2.53,1.39,0.29,78.0,78.0,60.0,55.2,78.6,64.0,82.0
Tyler Rogers,Toronto,643511,74,0,71.0,2.0,3.0,4.0,1.77,1.169,5.1,2.79,0.25,0.262,91.0,91.0,1.0,13.2,73.2,1.0,100.0
Ryan Zeferjahn,"Chicago,Los Angeles",666171,66,0,71.0,4.0,4.0,7.0,3.8,1.282,12.2,5.2,0.89,0.277,86.0,86.0,88.0,95.4,22.8,91.0,82.0
Hogan Harris,Athletics,663687,74,0,70.1,4.0,2.0,17.0,3.33,1.45,11.3,5.39,1.03,0.311,67.0,67.0,62.0,91.2,20.5,51.0,59.0
Trevor McDonald,San Francisco,686790,14,14,70.1,3.0,7.0,,5.12,1.308,7.3,2.95,0.9,0.297,49.0,49.0,32.0,37.7,68.6,18.0,94.0
Patrick Sandoval,Boston,663776,15,13,70.1,1.0,7.0,,5.12,1.678,9.3,4.11,0.9,0.383,19.0,19.0,35.0,69.8,40.1,51.0,67.0
Luinder Avila,Kansas City,679883,21,12,70.0,5.0,4.0,,5.53,1.614,7.8,5.4,0.9,0.328,15.0,15.0,79.0,44.9,20.1,43.0,79.0
Juan Mejia,Colorado,675848,65,1,70.0,4.0,6.0,4.0,5.27,1.686,8.5,5.14,0.77,0.351,23.0,23.0,85.0,55.2,23.7,41.0,95.0
Bryan Hudson,Chicago,663542,73,9,69.2,6.0,5.0,8.0,4.0,1.278,7.6,2.47,0.65,0.328,84.0,84.0,13.0,41.6,79.9,33.0,94.0
Yuki Matsui,San Diego,673513,59,0,68.2,6.0,1.0,1.0,1.7,1.121,9.3,5.01,0.92,0.2,88.0,88.0,15.0,69.8,25.3,95.0,54.0
Mason Montgomery,Pittsburgh,682254,70,5,68.2,6.0,4.0,18.0,2.88,1.034,13.8,3.43,0.79,0.279,97.0,97.0,96.0,98.2,56.3,93.0,74.0
Calvin Faucher,Miami,676534,69,0,68.1,5.0,5.0,3.0,3.56,1.317,9.6,4.89,0.13,0.292,70.0,70.0,77.0,73.8,27.1,57.0,93.0
Jacob Webb,Chicago,657097,69,0,68.1,6.0,5.0,9.0,3.29,1.259,9.6,3.3,1.32,0.283,35.0,35.0,46.0,73.8,59.2,96.0,46.0
Ben Brown,Chicago,676962,20,8,68.0,4.0,2.0,1.0,1.85,0.941,8.6,2.51,0.26,0.243,83.0,83.0,81.0,56.7,79.0,66.0,52.0
Steven Okert,Houston,595345,68,1,67.2,6.0,2.0,,2.13,0.872,9.0,1.87,0.94,0.23,86.0,86.0,8.0,64.0,90.0,88.0,59.0
Kevin Ginkel,Arizona,656464,74,0,67.2,6.0,4.0,3.0,4.12,1.123,9.6,2.28,1.21,0.286,74.0,74.0,71.0,73.8,83.2,81.0,19.0
Tim Mayza,Philadelphia,641835,61,6,67.2,3.0,4.0,,3.46,1.123,8.5,2.41,0.94,0.283,76.0,76.0,48.0,55.2,80.4,25.0,70.0
Yusei Kikuchi,Los Angeles,579328,14,14,67.2,1.0,7.0,,4.92,1.537,8.9,4.02,0.94,0.338,22.0,22.0,68.0,61.3,42.6,37.0,34.0
Huascar Brazobán,"Chicago,New York",623211,61,6,67.1,6.0,2.0,,2.94,1.099,7.6,3.89,0.67,0.229,75.0,75.0,78.0,41.6,45.9,54.0,88.0
Eduard Bazardo,Seattle,660825,73,0,67.1,4.0,4.0,1.0,4.01,1.455,9.4,3.35,1.74,0.324,15.0,15.0,71.0,71.2,57.8,23.0,16.0
Jonathan Loaisiga,Arizona,642528,67,0,67.0,7.0,3.0,2.0,2.42,1.03,6.4,1.75,0.4,0.273,89.0,89.0,93.0,25.1,91.1,33.0,97.0
Rico Garcia,Baltimore,670329,75,0,67.0,5.0,1.0,10.0,3.09,0.97,9.1,2.96,1.21,0.21,91.0,91.0,66.0,66.8,68.1,91.0,86.0
Gregory Soto,Pittsburgh,642397,69,0,67.0,6.0,5.0,16.0,3.63,1.164,10.6,3.9,0.67,0.272,88.0,88.0,83.0,84.9,45.6,66.0,94.0
Yoendrys Gómez,"Minnesota,Tampa Bay",672782,65,0,67.0,3.0,4.0,22.0,4.3,1.448,8.7,5.24,0.94,0.28,6.0,6.0,69.0,58.2,22.2,58.0,33.0
Matt Festa,Cleveland,670036,66,0,66.2,2.0,3.0,1.0,3.78,1.305,9.3,2.85,0.95,0.317,57.0,57.0,23.0,69.8,71.4,69.0,44.0
Tanner Scott,Los Angeles,656945,72,0,66.1,1.0,6.0,25.0,2.85,0.995,11.7,2.18,0.68,0.296,88.0,88.0,87.0,93.6,85.4,98.0,67.0
Bryan Abreu,Houston,650556,68,0,66.1,6.0,4.0,9.0,3.66,1.312,11.8,5.72,1.36,0.259,47.0,47.0,71.0,94.0,18.1,97.0,70.0
Simeon Woods Richardson,"Minnesota,Toronto",680573,20,10,66.0,2.0,7.0,,6.68,1.758,5.5,5.05,1.5,0.322,2.0,2.0,22.0,15.7,25.1,4.0,30.0
George Soriano,St. Louis,666277,70,0,66.0,6.0,5.0,4.0,4.23,1.394,9.0,4.77,1.36,0.27,28.0,28.0,82.0,64.0,28.6,78.0,21.0
Jeff Hoffman,"Minnesota,Toronto",656546,71,0,66.0,6.0,8.0,6.0,3.55,1.318,13.9,4.09,0.55,0.358,80.0,80.0,79.0,98.4,40.7,99.0,28.0
Jovani Morán,Boston,663558,50,3,65.2,2.0,3.0,,3.15,1.142,10.0,4.56,1.24,0.216,80.0,80.0,23.0,78.8,31.7,92.0,40.0
Michael Petersen,Miami,656848,65,0,65.2,4.0,4.0,1.0,3.02,1.127,11.1,4.0,0.69,0.267,77.0,77.0,94.0,90.0,43.1,83.0,1.0
Bryan Baker,Tampa Bay,641329,68,0,65.1,4.0,2.0,44.0,1.38,0.888,9.2,3.18,0.55,0.197,86.0,86.0,79.0,68.2,62.7,66.0,57.0
Trevor Megill,Milwaukee,656730,66,0,65.0,4.0,3.0,32.0,2.49,0.862,10.1,2.08,0.14,0.248,96.0,96.0,93.0,79.8,87.1,86.0,70.0
Jose A. Ferrer,Seattle,678606,73,0,64.2,4.0,4.0,3.0,4.18,1.469,7.5,2.8,0.98,0.333,49.0,49.0,92.0,40.3,72.9,8.0,75.0
Jack Dreyer,Los Angeles,676263,67,3,64.2,5.0,2.0,2.0,3.2,1.098,10.2,3.22,0.98,0.268,74.0,74.0,43.0,80.5,61.5,72.0,48.0
Juan Morillo,Arizona,666661,70,0,64.1,5.0,4.0,3.0,2.24,1.057,10.4,3.23,0.42,0.266,98.0,98.0,96.0,82.4,61.2,79.0,98.0
Raisel Iglesias,Atlanta,628452,64,0,64.1,1.0,2.0,36.0,2.52,1.073,9.2,2.53,0.98,0.27,75.0,75.0,49.0,68.2,78.6,82.0,14.0
Kyle Hart,San Diego,606996,46,4,64.0,1.0,3.0,,4.92,1.203,8.3,3.66,0.7,0.266,70.0,70.0,39.0,52.2,51.6,29.0,33.0
Jack Kochanowicz,Los Angeles,686799,13,13,64.0,2.0,5.0,,6.19,1.578,6.6,5.06,0.98,0.289,4.0,4.0,74.0,26.7,24.8,39.0,51.0
Brennan Bernardino,Colorado,657514,74,2,64.0,4.0,3.0,2.0,2.81,1.156,6.9,2.11,0.7,0.287,67.0,67.0,5.0,31.3,86.5,25.0,82.0
Ryan Rolison,Chicago,669020,61,2,64.0,9.0,2.0,3.0,3.09,1.281,8.0,3.94,0.84,0.286,53.0,53.0,55.0,47.8,44.8,9.0,57.0
Riley O\'Brien,St. Louis,676617,66,0,64.0,3.0,9.0,38.0,4.08,1.281,9.0,4.08,0.7,0.291,15.0,15.0,92.0,64.0,41.1,62.0,46.0
Gabriel Hughes,Colorado,687312,14,13,64.0,,8.0,1.0,6.33,1.438,7.9,3.38,0.98,0.319,57.0,57.0,20.0,46.3,57.1,12.0,77.0
DL Hall,Milwaukee,669084,49,1,63.2,5.0,,,1.84,1.052,9.2,5.27,0.71,0.177,78.0,78.0,66.0,68.2,21.9,72.0,67.0
Hunter Gaddis,Cleveland,683769,72,0,63.1,6.0,3.0,1.0,2.84,1.263,8.4,3.14,1.0,0.288,49.0,49.0,60.0,53.9,63.6,81.0,48.0
Ryan Yarbrough,New York,642232,38,2,63.1,2.0,1.0,3.0,3.69,1.216,7.0,3.28,0.43,0.273,78.0,78.0,1.0,33.0,59.6,48.0,96.0
Cristian Javier,Houston,664299,17,12,63.0,2.0,6.0,,5.14,1.46,8.4,4.0,1.43,0.305,22.0,22.0,30.0,53.9,43.1,78.0,21.0
Abner Uribe,Milwaukee,682842,65,0,63.0,6.0,3.0,6.0,1.86,1.048,9.0,3.0,0.43,0.263,94.0,94.0,97.0,64.0,65.9,62.0,99.0
Albert Suárez,Baltimore,544150,28,0,63.0,3.0,,1.0,3.86,1.222,6.6,2.86,1.14,0.261,49.0,49.0,35.0,26.7,71.0,41.0,56.0
Mason Fluharty,Toronto,689254,83,4,62.2,7.0,1.0,1.0,3.3,1.245,9.3,4.05,0.87,0.275,93.0,93.0,,69.8,42.3,76.0,79.0
Luis Severino,Athletics,622663,12,12,62.2,2.0,6.0,,4.16,1.468,9.3,4.49,1.3,0.321,38.0,38.0,83.0,69.8,33.8,32.0,27.0
Edgardo Henriquez,Los Angeles,683618,63,1,62.2,5.0,1.0,2.0,2.87,1.037,10.5,3.62,0.14,0.267,98.0,98.0,100.0,83.5,52.3,85.0,98.0
Ryne Stanek,St. Louis,592773,70,0,62.2,2.0,3.0,2.0,4.02,1.34,9.3,4.63,1.3,0.272,49.0,49.0,93.0,69.8,30.5,81.0,44.0
John Schreiber,"Kansas City,New York",670167,68,0,62.1,2.0,4.0,2.0,3.18,1.203,6.1,3.77,1.01,0.24,53.0,53.0,35.0,21.5,48.7,14.0,87.0
Jhoan Duran,Philadelphia,661395,63,0,62.1,2.0,7.0,33.0,2.17,0.979,12.6,1.45,0.43,0.336,100.0,100.0,99.0,96.5,93.4,98.0,96.0
Seranthony Domínguez,"Chicago,Seattle",622554,67,0,62.0,5.0,3.0,12.0,3.63,1.242,9.4,4.5,1.31,0.243,70.0,70.0,90.0,71.2,32.7,70.0,59.0
Greg Weissert,Boston,669711,64,0,61.2,4.0,2.0,1.0,3.21,1.216,8.8,2.94,1.18,0.283,72.0,72.0,43.0,59.8,69.1,41.0,86.0
José Suarez,"Athletics,Atlanta,Seattle",660761,45,2,61.1,1.0,4.0,1.0,5.87,1.614,9.0,3.98,0.88,0.371,40.0,40.0,19.0,64.0,43.7,61.0,99.0
Kodai Senga,New York,673540,31,8,61.1,,9.0,8.0,7.34,1.647,11.0,6.04,2.06,0.309,8.0,8.0,74.0,89.3,15.0,78.0,1.0
Bryan King,Houston,687911,61,1,61.0,3.0,6.0,6.0,5.46,1.574,7.7,3.39,1.33,0.335,49.0,49.0,15.0,43.2,56.9,4.0,87.0
Hayden Wesneski,Houston,669713,11,11,61.0,6.0,2.0,,3.25,1.131,6.8,2.95,0.59,0.26,64.0,64.0,29.0,29.0,68.6,39.0,87.0
Camilo Doval,"New York,Pittsburgh,San Francisco",666808,66,0,60.2,3.0,2.0,1.0,4.15,1.484,9.8,4.93,1.05,0.307,66.0,66.0,95.0,76.0,26.6,75.0,67.0
Kyle Finnegan,Detroit,640448,63,0,60.2,3.0,1.0,2.0,4.3,1.665,7.0,5.08,1.5,0.324,4.0,4.0,78.0,33.0,24.4,49.0,14.0
JT Brubaker,San Francisco,664141,41,1,60.1,,,2.0,3.58,1.243,5.8,3.89,0.75,0.247,13.0,13.0,35.0,18.1,45.9,14.0,83.0
Luke Weaver,"New York,Pittsburgh",596133,60,0,60.1,4.0,1.0,1.0,2.69,0.961,9.7,2.4,0.75,0.25,86.0,86.0,64.0,75.0,80.8,85.0,44.0
Taylor Rogers,Minnesota,573124,65,0,60.1,6.0,4.0,2.0,4.33,1.591,8.1,4.64,0.75,0.337,47.0,47.0,16.0,49.2,30.3,6.0,79.0
Mitch Farris,Los Angeles,815083,33,0,60.0,1.0,4.0,1.0,4.05,1.483,9.5,4.35,1.5,0.323,15.0,15.0,12.0,72.4,36.0,77.0,19.0
Chase Silseth,"Los Angeles,Texas",681217,73,0,60.0,3.0,4.0,,3.6,1.5,11.1,5.25,0.9,0.329,49.0,49.0,73.0,90.0,22.1,94.0,14.0
Alex Lange,Kansas City,656638,59,0,60.0,2.0,7.0,10.0,6.75,1.633,9.0,4.95,1.95,0.319,7.0,7.0,73.0,64.0,26.4,66.0,1.0
Tommy Nance,"Minnesota,Toronto",667297,57,0,59.2,3.0,3.0,,3.92,1.391,10.3,3.65,1.22,0.327,31.0,31.0,51.0,81.5,51.8,60.0,52.0
Anthony Nunez,Baltimore,689296,52,0,59.2,3.0,2.0,3.0,4.07,1.223,10.0,3.95,0.76,0.278,57.0,57.0,75.0,78.8,44.5,94.0,72.0
Alex Vesia,Los Angeles,681911,74,0,59.2,3.0,1.0,3.0,2.56,1.056,11.3,4.86,0.61,0.205,96.0,96.0,16.0,91.2,27.4,96.0,75.0
Travis Adams,Minnesota,701519,40,0,59.0,3.0,,3.0,4.58,1.322,9.5,3.81,1.22,0.298,44.0,44.0,49.0,72.4,47.8,69.0,72.0
Grant Anderson,Milwaukee,681982,52,0,59.0,3.0,3.0,,3.36,1.119,7.9,3.51,1.22,0.232,85.0,85.0,31.0,46.3,54.9,52.0,48.0
Tim Herrin,Cleveland,682120,70,0,59.0,3.0,4.0,,2.9,1.288,8.8,4.42,0.76,0.278,59.0,59.0,45.0,59.8,35.3,87.0,30.0
Tim Hill,New York,657612,67,0,58.2,5.0,2.0,2.0,4.6,1.142,3.8,2.01,1.86,0.23,29.0,29.0,1.0,9.3,88.2,1.0,66.0
Victor Vodnik,"Colorado,Miami",680767,53,0,58.2,3.0,3.0,4.0,4.91,1.551,6.8,5.1,0.46,0.302,47.0,47.0,96.0,29.0,24.1,49.0,93.0
JoJo Romero,"Milwaukee,St. Louis",668941,57,0,58.2,3.0,4.0,,3.38,1.21,8.9,2.94,1.24,0.282,31.0,31.0,38.0,61.3,69.1,24.0,48.0
Steven Cruz,Kansas City,674444,56,2,58.2,2.0,4.0,8.0,4.3,1.261,10.0,3.09,2.16,0.282,52.0,52.0,96.0,78.8,64.6,75.0,3.0
José Alvarado,Philadelphia,621237,68,0,58.1,5.0,4.0,1.0,5.86,1.646,10.8,4.8,0.77,0.38,47.0,47.0,93.0,87.2,28.2,63.0,93.0
Orion Kerkering,Philadelphia,689147,62,0,58.0,7.0,1.0,2.0,4.97,1.448,9.8,5.28,0.78,0.285,60.0,60.0,85.0,76.0,21.7,57.0,75.0
Ron Marinaccio,"Cincinnati,Pittsburgh,San Diego",676760,41,0,57.2,1.0,,,6.09,1.526,7.5,4.25,1.73,0.299,10.0,10.0,38.0,40.3,38.1,51.0,42.0
Jonathan Bowlan,Philadelphia,680742,60,0,57.1,2.0,2.0,2.0,3.45,1.029,11.5,2.36,1.42,0.265,93.0,93.0,88.0,92.6,81.8,89.0,52.0
Andrés Muñoz,Seattle,662253,61,0,57.1,5.0,6.0,28.0,4.24,1.221,14.0,3.78,1.42,0.316,83.0,83.0,99.0,98.6,48.5,100.0,27.0
Tyler Kinley,"Atlanta,Detroit",641755,64,0,57.1,7.0,5.0,1.0,3.45,1.151,7.5,4.1,1.58,0.21,76.0,76.0,49.0,40.3,40.3,64.0,67.0
Chris Paddack,"Cincinnati,Miami,Texas",663978,14,9,57.0,,7.0,,6.79,1.667,6.3,3.0,1.42,0.344,12.0,12.0,25.0,24.1,65.9,20.0,33.0
Blade Tidwell,San Francisco,694918,17,9,56.2,1.0,2.0,1.0,4.45,1.182,7.3,3.36,1.28,0.247,40.0,40.0,49.0,37.7,57.4,33.0,8.0
Dennis Santana,"Arizona,Pittsburgh",642701,57,0,56.2,2.0,5.0,3.0,5.56,1.429,7.8,4.0,1.6,0.284,24.0,24.0,43.0,44.9,43.1,56.0,38.0
Cole Sulser,Tampa Bay,642121,51,2,56.1,1.0,,3.0,4.31,1.243,8.9,2.73,1.12,0.299,34.0,34.0,18.0,61.3,74.4,64.0,2.0
Sam Moll,Cincinnati,594580,65,0,56.1,2.0,7.0,1.0,4.79,1.491,8.9,4.81,0.8,0.316,30.0,30.0,12.0,61.3,28.1,28.0,79.0
Peyton Gray,Texas,682608,49,0,56.0,6.0,,,3.86,1.304,9.6,2.73,1.45,0.299,73.0,73.0,29.0,73.8,74.4,52.0,54.0
Shane Bieber,Toronto,669456,11,11,55.2,5.0,2.0,,4.37,1.419,7.1,3.91,1.63,0.274,2.0,2.0,18.0,34.9,45.3,37.0,5.0
Kris Bubic,"Kansas City,Los Angeles",663460,15,9,55.2,4.0,3.0,,3.88,1.222,9.1,4.4,0.65,0.262,43.0,43.0,13.0,66.8,35.4,57.0,56.0
Elvis Alvarado,Athletics,665660,56,0,55.1,5.0,4.0,6.0,3.9,1.247,10.6,4.08,1.63,0.268,33.0,33.0,96.0,84.9,41.1,89.0,1.0
Tejay Antone,Cincinnati,622088,58,0,55.0,3.0,2.0,1.0,3.11,1.091,9.3,2.78,0.98,0.259,67.0,67.0,46.0,69.8,73.3,70.0,37.0
Fernando Cruz,New York,518585,61,0,54.2,4.0,6.0,2.0,3.13,1.335,11.0,5.31,1.16,0.27,82.0,82.0,29.0,89.3,21.0,99.0,22.0
Jakob Junis,Texas,596001,53,1,54.1,1.0,3.0,6.0,3.64,1.27,6.3,2.99,0.67,0.278,33.0,33.0,17.0,24.1,66.8,4.0,97.0
Dylan Dodd,Atlanta,689266,51,1,54.1,4.0,1.0,2.0,2.48,0.902,9.8,2.33,1.16,0.219,,,41.0,76.0,82.6,,
Stephen Kolek,Kansas City,663568,10,10,54.0,4.0,3.0,,4.5,1.241,5.7,2.0,1.33,0.28,60.0,60.0,43.0,17.3,88.5,9.0,59.0
Hunter Dobbins,St. Louis,690928,11,8,54.0,3.0,3.0,1.0,3.67,1.352,8.7,4.0,1.17,0.29,56.0,56.0,52.0,58.2,43.1,33.0,54.0
Tobias Myers,New York,668964,32,3,53.2,1.0,2.0,2.0,5.53,1.342,6.9,2.71,1.52,0.29,45.0,45.0,20.0,31.3,74.9,11.0,86.0
José Fermin,Los Angeles,820862,53,0,53.2,4.0,3.0,1.0,3.86,1.379,10.4,4.23,1.02,0.305,27.0,27.0,81.0,82.4,38.6,82.0,48.0
Chase Shugart,Philadelphia,663767,46,0,53.2,2.0,1.0,,4.02,1.174,9.9,3.38,1.69,0.254,65.0,65.0,64.0,77.4,57.1,36.0,10.0
Garrett Whitlock,Boston,676477,55,0,53.2,7.0,2.0,4.0,2.18,0.988,10.1,2.03,0.68,0.282,,,57.0,79.8,88.0,,
Jimmy Herget,Colorado,623474,51,3,53.2,,6.0,3.0,5.7,1.528,7.9,4.4,1.69,0.309,29.0,29.0,9.0,46.3,35.4,47.0,11.0
Paul Sewald,"Arizona,Toronto",623149,62,0,53.1,2.0,5.0,24.0,4.73,0.994,8.9,2.2,2.2,0.2,47.0,47.0,10.0,61.3,85.2,58.0,1.0
Germán Márquez,San Diego,608566,13,10,53.0,4.0,2.0,1.0,5.26,1.491,6.3,4.08,2.38,0.258,4.0,4.0,51.0,24.1,41.1,7.0,12.0
Jordan Hicks,Chicago,663855,57,2,52.2,4.0,2.0,1.0,3.76,1.443,12.1,5.86,0.86,0.306,93.0,93.0,98.0,95.2,17.3,73.0,100.0
Colin Holderman,Cleveland,670059,54,0,52.2,6.0,4.0,1.0,2.73,1.044,8.5,3.45,0.17,0.243,60.0,60.0,84.0,55.2,55.8,63.0,44.0
Brooks Raley,"New York,Philadelphia",548384,61,0,52.2,5.0,7.0,1.0,3.25,1.272,8.7,3.45,1.03,0.289,55.0,55.0,4.0,58.2,55.8,36.0,65.0
Brandon Williamson,Cincinnati,682227,12,9,52.2,5.0,5.0,,5.3,1.462,6.2,5.17,1.55,0.25,2.0,2.0,27.0,22.9,23.3,37.0,18.0
Aroldis Chapman,Boston,547973,54,0,52.2,3.0,4.0,35.0,1.88,1.101,12.6,3.97,0.52,0.283,96.0,96.0,90.0,96.5,43.9,85.0,62.0
Grant Wolfram,Baltimore,664991,60,0,52.1,6.0,4.0,1.0,4.3,1.318,10.5,2.76,0.52,0.36,75.0,75.0,71.0,83.5,73.8,49.0,72.0
Erik Miller,"Boston,San Francisco",669062,59,1,52.0,4.0,2.0,5.0,3.12,1.442,12.8,5.88,0.69,0.327,85.0,85.0,85.0,96.8,17.2,98.0,85.0
Erik Sabrowski,Cleveland,681870,63,0,51.2,6.0,3.0,1.0,2.96,1.2,13.8,5.8,0.53,0.263,97.0,97.0,45.0,98.2,17.7,88.0,67.0
Brandyn Garcia,Arizona,805299,57,0,51.1,,1.0,5.0,1.93,0.74,10.5,1.94,0.53,0.218,,,89.0,83.5,89.1,,
Kody Funderburk,Minnesota,681892,58,0,51.0,3.0,2.0,1.0,3.71,1.373,8.6,4.76,0.53,0.29,67.0,67.0,25.0,56.7,28.9,31.0,89.0
Austin Warren,New York,681810,41,2,50.1,2.0,3.0,,4.11,1.371,9.8,4.31,1.08,0.305,25.0,25.0,43.0,76.0,36.6,66.0,3.0
Cade Gibson,Miami,806188,47,1,50.1,6.0,2.0,,5.36,1.391,7.9,3.77,0.72,0.313,76.0,76.0,16.0,46.3,48.7,24.0,98.0
Caleb Thielbar,Chicago,573204,58,0,50.0,3.0,4.0,3.0,4.86,1.3,10.8,3.24,1.98,0.3,27.0,27.0,31.0,87.2,60.9,77.0,7.0
Mason Barnett,Athletics,686930,20,6,50.0,1.0,4.0,2.0,7.02,1.66,9.0,5.4,2.52,0.293,11.0,11.0,57.0,64.0,20.1,26.0,25.0
Yennier Cano,Baltimore,666974,68,0,49.2,4.0,3.0,3.0,2.9,1.067,8.2,2.38,0.37,0.27,80.0,80.0,55.0,50.5,81.2,55.0,81.0
Will Dion,"Cleveland,Washington",702021,27,1,49.2,3.0,2.0,1.0,3.62,1.188,10.0,3.11,1.46,0.283,,,8.0,78.8,64.2,,
John King,Miami,667463,50,1,49.2,6.0,2.0,1.0,3.99,1.007,6.0,3.11,1.28,0.193,,,5.0,19.9,64.2,,
Quinn Mathews,St. Louis,687273,9,9,49.1,2.0,4.0,,3.83,1.378,8.4,3.67,0.92,0.314,62.0,62.0,31.0,53.9,51.4,62.0,89.0
Pierce Johnson,Cincinnati,572955,56,0,48.2,2.0,1.0,1.0,4.62,1.356,7.8,3.55,1.49,0.277,17.0,17.0,73.0,44.9,54.1,44.0,9.0
Sam Bachman,Los Angeles,696147,44,0,48.2,1.0,3.0,1.0,4.81,1.438,9.1,5.41,1.31,0.266,53.0,53.0,96.0,66.8,19.7,96.0,34.0
Trent Thornton,Chicago,663423,48,0,48.1,5.0,5.0,3.0,3.35,1.2,5.8,3.18,1.5,0.243,,,59.0,18.1,62.7,,
Andrew Kittredge,Baltimore,552640,55,0,48.1,3.0,3.0,11.0,3.54,1.366,7.4,2.06,1.12,0.314,54.0,54.0,55.0,38.9,87.6,33.0,75.0
Lucas Erceg,Kansas City,668674,52,0,48.1,4.0,4.0,13.0,5.59,1.8,6.3,5.99,0.94,0.333,25.0,25.0,89.0,24.1,16.4,14.0,91.0
Cole Winn,Texas,668390,51,1,48.0,5.0,3.0,1.0,5.63,1.458,9.2,3.0,1.31,0.336,18.0,18.0,66.0,68.2,65.9,70.0,62.0
Clayton Beeter,Washington,690925,50,0,48.0,6.0,5.0,12.0,4.5,1.396,8.8,5.81,1.5,0.237,21.0,21.0,71.0,59.8,17.6,73.0,72.0
Jose Quintana,Colorado,500779,11,11,48.0,2.0,3.0,,5.44,1.5,4.7,3.75,1.88,0.273,5.0,5.0,3.0,12.2,49.3,14.0,14.0
Jesse Scholtens,Tampa Bay,669947,12,2,47.2,5.0,3.0,,4.34,1.343,7.0,2.86,2.29,0.261,10.0,10.0,22.0,33.0,71.0,10.0,8.0
Caleb Kilian,"Philadelphia,San Francisco",668873,49,0,47.2,4.0,7.0,8.0,4.91,1.364,10.6,4.19,1.14,0.308,73.0,73.0,83.0,84.9,38.8,70.0,28.0
Ty Madden,Detroit,680744,20,1,47.0,1.0,,,3.26,1.0,8.8,2.68,0.96,0.23,,,30.0,59.8,75.5,,
Josh Hader,Houston,623352,47,0,47.0,4.0,2.0,26.0,0.96,0.787,10.9,2.87,0.19,0.202,,,60.0,88.4,70.6,,
Jacob Waguespack,Detroit,621097,35,1,47.0,2.0,2.0,,2.49,0.915,6.7,3.45,1.15,0.16,,,25.0,27.3,55.8,,
Blake Snell,Los Angeles,605483,10,10,46.1,4.0,1.0,,1.94,1.187,11.7,4.1,0.0,0.312,,,75.0,93.6,40.3,,
Craig Kimbrel,"Kansas City,New York,Tampa Bay",518886,46,0,46.0,1.0,5.0,1.0,4.5,1.348,7.8,4.3,0.78,0.286,,,35.0,44.9,36.8,,
Gabe Speier,Seattle,642100,54,0,46.0,2.0,3.0,1.0,2.93,1.087,8.8,2.93,0.98,0.254,,,64.0,59.8,69.4,,
Julian Garcia,Cincinnati,670062,33,0,46.0,2.0,3.0,2.0,3.13,1.043,8.0,3.72,1.37,0.198,,,19.0,47.8,50.2,,
Nate Pearson,"Houston,Kansas City",663878,42,0,46.0,3.0,4.0,4.0,4.11,1.37,8.0,5.09,0.39,0.28,,,91.0,47.8,24.3,,
Jackson Jobe,Detroit,695549,9,9,46.0,3.0,3.0,,3.91,1.174,10.0,3.13,1.37,0.27,,,87.0,78.8,63.8,,
Kyle Hurt,Los Angeles,669165,44,1,45.2,4.0,1.0,1.0,4.14,1.336,11.4,4.58,1.0,0.3,,,83.0,91.8,31.6,,
A.J. Minter,"Minnesota,New York",621345,48,0,45.2,2.0,2.0,1.0,2.56,1.051,8.1,1.59,1.79,0.246,,,34.0,49.2,92.7,,
Brandon Woodruff,Milwaukee,605540,9,9,45.1,2.0,2.0,,2.98,0.838,9.3,2.0,1.0,0.207,,,15.0,69.8,88.5,,
Cionel Pérez,"New York,Washington",672335,40,2,45.1,4.0,3.0,,4.76,1.456,8.7,3.79,1.4,0.313,,,83.0,58.2,48.2,,
Kenley Jansen,Detroit,445276,50,0,45.0,4.0,6.0,22.0,3.2,1.044,10.2,4.6,1.4,0.173,,,,80.5,31.2,,
Joel Kuhnel,"Athletics,Milwaukee,San Francisco",669270,45,0,45.0,1.0,3.0,8.0,4.4,1.489,5.6,3.6,1.4,0.29,,,62.0,16.6,52.7,,
Evan Sisk,Pittsburgh,681895,41,0,44.2,1.0,,,3.02,1.366,10.1,5.09,0.41,0.312,,,9.0,79.8,24.3,,
Mitch Bratt,Arizona,683352,10,10,44.0,1.0,3.0,,4.7,1.523,6.1,5.52,1.02,0.271,,,7.0,21.5,19.0,,
Cody Bradford,Texas,674003,10,8,44.0,,5.0,,4.3,1.477,4.5,2.05,1.23,0.32,,,2.0,11.3,87.7,,
Brandon Eisert,"Chicago,Pittsburgh",685126,40,4,44.0,3.0,3.0,,5.52,1.295,10.0,2.86,1.23,0.325,,,3.0,78.8,71.0,,
Lance McCullers Jr.,"Houston,Milwaukee",621121,10,8,44.0,2.0,3.0,,6.55,1.545,9.8,5.52,1.43,0.306,,,9.0,76.0,19.0,,
Chase Dollander,Colorado,801403,10,3,44.0,3.0,3.0,,3.89,1.295,9.6,3.68,1.23,0.289,,,96.0,73.8,51.2,,
Michael Rucker,Seattle,621074,37,0,43.2,1.0,4.0,,5.56,1.282,10.3,3.54,1.25,0.3,,,77.0,81.5,54.3,,
Matt Svanson,St. Louis,694335,41,1,43.1,2.0,3.0,,7.27,1.754,8.5,4.39,1.04,0.365,2.0,2.0,79.0,55.2,35.6,6.0,57.0
Brady Basso,Athletics,669620,26,7,43.0,1.0,4.0,,6.07,1.651,6.5,2.09,0.84,0.373,,,20.0,25.9,86.8,,
Orlando Ribalta,Washington,687377,45,0,43.0,1.0,2.0,2.0,3.77,1.209,8.8,3.77,1.05,0.259,,,87.0,59.8,48.7,,
Keaton Winn,San Francisco,676775,44,0,43.0,2.0,3.0,1.0,3.35,1.186,6.9,3.56,0.63,0.261,,,71.0,31.3,53.9,,
Emilio Pagán,Cincinnati,641941,44,0,42.2,5.0,1.0,25.0,3.38,1.031,9.5,2.35,1.49,0.245,,,57.0,72.4,82.1,,
Justin Sterner,Athletics,686993,46,0,42.2,2.0,3.0,1.0,6.12,1.383,8.4,2.77,2.35,0.294,,,34.0,53.9,73.6,,
Alex Hoppe,"Baltimore,Seattle",695380,42,0,42.2,1.0,1.0,1.0,4.43,1.43,9.9,4.27,0.64,0.322,,,96.0,77.4,37.8,,
David Sandlin,Chicago,689818,10,6,42.2,3.0,2.0,,5.7,1.266,8.6,3.41,1.49,0.274,,,78.0,56.7,56.6,,
Matt Waldron,"San Diego,Toronto,Washington",663362,17,4,42.2,2.0,2.0,,6.54,1.594,7.0,2.35,1.49,0.357,,,13.0,33.0,82.1,,
Enmanuel De Jesus,Detroit,646241,30,0,42.1,2.0,,1.0,3.83,1.252,8.3,3.21,0.64,0.299,,,46.0,52.2,61.9,,
Nick Pivetta,San Diego,601713,10,10,42.1,3.0,2.0,,2.98,1.063,10.6,2.14,0.64,0.296,,,43.0,84.9,86.0,,
Wilber Dotel,Pittsburgh,696062,22,2,42.1,1.0,5.0,,4.46,1.37,8.7,3.42,0.64,0.322,,,95.0,58.2,56.5,,
Kirby Yates,"Los Angeles,Pittsburgh",489446,46,1,42.1,2.0,5.0,3.0,3.19,1.205,10.4,3.63,0.64,0.298,,,6.0,82.4,52.1,,
Cam Booser,Tampa Bay,592155,44,0,42.0,2.0,,,1.93,0.762,9.6,1.5,1.07,0.2,,,71.0,73.8,93.1,,
Hoby Milner,"Chicago,Seattle",571948,44,0,42.0,1.0,,1.0,3.64,1.238,5.4,2.14,1.07,0.282,,,1.0,14.9,86.0,,
Will Klein,Los Angeles,694361,36,3,41.2,3.0,4.0,2.0,3.67,1.56,10.6,4.59,0.66,0.363,,,91.0,84.9,31.5,,
Eric Orze,Minnesota,679358,36,0,41.1,2.0,2.0,1.0,5.66,1.524,7.8,4.6,0.22,0.323,,,23.0,44.9,31.2,,
Pete Fairbanks,Miami,664126,46,1,41.1,4.0,5.0,19.0,6.31,1.355,12.4,4.6,1.75,0.287,,,89.0,96.1,31.2,,
Garrett Cleavinger,Tampa Bay,664076,51,0,41.1,4.0,4.0,2.0,4.79,1.427,11.8,4.82,1.31,0.32,,,71.0,94.0,27.8,,
Tony Santillan,Cincinnati,663574,44,0,40.2,3.0,4.0,5.0,6.42,1.672,8.0,6.27,2.46,0.261,,,51.0,47.8,13.2,,
Cooper Criswell,Seattle,681867,37,0,40.2,4.0,2.0,1.0,3.32,1.402,6.9,3.58,0.67,0.319,,,6.0,31.3,53.3,,
Ryan Thompson,Arizona,657044,46,0,40.2,4.0,2.0,,4.43,1.574,6.4,2.91,0.67,0.35,,,2.0,25.1,69.7,,
Devin Williams,New York,642207,44,0,40.2,3.0,2.0,16.0,4.43,1.574,11.5,4.7,0.67,0.377,,,41.0,92.6,29.4,,
Tyron Guerrero,Boston,594027,40,0,40.2,1.0,2.0,,3.1,1.107,9.1,1.79,0.45,0.313,,,99.0,66.8,90.4,,
Jaden Hill,Colorado,677955,46,0,39.2,1.0,4.0,2.0,5.22,1.487,9.1,5.28,0.69,0.297,,,88.0,66.8,21.7,,
Tyler Zuber,Miami,676604,44,0,39.2,2.0,1.0,1.0,5.67,1.437,9.5,2.53,2.3,0.327,,,64.0,72.4,78.6,,
Mitchell Parker,Washington,680730,22,0,39.2,3.0,3.0,1.0,6.58,1.487,7.7,2.98,2.07,0.319,,,35.0,43.2,67.4,,
Trey Gibson,Baltimore,694346,9,8,39.2,2.0,3.0,,6.13,1.714,8.4,6.2,1.61,0.304,,,59.0,53.9,13.9,,
Dylan Smith,San Francisco,681916,42,0,39.2,,6.0,4.0,3.86,1.437,10.2,5.05,0.69,0.311,,,69.0,80.5,25.1,,
Drew Sommers,Detroit,805427,43,0,39.2,2.0,4.0,,3.63,1.235,14.1,3.21,0.92,0.369,,,59.0,98.8,61.9,,
Mason Englert,Tampa Bay,669438,15,4,39.1,,4.0,1.0,5.95,1.551,8.7,2.07,2.99,0.333,,,17.0,58.2,87.4,,
Shawn Armstrong,Cleveland,542888,44,0,39.0,2.0,1.0,,4.15,1.256,8.8,4.38,0.92,0.257,,,35.0,59.8,35.7,,
Spencer Strider,Atlanta,675911,8,8,39.0,4.0,2.0,,5.31,1.359,10.6,4.62,2.08,0.27,,,60.0,84.9,30.8,,
Jake Bird,"New York,Washington",656234,44,0,38.2,1.0,1.0,,5.35,1.422,9.5,3.06,1.41,0.336,,,48.0,72.4,65.0,,
Isaac Mattson,Pittsburgh,676755,38,0,38.2,,,,5.35,1.603,8.4,4.24,0.71,0.347,,,46.0,53.9,38.4,,
Craig Yoho,"Cleveland,Milwaukee",684974,34,0,38.1,2.0,1.0,,4.93,1.226,9.6,4.25,1.42,0.245,,,48.0,73.8,38.1,,
Chris Roycroft,"Athletics,St. Louis,Tampa Bay",688297,27,0,38.1,2.0,,1.0,6.57,1.904,6.8,4.96,2.36,0.336,,,75.0,29.0,26.2,,
Jason Adam,San Diego,592094,42,0,37.2,2.0,2.0,2.0,2.63,1.195,5.3,2.9,1.21,0.243,,,34.0,14.2,70.0,,
Scott Blewett,"Athletics,St. Louis",656240,26,0,37.1,2.0,2.0,,3.13,1.366,8.2,2.67,0.97,0.327,,,64.0,50.5,75.7,,
Tyler Schweitzer,Chicago,805326,18,0,37.1,1.0,,1.0,3.13,1.313,4.3,2.91,0.73,0.283,,,41.0,10.5,69.7,,
Robby Ahlstrom,Texas,695239,42,0,37.0,3.0,1.0,,6.08,1.432,8.3,3.65,1.7,0.301,,,49.0,52.2,51.8,,
Cade Povich,Baltimore,700249,8,7,37.0,2.0,1.0,,4.38,1.486,6.8,3.65,1.46,0.309,,,12.0,29.0,51.8,,
Luis Gastelum,St. Louis,703725,34,0,36.2,5.0,4.0,,4.42,1.227,10.8,2.98,1.49,0.307,,,41.0,87.2,67.4,,
PJ Poulin,Washington,676571,35,11,36.2,3.0,,3.0,2.7,1.309,6.1,5.22,0.99,0.225,,,3.0,21.5,22.6,,
Riley Cornelio,Washington,683000,18,3,36.2,3.0,2.0,,3.68,1.5,9.8,7.21,0.5,0.273,,,82.0,76.0,9.9,,
Sam Hentges,San Francisco,656529,45,0,36.2,1.0,7.0,,3.19,1.636,10.1,6.22,0.0,0.34,,,48.0,79.8,13.8,,
José Urquidy,"Chicago,Philadelphia,Pittsburgh",664353,13,1,36.1,2.0,2.0,1.0,4.95,1.486,7.4,1.75,1.0,0.355,,,22.0,38.9,91.1,,
Tanner Banks,Philadelphia,621383,32,1,36.1,,4.0,,6.19,1.844,9.4,3.74,1.99,0.389,,,12.0,71.2,49.7,,
Jackson Kent,Washington,800600,8,7,36.1,2.0,4.0,,5.94,1.789,7.4,6.23,0.5,0.336,,,27.0,38.9,13.7,,
Robert Suarez,Atlanta,663158,36,0,36.0,4.0,,4.0,1.0,0.889,6.8,1.5,0.25,0.243,,,96.0,29.0,93.1,,
Matt Strahm,Kansas City,621381,41,0,35.2,3.0,4.0,,7.32,1.486,7.6,3.58,3.07,0.262,,,9.0,41.6,53.3,,
Kade Anderson,Seattle,807739,7,7,35.2,2.0,2.0,,3.79,1.234,8.1,2.3,1.02,0.307,,,34.0,49.2,83.0,,
Brant Hurter,Detroit,676428,29,0,35.1,4.0,1.0,,3.06,1.104,6.1,3.85,0.26,0.228,,,13.0,21.5,46.9,,
Cole Ragans,Kansas City,666142,8,8,35.1,1.0,4.0,,4.84,1.415,11.5,5.9,2.56,0.233,,,57.0,92.6,17.0,,
Graham Ashcraft,Cincinnati,668933,35,0,35.1,1.0,1.0,1.0,4.08,1.443,10.2,6.15,0.51,0.298,,,,80.5,14.6,,
Bryse Wilson,"Chicago,Milwaukee,Philadelphia",669060,16,0,35.1,,,,4.33,1.33,7.9,0.77,1.28,0.355,,,22.0,46.3,94.6,,
Tyler Davis,Chicago,699823,33,0,35.0,2.0,3.0,1.0,3.34,1.171,7.5,4.63,0.77,0.22,,,79.0,40.3,30.5,,
Hagen Smith,Chicago,696146,22,4,35.0,3.0,3.0,,1.29,1.086,12.1,6.17,0.26,0.188,,,39.0,95.2,14.5,,
Richard Lovelady,"New York,Washington",663992,38,6,35.0,3.0,4.0,4.0,4.11,1.857,8.0,6.17,1.29,0.346,,,9.0,47.8,14.5,,
Victor Mederos,Atlanta,682989,31,0,34.2,6.0,2.0,1.0,3.89,1.269,8.8,3.95,0.53,0.281,,,88.0,59.8,44.5,,
Carson Whisenhunt,San Francisco,687931,8,8,34.2,3.0,4.0,,6.49,1.788,6.8,5.53,1.32,0.324,,,23.0,29.0,18.8,,
Luis Mey,Cincinnati,682825,29,0,34.2,,2.0,,6.23,1.644,13.0,5.79,0.79,0.381,,,93.0,97.2,17.9,,
Justin Lawrence,"Minnesota,Pittsburgh,Washington",664875,37,0,34.1,,3.0,1.0,7.34,1.951,11.3,7.39,2.38,0.33,,,69.0,91.2,9.6,,
Mike Paredes,Minnesota,702474,9,5,34.1,,3.0,,4.72,1.427,5.0,3.43,1.58,0.27,,,27.0,12.8,56.3,,
Anthony Bender,Miami,669622,35,0,34.1,1.0,1.0,2.0,2.62,0.961,10.7,3.17,0.26,0.241,,,81.0,86.0,63.0,,
Ethan Pecko,Houston,814490,8,5,34.1,2.0,,,3.93,1.136,6.0,3.7,1.32,0.208,,,30.0,19.9,50.8,,
Anthony Banda,Minnesota,607455,39,0,34.1,2.0,,2.0,4.46,1.34,8.7,3.96,0.79,0.292,,,52.0,58.2,44.2,,
Anthony Molina,"Atlanta,San Francisco",683627,9,5,34.0,3.0,2.0,,3.97,1.059,8.2,1.85,0.79,0.274,,,79.0,50.5,90.1,,
AJ Smith-Shawver,Atlanta,700363,10,5,34.0,,3.0,,6.88,1.559,7.7,4.76,2.38,0.263,,,77.0,43.2,28.9,,
Alec Gamboa,Boston,687941,23,3,33.2,1.0,,1.0,2.41,1.248,6.1,3.25,0.27,0.29,,,59.0,21.5,60.5,,
Ronel Blanco,Houston,669854,8,5,33.2,,1.0,,6.68,1.366,7.8,4.34,2.44,0.241,,,32.0,44.9,36.3,,
Chris Murphy,Chicago,669684,33,3,33.2,3.0,,1.0,4.81,1.426,9.4,4.34,1.08,0.308,,,77.0,71.2,36.3,,
Sam Aldegheri,Los Angeles,691951,9,6,33.2,3.0,4.0,,5.08,1.426,5.9,4.61,1.36,0.245,,,16.0,18.8,31.0,,
Seth Johnson,"Athletics,Philadelphia",686751,28,1,33.2,1.0,,,5.88,1.693,10.7,5.42,1.36,0.352,,,90.0,86.0,19.6,,
Mark Leiter Jr.,Athletics,643410,36,0,33.2,,1.0,4.0,4.28,1.307,10.2,2.98,0.54,0.348,,,17.0,80.5,67.4,,
Jordan Romano,"Colorado,Los Angeles",605447,38,0,33.2,,4.0,15.0,5.61,1.426,10.4,5.15,1.08,0.278,,,38.0,82.4,23.5,,
David Morgan,San Diego,688158,32,0,33.1,4.0,1.0,,3.78,1.77,10.5,5.98,0.54,0.38,,,90.0,83.5,16.5,,
Scott Barlow,Athletics,605130,36,0,33.1,2.0,,2.0,6.48,1.35,7.8,5.17,1.9,0.211,,,2.0,44.9,23.3,,
Gus Varland,Washington,681402,34,0,33.0,2.0,2.0,6.0,6.55,1.758,8.7,4.09,1.91,0.36,,,60.0,58.2,40.7,,
Caleb Ferguson,"Cincinnati,St. Louis",657571,35,1,33.0,1.0,,1.0,5.18,1.697,8.5,5.18,1.36,0.34,,,18.0,55.2,23.1,,
Ryan Walker,San Francisco,676254,33,0,32.2,,1.0,3.0,7.16,1.806,6.3,5.31,1.4,0.34,,,60.0,24.1,21.0,,
JP Sears,San Diego,676664,8,6,32.2,3.0,4.0,,4.68,1.347,6.9,3.07,1.68,0.276,,,23.0,31.3,64.9,,
Paxton Schultz,Washington,687606,27,1,32.1,1.0,2.0,1.0,6.4,1.701,8.9,3.36,1.4,0.376,,,35.0,61.3,57.4,,
Samy Natera,Los Angeles,696519,28,0,31.2,1.0,2.0,3.0,3.13,1.105,13.6,3.75,0.29,0.313,,,57.0,98.0,49.3,,
Carson Seymour,San Francisco,693313,25,1,31.2,,2.0,1.0,4.55,1.484,6.5,4.62,1.73,0.272,,,85.0,25.9,30.8,,
Chase Petty,Cincinnati,695534,16,3,31.2,1.0,2.0,1.0,4.83,1.263,4.3,2.6,1.73,0.236,,,81.0,10.5,76.9,,
Brad Keller,Philadelphia,641745,32,0,31.1,2.0,1.0,3.0,4.02,1.34,9.2,3.76,1.16,0.298,,,87.0,68.2,49.0,,
Mason Black,Kansas City,696131,17,0,31.1,,,,4.31,1.596,5.5,5.79,1.74,0.253,,,41.0,15.7,17.9,,
Justin Slaten,Boston,686580,36,0,31.1,2.0,4.0,,4.6,1.372,11.2,2.32,1.16,0.369,,,85.0,90.7,82.7,,
Daniel Palencia,Chicago,694037,33,0,31.1,2.0,2.0,3.0,3.73,1.181,9.2,3.18,1.45,0.263,,,98.0,68.2,62.7,,
Bennett Sousa,Houston,656986,36,1,31.0,1.0,3.0,,6.1,1.806,9.6,5.23,1.45,0.375,,,39.0,73.8,22.4,,
Jeremiah Estrada,San Diego,669093,33,0,31.0,2.0,3.0,1.0,3.48,1.161,11.0,4.65,0.58,0.261,,,74.0,89.3,30.2,,
Adam Macko,"Texas,Toronto",671936,30,1,31.0,2.0,,,5.23,1.677,9.3,4.06,1.45,0.367,,,52.0,69.8,41.9,,
Jonah Tong,New York,804636,7,4,30.2,2.0,2.0,,3.82,1.239,10.0,4.17,0.6,0.272,,,57.0,78.8,39.1,,
Josh Ekness,Miami,694795,30,0,30.2,3.0,4.0,1.0,3.23,1.402,7.0,5.96,0.6,0.25,,,94.0,33.0,16.7,,
Jonathan Pintaro,New York,702752,22,0,30.2,2.0,3.0,,5.28,1.37,8.8,4.77,1.49,0.284,,,62.0,59.8,28.6,,
Josh Walker,Baltimore,677020,31,0,30.1,1.0,,1.0,2.08,1.187,8.6,3.59,0.6,0.268,,,23.0,56.7,53.0,,
Robert Stock,New York,476594,8,7,30.1,1.0,3.0,,5.93,1.747,8.6,4.49,0.6,0.371,,,59.0,56.7,33.8,,
Garrett Crochet,Boston,676979,7,6,30.0,3.0,3.0,,7.5,1.567,11.4,3.3,1.5,0.373,,,69.0,91.8,59.2,,
Connor Phillips,Cincinnati,683175,27,0,30.0,2.0,,1.0,5.4,1.8,8.7,9.3,0.9,0.253,,,95.0,58.2,4.8,,
Blake Treinen,Los Angeles,595014,36,0,29.2,4.0,1.0,1.0,3.64,1.416,9.4,4.01,0.92,0.321,,,60.0,71.2,42.7,,
Daniel Duarte,New York,650960,24,0,29.2,2.0,,2.0,2.12,0.809,9.1,2.16,0.92,0.197,,,45.0,66.8,85.6,,
Lucas Giolito,San Diego,608337,7,5,29.2,2.0,3.0,,5.16,1.854,5.5,7.09,1.23,0.304,,,6.0,15.7,10.5,,
Kendry Rojas,Minnesota,696070,12,4,29.2,1.0,1.0,,3.34,1.517,10.3,6.78,0.62,0.309,,,71.0,81.5,11.5,,
Cam Sanders,"Baltimore,Pittsburgh",676742,28,0,29.1,1.0,1.0,3.0,4.6,1.432,12.3,6.19,0.31,0.323,,,74.0,95.8,14.1,,
Drew Pomeranz,"Chicago,Los Angeles",519141,31,0,29.0,2.0,3.0,,5.59,1.655,5.3,4.97,2.17,0.272,,,16.0,14.2,26.0,,
Seth Halvorsen,"Colorado,Los Angeles",678020,32,0,29.0,1.0,2.0,,5.9,1.724,7.1,5.28,1.86,0.29,,,98.0,34.9,21.7,,
Mason Adams,Colorado,690279,6,6,29.0,,2.0,,4.03,1.483,9.6,3.72,1.86,0.338,,,23.0,73.8,50.2,,
Trevor Williams,"Texas,Washington",592866,15,1,28.2,2.0,,,3.14,1.186,10.7,3.19,1.28,0.286,,,2.0,86.0,62.3,,
Dax Fulton,Miami,690978,16,0,28.2,2.0,,,3.77,1.326,9.1,4.79,0.32,0.289,,,59.0,66.8,28.3,,
Brendon Little,Toronto,663893,30,0,28.1,,3.0,,6.35,1.906,14.0,8.01,1.6,0.421,,,60.0,98.6,8.3,,
Jose Cabrera,Arizona,703615,8,5,28.1,,4.0,,5.72,1.518,6.4,3.52,1.92,0.295,,,38.0,25.1,54.6,,
Brock Stewart,Los Angeles,592779,30,1,28.0,1.0,2.0,1.0,2.57,0.964,8.4,3.21,0.96,0.206,,,68.0,53.9,61.9,,
Geoff Hartlieb,Athletics,664129,18,0,28.0,2.0,1.0,,4.82,1.571,7.1,4.5,0.32,0.337,,,55.0,34.9,32.7,,
Jake Woodford,"Chicago,Milwaukee,Tampa Bay",663765,19,0,27.2,1.0,,1.0,7.81,1.843,8.1,2.65,1.65,0.4,,,34.0,49.2,76.1,,
Hunter Greene,Cincinnati,668881,5,5,27.2,2.0,2.0,,6.83,1.373,10.7,2.98,1.32,0.333,,,95.0,86.0,67.4,,
Matt Wilkinson,San Francisco,683363,8,6,27.2,1.0,3.0,,3.58,0.976,6.5,1.65,1.65,0.213,,,5.0,25.9,92.1,,
Phil Maton,Chicago,664208,31,0,27.2,,1.0,,6.18,1.807,10.1,5.29,1.65,0.372,,,4.0,79.8,21.3,,
Nick Davila,Seattle,689546,24,0,27.1,,,1.0,4.94,1.354,4.3,4.32,0.66,0.253,,,55.0,10.5,36.5,,
Luis Gil,New York,661563,9,4,27.1,1.0,2.0,,4.61,1.427,5.6,5.98,1.99,0.19,,,62.0,16.6,16.5,,
Blas Castano,Colorado,680604,15,0,27.1,2.0,,,3.62,1.317,6.9,2.99,1.33,0.307,,,46.0,31.3,66.8,,
Matt Gage,San Francisco,657424,34,0,27.1,4.0,1.0,1.0,5.6,1.646,7.2,5.65,1.99,0.278,,,18.0,36.5,18.4,,
Joe Mantiply,Toronto,573009,25,0,27.0,2.0,,,3.0,1.185,7.3,1.67,1.0,0.308,,,1.0,37.7,91.8,,
Cole Wilcox,Seattle,677961,23,0,27.0,,,,4.0,1.63,9.3,5.67,0.67,0.338,,,83.0,69.8,18.3,,
George Klassen,Los Angeles,691946,6,6,27.0,2.0,2.0,,3.67,1.63,8.0,7.0,0.67,0.273,,,81.0,47.8,10.6,,
Elmer Rodríguez,New York,695684,6,6,26.2,,3.0,,5.4,1.575,7.1,5.5,0.69,0.3,,,71.0,34.9,19.1,,
Evan Phillips,Los Angeles,623465,33,0,26.2,3.0,2.0,2.0,3.38,1.088,11.1,2.4,1.72,0.27,,,85.0,90.0,80.8,,
Will Vest,Detroit,676684,27,0,26.2,3.0,5.0,2.0,6.08,1.425,9.1,3.44,0.69,0.351,,,71.0,66.8,56.1,,
Alan Rangel,Philadelphia,660604,7,3,26.0,,3.0,,5.88,1.692,10.0,4.5,1.38,0.36,,,25.0,78.8,32.7,,
Ryan Weiss,Houston,680802,9,2,26.0,,3.0,,7.62,2.115,10.4,6.92,2.77,0.37,,,54.0,82.4,10.9,,
Jason Foley,San Francisco,671345,24,0,26.0,3.0,2.0,,4.15,1.5,5.2,3.81,0.69,0.292,,,71.0,13.6,47.8,,
Jalen Beeks,Texas,656222,29,0,26.0,2.0,1.0,,3.81,1.385,7.3,2.77,2.08,0.289,,,32.0,37.7,73.6,,
Jordan Montgomery,Texas,656756,13,0,26.0,1.0,,1.0,4.15,1.0,6.9,2.08,1.04,0.23,,,5.0,31.3,87.1,,
Ethan Roberts,Chicago,681799,23,0,25.2,,2.0,,4.21,1.403,6.0,5.0,1.07,0.26,,,35.0,19.9,25.7,,
Connor Thomas,"Atlanta,Kansas City",671162,19,0,25.2,2.0,1.0,,7.01,1.597,6.3,3.21,1.43,0.329,,,9.0,24.1,61.9,,
Beau Brieske,Detroit,689225,18,0,25.1,1.0,,,4.97,1.184,8.5,2.51,1.79,0.277,,,69.0,55.2,79.0,,
Keegan Akin,Baltimore,669211,24,2,25.1,,1.0,,5.68,1.5,6.0,3.23,1.08,0.31,,,38.0,19.9,61.2,,
Jonathan Hernández,Los Angeles,642546,16,0,25.1,,,,5.68,1.342,7.8,4.66,1.43,0.243,,,88.0,44.9,30.0,,
Gavin Collyer,Texas,686560,24,0,25.0,1.0,1.0,,5.4,1.44,8.3,6.84,0.72,0.238,,,84.0,52.2,11.3,,
Cesar Perdomo,San Francisco,702885,5,4,24.2,,1.0,,3.65,1.378,5.1,2.6,1.49,0.291,,,27.0,13.2,76.9,,
Yunior Marte,San Francisco,805074,5,3,24.1,,2.0,,4.44,1.397,5.5,3.73,1.87,0.26,,,27.0,15.7,50.0,,
Ray Kerr,Atlanta,678061,11,3,24.1,,,,1.11,0.658,6.3,1.49,0.75,0.159,,,55.0,24.1,93.3,,
Connor Seabold,"Detroit,Kansas City,Toronto",657756,21,0,24.0,1.0,,,5.25,1.708,7.5,4.12,0.75,0.354,,,35.0,40.3,39.9,,
Ryan Borucki,San Francisco,621366,21,0,23.2,1.0,1.0,,4.94,1.521,5.7,3.49,1.16,0.32,,,34.0,17.3,55.1,,
Trent Harris,San Francisco,805345,22,0,23.1,,1.0,2.0,2.31,1.157,10.4,2.73,0.39,0.322,,,41.0,82.4,74.4,,
Jose Cuas,Kansas City,621016,24,0,23.1,,1.0,,2.31,1.757,9.6,5.84,0.0,0.382,,,15.0,73.8,17.4,,
Beck Way,Kansas City,694360,19,1,23.1,1.0,1.0,,3.86,1.586,8.1,3.9,1.56,0.333,,,88.0,49.2,45.6,,
Ryan Fernandez,St. Louis,681676,17,0,23.0,1.0,2.0,,3.52,1.304,11.0,4.3,0.78,0.288,,,54.0,89.3,36.8,,
Sammy Peralta,"Colorado,Los Angeles",671111,16,1,23.0,,1.0,,6.65,1.87,9.0,3.52,1.57,0.423,,,2.0,64.0,54.6,,
Andrew Nardi,Miami,677053,25,0,22.2,3.0,3.0,,5.16,1.412,10.7,4.46,1.62,0.309,,,52.0,86.0,34.6,,
Taijuan Walker,Philadelphia,592836,5,4,22.2,1.0,4.0,,9.13,2.074,6.8,4.46,3.24,0.359,,,13.0,29.0,34.6,,
Franco Aleman,Cleveland,680916,21,0,22.1,,1.0,,4.43,1.567,11.3,4.07,1.63,0.368,,,77.0,91.2,41.5,,
Sean Sullivan,Colorado,807743,5,5,22.1,,3.0,,8.87,2.015,6.4,4.48,2.04,0.367,,,1.0,25.1,34.0,,
Justin Topa,"Minnesota,New York",623437,25,0,22.0,,1.0,2.0,6.95,1.955,6.1,4.91,1.64,0.36,,,34.0,21.5,26.8,,
Danny Coulombe,Boston,543056,29,0,22.0,,2.0,,4.5,1.5,4.1,6.14,0.41,0.246,,,3.0,9.9,14.7,,
Yerry de los Santos,New York,660787,16,0,22.0,1.0,,,2.05,1.273,7.0,3.27,1.64,0.254,,,62.0,33.0,59.9,,
Nate Lavender,New York,681320,21,0,21.2,1.0,,,1.66,0.738,10.8,1.7,0.42,0.229,,,19.0,87.2,91.4,,
Edwin Díaz,Los Angeles,621242,24,0,21.2,2.0,2.0,9.0,7.48,1.754,12.9,4.67,1.27,0.414,,,82.0,96.9,29.7,,
Nick Frasso,Colorado,693308,20,0,21.2,1.0,1.0,,5.82,1.477,9.1,2.97,1.27,0.344,,,68.0,66.8,67.9,,
Tayler Saucedo,Los Angeles,642048,28,0,21.1,1.0,1.0,,2.53,1.031,11.0,2.99,0.43,0.286,,,20.0,89.3,66.8,,
Reiver Sanmartin,San Francisco,665665,24,0,21.1,3.0,,,4.22,1.359,6.8,2.99,1.28,0.288,,,13.0,29.0,66.8,,
Raymond Burgos,Boston,670103,9,0,21.1,,,2.0,4.22,0.844,6.8,0.43,1.28,0.23,,,5.0,29.0,94.8,,
Xzavion Curry,New York,675540,9,1,21.1,,1.0,,5.48,1.453,6.3,3.84,2.99,0.242,,,5.0,24.1,47.3,,
Brenan Hanifee,Detroit,669724,23,2,21.1,,1.0,,5.06,1.453,4.2,2.99,2.13,0.275,,,62.0,10.1,66.8,,
Khristian Curtis,Pittsburgh,694753,6,0,21.0,2.0,,,4.71,1.286,5.6,5.14,0.43,0.233,,,66.0,16.6,23.7,,
Peyton Pallette,Cleveland,688883,16,0,20.2,1.0,2.0,,5.23,1.597,9.6,7.13,0.89,0.278,,,66.0,73.8,10.3,,
Kohl Drake,Arizona,684442,5,5,20.2,,1.0,,6.53,1.5,7.4,3.12,2.23,0.306,,,12.0,38.9,64.1,,
Mick Abel,Minnesota,690953,4,3,20.1,1.0,2.0,,3.98,1.574,10.2,4.48,0.0,0.386,,,54.0,80.5,34.0,,
Jefry Yan,New York,642376,18,1,20.1,2.0,1.0,,4.87,1.721,11.5,6.72,1.34,0.34,,,91.0,92.6,11.9,,
Jose Franco,Cincinnati,683742,10,0,20.1,1.0,,,4.43,1.721,6.6,7.16,1.34,0.271,,,60.0,26.7,10.1,,
Tyler Samaniego,Boston,701719,20,1,20.1,,3.0,,2.66,1.475,7.5,3.58,0.45,0.35,,,31.0,40.3,53.3,,
Alex McFarlane,Philadelphia,686934,21,0,20.1,4.0,1.0,,3.1,1.18,9.7,3.13,0.9,0.283,,,98.0,75.0,63.8,,
Cody Bolton,Houston,675989,8,3,20.0,,1.0,1.0,5.4,1.75,9.9,6.3,1.35,0.333,,,54.0,77.4,13.1,,
Shaun Anderson,Los Angeles,641312,12,0,20.0,2.0,,,7.65,1.75,7.7,4.5,1.8,0.35,,,31.0,43.2,32.7,,
Luke Murphy,Los Angeles,684665,22,0,20.0,,3.0,,6.75,1.6,9.0,4.95,0.9,0.345,,,71.0,64.0,26.4,,
Kyle Backhus,Philadelphia,679775,21,1,20.0,2.0,1.0,,4.95,1.55,9.0,2.7,1.35,0.349,,,6.0,64.0,75.2,,
Miguel Ullola,Houston,699044,12,2,19.2,2.0,,,2.29,0.661,9.2,2.34,1.41,0.119,,,55.0,68.2,82.4,,
Nick Mears,Kansas City,683232,21,0,19.1,2.0,3.0,,5.12,1.5,7.0,5.18,0.94,0.296,,,51.0,33.0,23.1,,
Hunter Bigge,Tampa Bay,685801,18,0,19.1,1.0,1.0,,6.98,1.448,6.5,6.6,0.47,0.232,,,82.0,25.9,12.2,,
Eli Morgan,Kansas City,669212,16,0,19.1,,1.0,1.0,5.12,1.707,7.4,4.24,2.36,0.322,,,9.0,38.9,38.4,,
Drey Jameson,Arizona,686753,12,0,19.1,,,,5.12,1.5,6.1,4.71,0.47,0.295,,,79.0,21.5,29.2,,
Andrew Sears,Detroit,808825,6,3,19.0,,1.0,,7.11,1.684,7.1,3.79,1.42,0.339,,,39.0,34.9,48.2,,
Carlos Vargas,Seattle,672841,16,0,19.0,3.0,,,4.74,1.053,8.1,1.89,0.95,0.259,,,77.0,49.2,89.9,,
Dedniel Núñez,New York,673380,18,0,19.0,2.0,1.0,1.0,3.32,0.895,9.5,0.0,1.89,0.271,,,83.0,72.4,97.4,,
Tristan Beck,San Francisco,663941,14,0,19.0,1.0,,1.0,5.21,1.368,4.3,2.37,0.95,0.292,,,55.0,10.5,81.5,,
Philip Abner,"Arizona,San Francisco",691769,13,0,19.0,,,,7.11,1.684,4.7,5.21,2.84,0.254,,,6.0,12.2,22.7,,
Joe Boyle,Tampa Bay,671212,4,3,19.0,,1.0,,5.21,1.158,9.9,4.26,0.47,0.245,,,90.0,77.4,37.9,,
Osvaldo Bido,"Atlanta,Chicago",674370,11,0,18.2,2.0,,1.0,6.27,1.339,5.3,4.95,1.48,0.226,,,52.0,14.2,26.4,,
Robert Garcia,Texas,676395,20,0,18.2,2.0,1.0,,2.41,1.179,5.3,4.45,0.49,0.24,,,41.0,14.2,34.8,,
Jordan Leasure,Chicago,673929,18,1,18.2,2.0,1.0,,6.27,1.232,8.7,3.96,2.97,0.196,,,73.0,58.2,44.2,,
Coleman Crow,Milwaukee,689441,5,4,18.2,,1.0,,5.3,1.446,4.8,2.97,0.99,0.288,,,9.0,12.4,67.9,,
Antwone Kelly,Pittsburgh,699008,8,0,18.2,,,,4.82,1.446,6.8,3.96,1.98,0.278,,,96.0,29.0,44.2,,
Tyler Ferguson,"Athletics,Chicago",621053,18,0,18.2,,1.0,,5.3,1.018,10.1,1.98,2.97,0.205,,,68.0,79.8,88.9,,
Jason Alexander,Houston,669920,4,2,18.1,1.0,1.0,,9.33,1.582,6.9,3.98,1.99,0.298,,,9.0,31.3,43.7,,
Max Kranick,Washington,668820,17,0,18.1,,1.0,,9.33,2.182,5.4,6.46,1.99,0.359,,,66.0,14.9,12.6,,
Drew Rom,"Athletics,Milwaukee",680723,18,0,17.2,1.0,1.0,,5.6,1.642,8.7,3.66,0.52,0.368,,,12.0,58.2,51.6,,
Blake Weiman,Los Angeles,676620,18,0,17.2,1.0,1.0,,2.55,1.415,8.2,1.57,1.57,0.345,,,4.0,50.5,92.9,,
Mark Manfredi,Colorado,815081,14,0,17.2,1.0,2.0,,3.06,1.358,8.2,4.71,0.52,0.286,,,46.0,50.5,29.2,,
Hunter Barco,Pittsburgh,682995,7,0,17.2,,1.0,,7.64,1.925,7.1,6.8,2.09,0.315,,,41.0,34.9,11.4,,
Jack Ralston,Miami,667652,16,1,17.1,,3.0,,5.71,1.385,9.9,4.74,2.63,0.238,,,35.0,77.4,29.0,,
Kade Morris,Athletics,695034,6,2,17.1,,1.0,,10.9,2.135,5.2,3.68,2.63,0.391,,,41.0,13.6,51.2,,
Gerardo Carrillo,Arizona,672629,13,0,17.1,3.0,1.0,,4.15,1.731,10.9,8.42,0.0,0.333,,,87.0,88.4,7.9,,
Wyatt Olds,Boston,681544,15,0,17.0,2.0,,,2.65,1.294,10.6,5.29,1.06,0.256,,,82.0,84.9,21.3,,
Burch Smith,Detroit,572143,13,1,17.0,,2.0,,3.18,1.471,10.6,3.71,1.06,0.372,,,39.0,84.9,50.5,,
Daniel Espino,Cleveland,682982,16,4,16.2,,,,4.32,1.44,14.6,5.0,1.67,0.353,,,97.0,99.0,25.7,,
Aaron Bummer,"Atlanta,Kansas City",607481,21,0,16.2,1.0,2.0,,10.26,2.1,7.0,6.11,3.89,0.309,,,5.0,33.0,14.9,,
Cody Laweryson,Minnesota,689520,15,0,16.2,1.0,,1.0,4.86,1.38,9.7,4.44,1.67,0.255,,,22.0,75.0,35.0,,
Angel Chivilli,New York,683409,15,0,16.2,1.0,1.0,,3.78,1.26,8.6,3.89,2.22,0.222,,,94.0,56.7,45.9,,
Carlos Carrasco,Atlanta,471911,8,0,16.2,,,,5.94,1.44,3.8,1.67,1.67,0.321,,,8.0,9.3,91.8,,
Logan Allen,Cleveland,671106,7,2,16.2,,,,5.94,1.74,8.6,3.33,1.67,0.37,,,5.0,56.7,58.4,,
Matt Brash,Seattle,666374,19,0,16.2,3.0,,,0.54,0.84,8.1,3.33,0.0,0.205,,,89.0,49.2,58.4,,
Zak Kent,"Minnesota,Washington",687849,11,0,16.1,,,,5.51,1.653,6.6,4.47,1.68,0.296,,,25.0,26.7,34.3,,
Zack Kelly,Boston,677161,17,0,16.1,,2.0,,3.31,1.286,7.7,3.91,0.56,0.277,,,75.0,43.2,45.3,,
Jayden Murray,"Chicago,Houston",681151,10,0,16.1,,,,9.37,2.082,7.7,5.03,1.68,0.415,,,64.0,43.2,25.2,,
Carson Palmquist,Washington,687223,11,6,16.1,,2.0,,7.71,1.776,8.3,4.47,0.56,0.4,,,6.0,52.2,34.3,,
Ben Peoples,Texas,687239,16,0,16.1,,1.0,,2.76,1.347,5.5,4.47,1.68,0.239,,,75.0,15.7,34.3,,
Tom Cosgrove,Washington,676680,18,0,16.1,1.0,2.0,1.0,7.71,1.469,7.7,3.35,1.68,0.306,,,1.0,43.2,57.8,,
Connor Brogdon,Cleveland,641401,16,0,16.0,2.0,2.0,1.0,5.06,1.125,8.4,1.69,2.81,0.233,,,52.0,53.9,91.6,,
Dietrich Enns,Baltimore,608650,13,0,16.0,3.0,,,3.94,1.5,7.3,6.19,0.0,0.289,,,39.0,37.7,14.1,,
Luis Morales,Athletics,806960,5,2,16.0,,2.0,,13.5,2.563,7.3,7.88,3.94,0.364,,,88.0,37.7,8.8,,
Yovanny Cruz,"New York,Washington",672442,17,0,16.0,,2.0,1.0,5.06,1.563,8.4,5.06,1.12,0.333,,,99.0,53.9,24.8,,
Hayden Juenger,"Athletics,Toronto",696522,15,0,16.0,,1.0,,9.0,2.0,3.4,4.5,0.0,0.375,,,52.0,8.7,32.7,,
Brandan Bidois,Pittsburgh,684049,15,0,15.2,,,,6.32,1.979,11.5,7.11,2.96,0.341,,,87.0,92.6,10.4,,
Ryan Helsley,Baltimore,664854,17,0,15.1,,4.0,8.0,4.11,1.435,12.3,5.36,1.79,0.286,,,97.0,95.8,20.7,,
Brycen Mautz,St. Louis,802408,8,1,15.1,,1.0,,5.87,1.891,11.2,6.56,1.19,0.4,,,32.0,90.7,12.4,,
Trevor Martin,"Los Angeles,Tampa Bay",694680,8,0,15.1,,1.0,,4.11,1.761,5.3,4.17,2.38,0.314,,,55.0,14.2,39.1,,
Erik Tolman,Washington,680899,15,0,15.1,1.0,1.0,5.0,2.93,1.435,10.0,5.36,0.6,0.3,,,85.0,78.8,20.7,,
Ben Joyce,Los Angeles,690829,16,0,15.1,,2.0,5.0,4.11,1.109,10.6,5.36,0.6,0.219,,,98.0,84.9,20.7,,
Alimber Santa,Houston,695001,10,0,15.1,,1.0,,1.17,0.913,5.3,3.58,0.6,0.163,,,48.0,14.2,53.3,,
Luis Garcia,"Minnesota,New York",472610,15,0,15.0,,1.0,2.0,9.0,1.933,3.6,3.6,1.2,0.362,,,59.0,9.0,52.7,,
Nolan Hoffman,"Kansas City,Philadelphia",676510,15,0,15.0,,,,3.6,1.533,7.2,3.6,0.0,0.378,,,27.0,36.5,52.7,,
Gavin Hollowell,Chicago,668970,15,0,14.2,,,1.0,2.45,1.364,8.0,5.7,1.27,0.231,,,54.0,47.8,18.2,,
Colton Gordon,"Houston,Milwaukee",676467,5,1,14.1,,1.0,,8.79,2.023,7.5,2.55,3.83,0.404,,,10.0,40.3,77.8,,
Chad Dallas,Toronto,689149,6,0,14.1,2.0,1.0,,5.02,1.465,10.7,5.11,1.28,0.297,,,,86.0,24.0,,
Chris Martin,Texas,455119,16,0,14.0,1.0,1.0,,9.0,1.929,5.8,1.29,2.57,0.42,,,48.0,18.1,94.0,,
Garrett Stallings,Milwaukee,668831,6,0,14.0,,,1.0,0.0,0.643,10.9,3.21,0.0,0.138,,,12.0,88.4,61.9,,
Peter Strzelecki,St. Louis,657265,8,0,14.0,1.0,1.0,,5.79,1.357,5.1,3.86,0.64,0.273,,,18.0,13.2,46.6,,
Anthony Gose,Kansas City,543238,14,0,13.2,1.0,1.0,,0.66,0.951,4.6,1.36,0.68,0.25,,,71.0,12.0,93.6,,
Cole Henry,Washington,669371,11,0,13.2,,2.0,,7.9,1.756,9.9,4.77,2.73,0.325,,,41.0,77.4,28.6,,
Michael Fulmer,"Los Angeles,New York",605242,15,0,13.2,,1.0,,3.29,1.39,11.9,5.45,1.36,0.281,,,,94.4,19.4,,
Cade Winquest,St. Louis,685464,11,0,13.2,1.0,,,3.95,1.244,10.5,5.45,0.68,0.258,,,73.0,83.5,19.4,,
Brett Kerry,Los Angeles,695049,3,0,13.2,,,,3.95,0.951,7.9,1.36,0.68,0.256,,,12.0,46.3,93.6,,
Zach McCambley,Cincinnati,685112,11,0,13.1,,,,4.05,1.425,9.5,4.12,0.69,0.324,,,41.0,72.4,39.9,,
Justin Martinez,Arizona,679885,15,0,13.1,3.0,1.0,,2.03,1.125,12.2,6.87,0.0,0.192,,,100.0,95.4,11.2,,
Logan VanWey,Houston,701121,11,0,13.0,1.0,,,1.38,0.923,6.2,0.69,0.69,0.286,,,29.0,22.9,94.7,,
Charlie Barnes,"Chicago,Los Angeles",656212,5,0,13.0,,1.0,,6.92,1.846,4.2,4.85,2.08,0.304,,,2.0,10.1,27.5,,
Lazaro Estrada,Toronto,681751,8,0,13.0,1.0,1.0,1.0,5.54,1.385,6.2,6.92,1.38,0.171,,,23.0,22.9,10.9,,
Bailey Falter,"Atlanta,Kansas City",663559,7,2,13.0,,2.0,,10.38,2.462,5.5,4.15,2.77,0.431,,,18.0,15.7,39.3,,
Zach Maxwell,Cincinnati,687209,12,0,13.0,,1.0,1.0,8.31,2.154,8.3,6.92,2.08,0.357,,,97.0,52.2,10.9,,
Brendan Beck,New York,694341,4,2,12.2,,2.0,,9.95,1.658,9.2,5.9,4.43,0.226,,,22.0,68.2,17.0,,
Jack Weisenburger,New York,674073,7,0,12.2,,,,2.13,1.105,9.9,2.95,0.0,0.323,,,54.0,77.4,68.6,,
Angel Zerpa,Milwaukee,672582,12,0,12.2,,2.0,2.0,6.39,1.737,5.7,4.43,1.48,0.368,,,69.0,17.3,35.1,,
Yunior Tur,Athletics,814305,8,0,12.2,,,,16.34,2.842,9.9,8.11,4.43,0.413,,,57.0,77.4,8.2,,
Danny Young,Atlanta,664849,16,1,12.1,,1.0,,8.03,2.27,10.9,9.67,2.23,0.4,,,38.0,88.4,4.7,,
Cooper Hjerpe,St. Louis,687309,4,0,12.1,1.0,,,4.38,1.297,10.9,6.69,0.0,0.241,,,5.0,88.4,12.0,,
Jack Anderson,"Boston,Minnesota",681252,7,0,12.1,1.0,,1.0,2.19,1.054,8.8,2.23,0.74,0.281,,,6.0,59.8,84.9,,
William Kempner,Miami,687531,9,0,12.1,1.0,,,2.92,0.973,10.2,2.98,0.74,0.241,,,60.0,80.5,67.4,,
Cole Sands,Minnesota,663485,13,0,12.0,1.0,1.0,1.0,8.25,1.667,8.3,3.75,2.25,0.343,,,25.0,52.2,49.3,,
Elieser Hernández,Atlanta,622694,5,0,12.0,2.0,,1.0,2.25,1.333,9.8,4.5,2.25,0.233,,,17.0,76.0,32.7,,
Keegan Thompson,Colorado,624522,5,0,12.0,,,,8.25,1.75,8.3,1.5,0.75,0.429,,,17.0,52.2,93.1,,
Owen Murphy,Atlanta,702566,5,1,12.0,,1.0,,6.0,1.667,6.8,2.25,3.0,0.333,,,25.0,29.0,84.2,,
Jedixson Paez,"Boston,Chicago",699151,5,1,11.2,1.0,1.0,,10.8,1.886,6.2,4.02,3.21,0.325,,,12.0,22.9,42.6,,
Joe Ross,"Arizona,Texas",605452,8,0,11.2,,1.0,,9.26,1.886,5.4,4.82,2.41,0.317,,,66.0,14.9,27.8,,
CJ Van Eyk,Toronto,669310,5,1,11.2,,2.0,,5.4,1.457,2.3,1.61,1.61,0.283,,,29.0,7.2,92.5,,
Andrew Hoffmann,Arizona,694851,8,0,11.2,1.0,,,7.71,2.057,9.3,6.43,2.41,0.382,,,51.0,69.8,12.8,,
Landon Knack,Los Angeles,689017,4,0,11.2,1.0,,1.0,3.86,1.2,6.2,1.61,3.21,0.229,,,38.0,22.9,92.5,,
Joel Peguero,San Francisco,666711,11,0,11.1,,,,2.38,1.235,4.0,3.24,0.0,0.27,,,99.0,9.6,60.9,,
Easton McGee,"Kansas City,Milwaukee",668834,9,0,11.1,,,,7.15,1.941,7.1,4.05,2.43,0.4,,,23.0,34.9,42.3,,
Bradley Blalock,Miami,687134,4,0,11.1,,,,5.56,1.324,9.5,3.24,3.24,0.25,,,73.0,72.4,60.9,,
Luis Perales,Washington,691384,6,0,11.0,,,,11.45,2.545,10.6,10.64,4.09,0.345,,,98.0,84.9,3.8,,
Eddy Yean,Washington,678868,8,1,11.0,,1.0,,2.45,0.909,5.7,1.64,0.82,0.206,,,85.0,17.3,92.2,,
Jack Sinclair,Washington,695378,11,0,11.0,1.0,,1.0,2.45,0.909,6.5,3.27,0.0,0.194,,,83.0,25.9,59.9,,
Garrett Acton,Minnesota,670183,7,0,11.0,1.0,1.0,,5.73,1.455,11.5,4.91,0.82,0.321,,,51.0,92.6,26.8,,
Hurston Waldrep,Atlanta,694462,3,2,10.2,,1.0,,8.44,2.156,7.6,8.82,2.65,0.313,,,46.0,41.6,7.1,,
Valente Bellozo,Colorado,678368,3,0,10.2,,1.0,,7.59,1.594,6.8,6.18,4.41,0.192,,,3.0,29.0,14.3,,
Joe Rock,"Athletics,Chicago",697812,5,0,10.1,,1.0,,5.23,2.419,10.5,11.58,0.0,0.414,,,32.0,83.5,3.3,,
Corbin Burnes,Arizona,669203,3,3,10.1,,,,7.84,1.548,7.0,3.56,4.46,0.233,,,,33.0,53.9,,
Jordan Wicks,Chicago,696136,4,2,10.1,,2.0,2.0,10.45,1.935,7.0,1.78,0.89,0.447,,,29.0,33.0,90.6,,
Luis Curvelo,Texas,681168,9,0,10.1,,,,9.58,2.323,5.2,6.24,3.56,0.342,,,62.0,13.6,13.6,,
Lucas Sims,Chicago,608371,9,0,10.0,,2.0,,4.5,1.6,9.0,6.3,0.9,0.32,,,45.0,64.0,13.1,,
Eduardo Rivera,Boston,700842,4,3,10.0,,1.0,,6.3,1.4,9.0,5.4,0.9,0.259,,,64.0,64.0,20.1,,
Max Lazar,Philadelphia,676661,8,0,10.0,,,,6.3,1.5,7.2,2.7,2.7,0.29,,,54.0,36.5,75.2,,
Austin Voth,"Minnesota,Toronto",608723,3,0,10.0,,1.0,,9.9,2.5,2.7,5.4,2.7,0.364,,,13.0,7.7,20.1,,
James Karinchak,Atlanta,675916,9,0,9.2,,,,1.86,0.931,7.4,4.89,0.98,0.13,,,59.0,38.9,27.1,,
Chase Lee,Toronto,695445,8,0,9.2,1.0,,1.0,6.52,1.655,4.7,7.83,2.93,0.2,,,3.0,12.2,8.9,,
Codi Heuer,Cleveland,676051,8,0,9.2,,1.0,,4.66,1.759,5.6,4.89,0.0,0.353,,,66.0,16.6,27.1,,
Luis De León,Baltimore,801725,8,0,9.1,,2.0,,1.93,0.75,5.8,1.98,0.99,0.148,,,74.0,18.1,88.9,,
Ken Waldichuk,Washington,686610,5,0,9.1,,,,6.75,1.5,7.7,5.93,3.96,0.182,,,,43.2,16.8,,
Braxton Garrett,"Chicago,Miami",666129,3,2,9.1,1.0,1.0,,7.71,2.357,6.8,10.88,0.0,0.367,,,8.0,29.0,3.6,,
Andre Granillo,Washington,701552,8,0,9.1,,,,9.64,2.25,2.9,7.91,1.98,0.314,,,46.0,7.8,8.6,,
Mitch Spence,Kansas City,687765,3,1,9.1,,2.0,,21.21,3.0,5.8,8.9,2.97,0.421,,,,18.1,6.9,,
Yaramil Hiraldo,Baltimore,682274,8,0,9.1,1.0,,,8.68,2.036,12.5,9.89,1.98,0.318,,,71.0,96.3,4.6,,
Carlos Rodriguez,Milwaukee,692230,4,0,9.1,,,,3.86,1.5,7.7,3.96,0.99,0.31,,,,43.2,44.2,,
Yariel Rodríguez,Toronto,684320,10,0,9.1,,1.0,,7.71,2.036,5.8,6.92,1.98,0.345,,,71.0,18.1,10.9,,
Carlos Cortes,Athletics,666126,9,0,9.1,,,,10.61,2.464,1.0,7.91,3.96,0.306,,,,6.6,8.6,,
Jared Shuster,St. Louis,694363,5,0,9.0,,,,9.0,1.889,4.0,6.0,1.0,0.303,,,27.0,9.6,15.7,,
Tommy Kahnle,Boston,592454,8,0,9.0,,,,8.0,2.0,5.0,6.0,2.0,0.333,,,35.0,12.8,15.7,,
Derek Law,Arizona,571882,7,1,9.0,,,,1.0,1.111,5.0,2.0,0.0,0.308,,,,12.8,88.5,,
Cameron Foster,Baltimore,671382,6,0,9.0,,,,9.0,2.778,9.0,8.0,1.0,0.516,,,77.0,64.0,8.4,,
Jhony Brito,San Diego,666745,5,0,9.0,,,,3.0,0.889,6.0,1.0,2.0,0.192,,,,19.9,94.4,,
Justin Verlander,Detroit,434378,2,2,9.0,,1.0,,7.0,1.556,7.0,3.0,3.0,0.308,,,25.0,33.0,65.9,,
Jose Trevino,Cincinnati,624431,7,0,9.0,,,,15.0,2.556,3.0,1.0,3.0,0.463,,,,8.2,94.4,,
Max Rajcic,St. Louis,691008,6,0,9.0,,,,5.0,1.333,8.0,6.0,1.0,0.208,,,66.0,47.8,15.7,,
Christian Roa,Houston,685005,7,0,8.2,,1.0,,5.19,1.962,6.2,7.68,1.1,0.346,,,74.0,22.9,9.0,,
Kolby Allard,Cleveland,663465,4,0,8.2,,,,10.38,2.192,9.3,3.29,2.2,0.467,,,3.0,69.8,59.4,,
Brendan Cellucci,Toronto,676454,6,0,8.2,,,,0.0,0.577,11.4,3.29,0.0,0.125,,,35.0,91.8,59.4,,
Nick Sandlin,Los Angeles,680704,8,0,8.2,,1.0,,11.42,1.615,6.2,5.49,2.2,0.292,,,,22.9,19.2,,
Riley Martin,Chicago,702303,8,1,8.1,,,,2.16,0.84,10.8,2.22,1.11,0.235,,,51.0,87.2,85.0,,
Joey Gerber,New York,680702,7,0,8.1,,,,4.32,1.2,8.6,4.44,1.11,0.238,,,34.0,56.7,35.0,,
John Klein,"Minnesota,Toronto",804619,4,0,8.1,,1.0,,2.16,1.32,7.6,6.67,1.11,0.19,,,55.0,41.6,12.1,,
Matt Krook,"Athletics,Washington",640454,11,0,8.1,,1.0,,10.8,2.28,9.7,11.11,2.22,0.304,,,3.0,75.0,3.5,,
Shane Smith,Chicago,681343,3,3,8.1,,2.0,,10.8,2.52,11.9,10.0,1.11,0.423,,,69.0,94.4,4.5,,
Justin Hagenman,New York,663795,3,1,8.0,,,,3.38,1.25,4.5,2.25,2.25,0.24,,,7.0,11.3,84.2,,
Duncan Davitt,"Chicago,San Francisco",701474,6,0,8.0,,1.0,,7.88,1.75,5.6,4.5,3.38,0.28,,,27.0,16.6,32.7,,
Spencer Bivens,"Kansas City,San Francisco",702352,6,0,7.2,,,,9.39,2.478,14.1,7.5,1.25,0.522,,,54.0,98.8,9.3,,
Domingo González,Seattle,682445,5,0,7.2,,,,4.7,1.826,5.9,6.25,1.25,0.333,,,25.0,18.8,13.4,,
Chris Devenski,"New York,Pittsburgh",606965,9,0,7.2,,,,11.74,1.957,5.9,1.25,3.75,0.393,,,23.0,18.8,94.2,,
Brett Sullivan,Colorado,664954,7,0,7.2,,,,4.7,1.696,1.2,2.5,1.25,0.333,,,,6.7,79.3,,
Paul Gervase,Los Angeles,801434,4,0,7.2,,,,2.35,1.565,9.4,6.25,0.0,0.333,,,23.0,71.2,13.4,,
Joel Payamps,Atlanta,606303,12,0,7.2,,2.0,,8.22,1.696,10.6,5.0,2.5,0.333,,,39.0,84.9,25.7,,
Chayce McDermott,"Los Angeles,New York",694646,5,0,7.2,1.0,,,5.87,1.565,7.0,5.0,2.5,0.261,,,64.0,33.0,25.7,,
Ty Johnson,Tampa Bay,694494,8,0,7.2,,,,3.52,1.435,12.9,5.0,1.25,0.353,,,30.0,96.9,25.7,,
TJ Shook,Colorado,669298,5,0,7.2,,,,8.22,1.826,8.2,2.5,3.75,0.375,,,20.0,50.5,79.3,,
Cade Horton,Chicago,690990,2,2,7.1,1.0,,,2.45,0.818,4.9,2.54,1.27,0.158,,,68.0,12.6,78.1,,
Alek Manoah,Los Angeles,666201,3,0,7.1,,,,9.82,2.182,6.1,10.14,1.27,0.28,,,1.0,21.5,4.4,,
Kyle Nicolas,Cincinnati,693312,7,0,7.1,1.0,,,8.59,2.864,8.6,16.48,1.27,0.333,,,85.0,56.7,2.2,,
Bobby Miller,Los Angeles,676272,3,0,7.1,1.0,,,3.68,1.227,9.8,5.07,1.27,0.235,,,87.0,76.0,24.6,,
Josh Simpson,Seattle,681006,8,0,7.1,,,,9.82,2.045,12.3,5.07,5.07,0.368,,,25.0,95.8,24.6,,
Zach Pop,Philadelphia,647315,7,1,7.1,,,,3.68,1.091,7.4,3.8,0.0,0.238,,,78.0,38.9,47.9,,
Bradley Hanner,New York,690440,5,0,7.1,1.0,,,8.59,1.636,8.6,1.27,5.07,0.318,,,19.0,56.7,94.1,,
Joey Estes,Athletics,683155,2,1,7.1,,,,11.05,1.909,6.1,2.54,5.07,0.348,,,23.0,21.5,78.1,,
Tanner Rainey,Detroit,663432,6,0,7.0,,,,3.86,1.571,7.7,10.29,0.0,0.188,,,84.0,43.2,4.3,,
Jared Koenig,Milwaukee,657649,9,0,7.0,,,,9.0,2.714,9.0,9.0,1.29,0.44,,,46.0,64.0,5.9,,
Matt Pushard,St. Louis,690155,6,0,7.0,,,,5.14,1.429,7.7,5.14,0.0,0.3,,,59.0,43.2,23.7,,
Austin Peterson,Cleveland,804926,2,0,7.0,,1.0,,2.57,0.857,10.3,2.57,2.57,0.133,,,,81.5,77.4,,
DJ Herz,Washington,687792,2,2,7.0,,1.0,,10.29,2.0,7.7,3.86,3.86,0.348,,,25.0,43.2,46.6,,
Michael Grove,Tampa Bay,675627,3,0,7.0,1.0,,,5.14,1.0,7.7,0.0,3.86,0.211,,,,43.2,97.4,,
J.P. France,Houston,641585,3,0,6.2,,,,8.1,1.65,5.4,7.26,1.45,0.25,,,,14.9,9.7,,
Marco Gonzales,Texas,594835,3,0,6.2,,,1.0,1.35,1.65,4.1,5.81,0.0,0.318,,,,9.9,17.6,,
Parker Mushinski,Colorado,656786,8,0,6.2,1.0,,,2.7,2.1,0.0,7.26,0.0,0.31,,,,3.3,9.7,,
Brian Fitzpatrick,Milwaukee,702153,5,0,6.2,,,,1.35,1.5,6.8,4.35,0.0,0.318,,,,29.0,36.0,,
Manuel Rodríguez,Tampa Bay,655889,6,0,6.2,,,,2.7,2.1,13.5,11.61,1.45,0.357,,,75.0,97.7,3.2,,
Ricky Vanasco,Detroit,676568,5,0,6.1,,1.0,,15.63,3.158,5.7,8.85,2.95,0.429,,,38.0,17.3,7.0,,
Wyatt Mills,Los Angeles,670090,6,0,6.1,,,,5.68,2.211,7.1,13.28,0.0,0.263,,,4.0,34.9,3.0,,
Kervin Castro,New York,665645,5,0,6.1,,,,1.42,0.789,11.4,2.95,0.0,0.231,,,39.0,91.8,68.6,,
Cole Irvin,Los Angeles,608344,1,0,6.0,,1.0,,9.0,1.833,7.5,4.5,1.5,0.35,,,,40.3,32.7,,
Tyler Gilbert,Chicago,656457,5,1,6.0,,,,12.0,2.667,6.0,6.0,3.0,0.455,,,4.0,19.9,15.7,,
Lou Trivino,"Baltimore,Philadelphia",642152,5,0,6.0,,,,15.0,2.833,10.5,10.5,1.5,0.45,,,59.0,83.5,4.0,,
Carl Edwards Jr.,New York,605218,2,0,6.0,,,,1.5,1.167,16.5,6.0,1.5,0.222,,,20.0,99.3,15.7,,
Yilber Díaz,"Arizona,Detroit",700270,5,0,6.0,,,,16.5,2.833,9.0,7.5,3.0,0.476,,,88.0,64.0,9.3,,
Carson Spiers,Cincinnati,686730,2,0,6.0,,,,7.5,1.0,9.0,0.0,6.0,0.143,,,,64.0,97.4,,
Ricky Tiedemann,Toronto,694357,5,0,6.0,,,,1.5,1.833,12.0,9.0,0.0,0.357,,,,94.8,5.9,,
Marco Raya,Minnesota,694397,3,0,6.0,,,,3.0,1.333,6.0,4.5,1.5,0.235,,,,19.9,32.7,,
Brandon Leibrandt,Cincinnati,605335,1,0,6.0,,,,7.5,2.167,4.5,4.5,3.0,0.364,,,,11.3,32.7,,
Taylor Rashi,"Arizona,Athletics",688497,4,0,5.2,1.0,,,7.94,1.588,7.9,5.19,1.73,0.294,,,,46.3,22.9,,
Alex Cook,Tampa Bay,702047,4,0,5.2,,,,4.76,1.059,7.9,3.46,1.73,0.188,,,66.0,46.3,55.5,,
Carter Baumler,Texas,691945,4,0,5.2,,,,3.18,1.765,9.5,10.38,1.73,0.231,,,,72.4,4.1,,
Tyler Heineman,"Los Angeles,Toronto",623168,5,0,5.1,,,,10.13,1.875,0.0,1.76,3.53,0.304,,,,3.3,90.9,,
Brody Hopkins,Tampa Bay,811315,6,0,5.1,,,,5.06,1.5,11.8,10.59,1.76,0.1,,,99.0,94.0,3.9,,
Braxton Roxby,San Francisco,694820,4,0,5.1,,,,3.38,1.5,5.1,3.53,0.0,0.316,,,,13.2,54.4,,
Eric Cerantola,Kansas City,672021,4,0,5.1,,,,10.13,2.625,11.8,17.65,3.53,0.25,,,,94.0,2.0,,
Alek Jacob,San Diego,689690,3,0,5.0,1.0,,,5.4,1.4,10.8,3.6,1.8,0.308,,,1.0,87.2,52.7,,
Robby Snelling,Miami,702281,1,1,5.0,,1.0,,5.4,1.8,3.6,7.2,1.8,0.267,,,,9.0,10.0,,
Gregory Santos,San Francisco,666619,3,0,5.0,,,,3.6,1.6,1.8,5.4,0.0,0.278,,,,6.8,20.1,,
Corbin Martin,Chicago,656686,7,0,5.0,,,1.0,10.8,2.0,7.2,9.0,3.6,0.214,,,57.0,36.5,5.9,,
Ben Williamson,Tampa Bay,810938,5,0,5.0,,,,3.6,1.2,0.0,1.8,1.8,0.211,,,,3.3,90.3,,
Michael Kelly,Athletics,547184,5,0,5.0,,,,16.2,3.6,10.8,10.8,1.8,0.579,,,,87.2,3.7,,
Kent Emanuel,Cincinnati,592288,1,1,5.0,,1.0,,3.6,1.6,7.2,5.4,0.0,0.333,,,,36.5,20.1,,
Bruce Zimmermann,St. Louis,669145,1,0,5.0,,,,5.4,1.4,3.6,1.8,0.0,0.333,,,,9.0,90.3,,
José Rodríguez,Toronto,692064,4,0,4.2,,,,0.0,0.643,9.6,0.0,0.0,0.273,,,,73.8,97.4,,
Javier Sanoja,Miami,691594,5,0,4.2,,,,13.5,2.571,1.9,2.14,4.29,0.409,,,,6.9,86.0,,
Ian Hamilton,Atlanta,641656,4,0,4.2,,,,7.71,1.929,7.7,6.43,0.0,0.375,,,,43.2,12.8,,
Garrett Stubbs,Philadelphia,596117,5,0,4.2,,,,9.64,1.929,0.0,2.14,2.14,0.333,,,,3.3,86.0,,
Tyler Tolbert,Kansas City,686475,5,0,4.2,,,,25.07,4.286,0.0,6.43,8.57,0.52,,,,3.3,12.8,,
Ben Casparius,Los Angeles,676508,5,0,4.2,,1.0,,9.64,2.143,7.7,8.57,2.14,0.357,,,,43.2,7.6,,
Jose Corniell,Texas,692030,2,0,4.1,,1.0,,20.77,3.462,8.3,8.78,4.39,0.529,,,,52.2,7.3,,
Juan Burgos,Arizona,686228,4,0,4.1,,,,2.08,0.692,0.0,0.0,0.0,0.214,,,,3.3,97.4,,
Austin Hedges,Cleveland,595978,4,0,4.1,,,,6.23,1.615,2.1,0.0,0.0,0.368,,,,7.0,97.4,,
River Ryan,Detroit,689981,2,2,4.1,,1.0,,4.15,1.846,12.5,6.59,2.2,0.364,,,,96.3,12.3,,
Jared Simpson,Washington,688692,4,1,4.1,1.0,1.0,,10.38,1.846,8.3,15.37,0.0,0.111,,,52.0,52.2,2.4,,
John Brebbia,Colorado,605154,3,0,4.1,,,,10.38,1.615,4.2,0.0,4.39,0.294,,,,10.1,97.4,,
Josh Hendrickson,Houston,681973,3,0,4.1,,,,4.15,1.385,6.2,2.2,0.0,0.417,,,,22.9,85.2,,
Myles Straw,Toronto,664702,4,0,4.0,,,,4.5,2.25,0.0,2.25,2.25,0.389,,,,3.3,84.2,,
Josiah Gray,Washington,680686,3,0,4.0,,,1.0,0.0,1.0,4.5,2.25,0.0,0.25,,,,11.3,84.2,,
Jake Eder,Los Angeles,671109,4,0,4.0,1.0,,,2.25,1.0,2.3,2.25,0.0,0.231,,,,7.2,84.2,,
Jorbit Vivas,Washington,678391,4,0,4.0,,,,13.5,3.0,0.0,2.25,2.25,0.455,,,,3.3,84.2,,
Woo-Suk Go,Minnesota,808970,4,0,4.0,,,,9.0,2.5,11.3,4.5,4.5,0.462,,,,91.2,32.7,,
Jeff Criswell,Colorado,676105,3,0,4.0,,,,4.5,1.75,6.8,6.75,4.5,0.2,,,,29.0,11.7,,
Julian Fernández,Washington,642759,3,0,4.0,,,,2.25,1.25,6.8,4.5,2.25,0.167,,,,29.0,32.7,,
Jonathan Heasley,Tampa Bay,669169,1,0,4.0,,,,11.25,2.0,4.5,0.0,4.5,0.4,,,,11.3,97.4,,
Hunter Harvey,Chicago,640451,4,0,4.0,,1.0,,6.75,1.5,9.0,2.25,4.5,0.273,,,,64.0,84.2,,
Miguel Rojas,Los Angeles,500743,4,0,4.0,,,,13.5,2.5,0.0,2.25,4.5,0.368,,,,3.3,84.2,,
Patrick Monteverde,Miami,687287,1,0,4.0,,,,9.0,1.5,4.5,2.25,2.25,0.286,,,,11.3,84.2,,
James McCann,Arizona,543510,4,0,4.0,,,,11.25,3.0,0.0,6.75,2.25,0.421,,,,3.3,11.7,,
Roddery Muñoz,Houston,682610,3,0,4.0,,,,15.75,3.25,13.5,13.5,6.75,0.4,,,,97.7,2.9,,
Zach Eflin,Baltimore,621107,1,1,3.2,,,,2.45,1.636,17.2,5.62,2.81,0.429,,,,99.5,18.6,,
Johan Oviedo,Boston,670912,1,0,3.2,,,,9.82,1.909,7.4,2.81,5.62,0.364,,,,38.9,72.4,,
Nick Raquet,Baltimore,675919,4,0,3.2,,,,7.36,1.364,2.5,5.62,2.81,0.167,,,,7.4,18.6,,
Andrew Wantz,"Chicago,Tampa Bay",681806,2,0,3.2,,,,14.73,2.182,2.5,8.44,2.81,0.308,,,,7.4,7.8,,
Ildemaro Vargas,Arizona,545121,3,0,3.2,,,,4.91,1.636,0.0,8.44,0.0,0.231,,,,3.3,7.8,,
Weston Wilson,"Baltimore,Seattle",642215,4,0,3.1,,,,18.9,3.3,0.0,0.0,5.81,0.474,,,,3.3,97.4,,
Noah Murdock,Pittsburgh,668716,3,0,3.1,,,,0.0,1.8,10.8,8.71,0.0,0.375,,,,87.2,7.4,,
Joey Lucchesi,Los Angeles,664192,5,0,3.1,,1.0,,13.5,3.9,10.8,17.42,2.9,0.5,,,15.0,87.2,2.1,,
Vince Velasquez,Chicago,592826,2,0,3.1,,,,0.0,0.3,2.7,0.0,0.0,0.1,,,,7.7,97.4,,
Lyon Richardson,"Cincinnati,Milwaukee",680689,3,1,3.1,,1.0,,13.5,1.5,10.8,8.71,5.81,0.0,,,,87.2,7.4,,
Hunter Stratton,"Atlanta,Pittsburgh",676702,3,0,3.1,,,,5.4,1.8,8.1,0.0,0.0,0.5,,,,49.2,97.4,,
Kyle Higashioka,Texas,543309,3,0,3.0,,,,21.0,3.0,0.0,3.0,3.0,0.467,,,,3.3,65.9,,
Joe Musgrove,San Diego,605397,2,0,3.0,,,,0.0,1.0,12.0,3.0,0.0,0.286,,,,94.8,65.9,,
Carson Kelly,Chicago,608348,3,0,3.0,,,,6.0,1.333,0.0,0.0,6.0,0.182,,,,3.3,97.4,,
Carlos Hernández,Cleveland,672578,2,0,3.0,,,,6.0,2.0,12.0,3.0,3.0,0.5,,,,94.8,65.9,,
Chase Solesky,Tampa Bay,686678,1,0,3.0,,,,6.0,2.333,12.0,3.0,3.0,0.455,,,,94.8,65.9,,
Tanner Houck,Boston,656557,1,1,3.0,,1.0,,9.0,1.333,3.0,0.0,6.0,0.2,,,,8.2,97.4,,
Blake Walston,Arizona,686796,2,0,3.0,1.0,,,3.0,1.333,6.0,9.0,0.0,0.125,,,,19.9,5.9,,
Jonathan Cannon,Chicago,686563,2,0,3.0,,,1.0,9.0,3.0,12.0,15.0,0.0,0.444,,,52.0,94.8,2.6,,
Ty Blach,Chicago,621389,1,0,3.0,,,,0.0,0.333,6.0,0.0,0.0,0.143,,,,19.9,97.4,,
Zach Brzykcy,Miami,694350,2,0,3.0,,,,3.0,1.667,6.0,6.0,0.0,0.375,,,,19.9,15.7,,
Josh Fleming,Toronto,676596,1,0,3.0,,,,12.0,2.667,3.0,6.0,3.0,0.385,,,,8.2,15.7,,
Rodolfo Durán,San Diego,660710,2,0,3.0,,,,27.0,3.333,0.0,3.0,6.0,0.438,,,,3.3,65.9,,
Andrew Vaughn,Milwaukee,683734,2,0,3.0,,,,30.0,5.667,3.0,15.0,12.0,0.533,,,,8.2,2.6,,
Thomas Pannone,Milwaukee,623381,1,1,3.0,,1.0,,6.0,1.667,6.0,6.0,3.0,0.222,,,,19.9,15.7,,
Brian Keller,Philadelphia,662144,1,0,3.0,,,,3.0,0.667,9.0,0.0,3.0,0.143,,,,64.0,97.4,,
Tanner Andrews,Toronto,681084,2,0,3.0,,,,0.0,1.0,3.0,6.0,0.0,0.125,,,,8.2,15.7,,
Julian Aguiar,Cincinnati,687924,1,0,3.0,1.0,,,6.0,1.667,6.0,3.0,0.0,0.364,,,,19.9,65.9,,
Eiberson Castellano,Colorado,682769,1,0,3.0,,,1.0,0.0,1.333,6.0,0.0,0.0,0.444,,,,19.9,97.4,,
Tyler Callihan,Pittsburgh,682997,4,0,3.0,,,,0.0,2.0,3.0,9.0,0.0,0.273,,,,8.2,5.9,,
Troy Taylor,Seattle,700187,2,0,3.0,,,,9.0,2.0,6.0,6.0,3.0,0.3,,,,19.9,15.7,,
Brooks Kriske,Athletics,621139,2,0,2.2,,,,0.0,1.125,6.8,4.09,0.0,0.25,,,,29.0,40.7,,
Tyler Uberstine,Boston,700413,1,0,2.2,,1.0,,3.38,1.5,6.8,4.09,4.09,0.286,,,,29.0,40.7,,
Kade Strowd,Arizona,669704,2,0,2.2,,,,3.38,2.625,3.4,20.45,0.0,0.25,,,,8.7,0.9,,
Tony Gonsolin,Kansas City,664062,1,0,2.2,,,,16.88,2.625,16.9,12.27,4.09,0.5,,,,99.4,3.1,,
Welinton Herrera,Colorado,700327,3,0,2.1,,,,0.0,1.286,7.7,4.29,0.0,0.286,,,,43.2,37.3,,
Seth Lonsway,San Francisco,675920,2,0,2.1,,,,7.71,3.0,7.7,0.0,0.0,0.583,,,,43.2,97.4,,
Jake Rogers,Detroit,668670,3,0,2.1,,,,0.0,1.714,11.6,4.29,0.0,0.429,,,,93.3,37.3,,
Jorge Mateo,Atlanta,622761,3,0,2.1,,,,3.86,2.571,3.9,4.29,0.0,0.5,,,,9.4,37.3,,
Luis Torrens,New York,620443,2,0,2.1,,,,7.71,1.714,0.0,0.0,8.57,0.222,,,,3.3,97.4,,
Hancel Rincón,St. Louis,684516,3,0,2.1,,,,27.0,2.571,11.6,4.29,4.29,0.5,,,,93.3,37.3,,
Cody Ponce,Toronto,664074,1,1,2.1,,,,3.86,0.857,11.6,4.29,0.0,0.167,,,,93.3,37.3,,
Luisangel Acuña,Chicago,682668,3,0,2.1,,,,3.86,1.286,0.0,4.29,4.29,0.125,,,,3.3,37.3,,
Wilkin Ramos,San Francisco,678576,2,0,2.0,,,,22.5,4.5,4.5,18.0,0.0,0.5,,,55.0,11.3,1.4,,
Winston Santos,Texas,692437,1,0,2.0,,,,9.0,1.5,4.5,4.5,4.5,0.167,,,,11.3,32.7,,
Troy Johnston,Colorado,687859,2,0,2.0,,,,0.0,1.0,0.0,4.5,0.0,0.143,,,,3.3,32.7,,
Joey Wiemer,Washington,686894,2,0,2.0,,,,22.5,4.5,0.0,9.0,4.5,0.5,,,,3.3,5.9,,
Pedro Pagés,St. Louis,686780,2,0,2.0,,,,4.5,1.0,0.0,0.0,4.5,0.167,,,,3.3,97.4,,
Bryan Torres,St. Louis,663494,1,0,2.0,,,,0.0,1.0,0.0,4.5,0.0,0.143,,,,3.3,32.7,,
José Buttó,San Francisco,676130,3,0,2.0,,,,22.5,5.0,22.5,18.0,9.0,0.8,,,,99.8,1.4,,
Alex Jackson,Minnesota,656577,2,0,2.0,,,,13.5,2.0,0.0,4.5,9.0,0.143,,,,3.3,32.7,,
Adam Frazier,Los Angeles,624428,3,0,2.0,,,,18.0,4.5,0.0,9.0,4.5,0.545,,,,3.3,5.9,,
Zach McKinstry,Detroit,656716,2,0,2.0,,,,18.0,4.0,0.0,22.5,4.5,0.25,,,,3.3,0.8,,
Doug Nikhazy,Chicago,680951,1,0,2.0,,,,4.5,1.5,4.5,9.0,0.0,0.167,,,,11.3,5.9,,
Matt Seelinger,New York,676910,1,0,2.0,,1.0,,31.5,4.5,9.0,18.0,4.5,0.5,,,,64.0,1.4,,
Christian Koss,San Francisco,683766,2,0,2.0,,,,13.5,2.5,0.0,0.0,0.0,0.5,,,,3.3,97.4,,
Rolddy Muñoz,Atlanta,691548,1,0,2.0,,,,13.5,3.0,13.5,4.5,4.5,0.571,,,,97.7,32.7,,
Gary Sánchez,Milwaukee,596142,2,0,2.0,,,,0.0,2.0,0.0,0.0,0.0,0.4,,,,3.3,97.4,,
Félix Bautista,Baltimore,642585,2,0,1.2,,,,16.2,3.0,16.2,7.5,7.5,0.6,,,,99.1,9.3,,
Emiliano Teodo,Texas,693713,1,0,1.2,,,,10.8,3.0,5.4,15.0,0.0,0.429,,,,14.9,2.6,,
Dylan Moore,Philadelphia,664238,2,0,1.2,,,,5.4,1.2,0.0,7.5,0.0,0.167,,,,3.3,9.3,,
Yacksel Ríos,Chicago,605441,1,0,1.2,,,,0.0,0.0,10.8,0.0,0.0,0.0,,,,87.2,97.4,,
Adrian Del Castillo,Arizona,680728,1,0,1.2,,,,5.4,2.4,0.0,0.0,0.0,0.444,,,,3.3,97.4,,
Jhonathan Díaz,Seattle,646242,1,0,1.1,,,,6.75,1.5,6.8,0.0,8.18,0.25,,,,29.0,97.4,,
Carlos Duran,Kansas City,679922,2,0,1.1,1.0,,,13.5,3.75,6.8,24.55,0.0,0.4,,,,29.0,0.7,,
Antoine Kelly,Chicago,681520,1,0,1.1,,,,0.0,0.75,6.8,8.18,0.0,0.0,,,,29.0,8.1,,
Jackson Rutledge,Washington,671131,1,0,1.1,,,,47.25,6.0,13.5,16.36,0.0,0.75,,,,97.7,2.3,,
Nicky Lopez,Texas,670032,1,0,1.0,,,,9.0,4.0,9.0,0.0,0.0,0.667,,,,64.0,97.4,,
Víctor Robles,Seattle,645302,1,0,1.0,,,,27.0,6.0,0.0,9.0,0.0,0.625,,,,3.3,5.9,,
Leo Rivas,Seattle,660844,1,0,1.0,,,,63.0,10.0,0.0,9.0,9.0,0.727,,,,3.3,5.9,,
Orlando Arcia,Minnesota,606115,1,0,1.0,,,,9.0,3.0,0.0,18.0,0.0,0.333,,,,3.3,1.4,,
Blake Adams,Colorado,687060,1,0,1.0,,,,45.0,7.0,0.0,18.0,9.0,0.667,,,,3.3,1.4,,
Josh Rojas,Kansas City,668942,1,0,1.0,,,,0.0,1.0,0.0,0.0,0.0,0.25,,,,3.3,97.4,,
César Salazar,Houston,663967,1,0,1.0,,,,9.0,1.0,0.0,0.0,9.0,0.0,,,,3.3,97.4,,
Max Schuemann,New York,680474,1,0,1.0,,,,0.0,2.0,0.0,9.0,0.0,0.25,,,,3.3,5.9,,
Zack Short,New York,670097,1,0,1.0,,,,0.0,0.0,0.0,0.0,0.0,0.0,,,,3.3,97.4,,
Alexander Cornielle,New York,529017,1,0,1.0,,,,18.0,4.0,18.0,9.0,9.0,0.667,,,,99.7,5.9,,
Blake Burkhalter,Atlanta,686628,1,0,1.0,,,,9.0,2.0,9.0,9.0,0.0,0.333,,,,64.0,5.9,,
José Tena,Washington,677588,1,0,1.0,,,,9.0,3.0,0.0,9.0,0.0,0.5,,,,3.3,5.9,,
Jose Espada,Baltimore,664744,1,0,1.0,,,,0.0,2.0,0.0,0.0,0.0,0.5,,,,3.3,97.4,,
Enrique Hernández,Los Angeles,571771,1,0,1.0,,,,0.0,1.0,0.0,0.0,0.0,0.25,,,,3.3,97.4,,
Kevin Herget,New York,643361,1,0,1.0,,,,0.0,0.0,0.0,0.0,0.0,0.0,,,,3.3,97.4,,
Nolan Kingham,Texas,663884,1,0,1.0,,,,9.0,3.0,9.0,18.0,0.0,0.333,,,,64.0,1.4,,
Luke Maile,Kansas City,571912,1,0,1.0,,,,0.0,0.0,0.0,0.0,0.0,0.0,,,,3.3,97.4,,
Luke Little,Chicago,681432,1,0,1.0,,,,9.0,2.0,9.0,0.0,9.0,0.333,,,,64.0,97.4,,
Dylan Ross,New York,697811,1,0,1.0,,,,0.0,0.0,0.0,0.0,0.0,0.0,,,,3.3,97.4,,
Reese McGuire,Chicago,624512,1,0,1.0,,,,0.0,0.0,0.0,0.0,0.0,0.0,,,,3.3,97.4,,
Jake Meyers,Houston,676694,1,0,1.0,,,,0.0,0.0,0.0,0.0,0.0,0.0,,,,3.3,97.4,,
Seth Martinez,Boston,661527,1,0,1.0,,,,9.0,2.0,9.0,0.0,0.0,0.5,,,,64.0,97.4,,
Buddy Kennedy,San Francisco,671083,1,0,1.0,,,,36.0,6.0,0.0,18.0,0.0,0.571,,,,3.3,1.4,,
P.J. Higgins,Cincinnati,664731,1,0,1.0,,,,0.0,0.0,9.0,0.0,0.0,0.0,,,,64.0,97.4,,
Sam Haggerty,Texas,664059,1,0,1.0,,,,0.0,0.0,0.0,0.0,0.0,0.0,,,,3.3,97.4,,
Guillo Zuñiga,New York,670871,1,0,1.0,,,,0.0,1.0,9.0,9.0,0.0,0.0,,,,64.0,5.9,,
Cameron Weston,Baltimore,687721,1,0,1.0,,,,0.0,1.0,9.0,9.0,0.0,0.0,,,,64.0,5.9,,
Ben Bowden,Athletics,641386,1,0,1.0,,,,36.0,4.0,0.0,18.0,0.0,0.4,,,,3.3,1.4,,
LaMonte Wade Jr.,Houston,664774,1,0,1.0,,,,18.0,3.0,0.0,0.0,9.0,0.4,,,,3.3,97.4,,
Rafael Flores,Pittsburgh,804668,1,0,1.0,,,,0.0,2.0,0.0,0.0,0.0,0.4,,,,3.3,97.4,,
Chadwick Tromp,Baltimore,644433,1,0,1.0,,,,18.0,4.0,0.0,9.0,9.0,0.5,,,,3.3,5.9,,
Andruw Monasterio,Boston,655316,1,0,0.2,,,,67.5,9.0,0.0,135.0,90.0,0.333,,,,3.3,0.5,,
Clarke Schmidt,New York,657376,1,0,0.2,,,,0.0,3.0,27.0,0.0,0.0,1.0,,,,99.9,97.4,,
Josh White,Miami,687985,1,0,0.2,,,,67.5,7.5,13.5,180.0,45.0,0.0,,,,97.7,0.2,,
Joe La Sorsa,Boston,686747,1,0,0.1,,,,27.0,3.0,27.0,0.0,90.0,,,,,99.9,97.4,,
Jhonny Pereda,Seattle,640902,1,0,0.1,,,,54.0,9.0,0.0,0.0,90.0,0.667,,,,3.3,97.4,,
Tanner McDougal,Chicago,701780,1,0,0.1,,,,27.0,9.0,0.0,270.0,0.0,0.0,,,,3.3,0.0,,
Grant Holman,Philadelphia,680880,1,0,0.1,,,,0.0,15.0,0.0,90.0,0.0,0.667,,,,3.3,0.6,,
Carlos Estévez,Kansas City,608032,1,0,0.1,,1.0,,162.0,18.0,0.0,180.0,90.0,0.75,,,,3.3,0.2,,
Aaron Brooks,Tampa Bay,605156,1,0,0.1,,1.0,,81.0,9.0,0.0,180.0,90.0,0.0,,,,3.3,0.2,,
