"last_name, first_name",player_id,attempts,avg_hit_angle,anglesweetspotpercent,max_hit_speed,avg_hit_speed,ev50,fbld,gb,max_distance,avg_distance,avg_hr_distance,ev95plus,ev95percent,barrels,brl_percent,brl_pa
"Alcantara, Sandy",645261,670,13.7,32.5,111.7,88.7,78.0,92.3,86.3,440,160,397.0,242,36.1,37,5.5,4.2
"Wacha, Michael",608379,593,18.5,34.7,115.8,88.3,77.4,93.0,83.9,446,180,400.0,219,36.9,42,7.1,5.2
"Rodriguez, Eduardo",593958,582,16.0,33.5,111.4,87.2,76.0,91.7,83.3,458,168,408.0,191,32.8,44,7.6,5.6
"Sánchez, Cristopher",650911,574,3.2,31.5,112.7,89.4,78.1,94.0,87.0,429,132,402.0,241,42.0,43,7.5,5.0
"Martinez, Nick",607259,570,18.0,34.6,113.3,86.9,75.7,91.3,83.4,433,175,398.0,185,32.5,38,6.7,5.4
"Bibee, Tanner",676440,570,17.3,35.4,115.6,89.0,78.5,92.7,86.0,422,178,390.0,224,39.3,48,8.4,6.2
"Lugo, Seth",607625,554,14.3,36.6,113.6,89.7,78.9,93.0,87.2,448,177,396.0,237,42.8,44,7.9,5.9
"Baz, Shane",669358,546,14.0,35.5,116.9,90.0,80.0,93.3,87.6,423,173,396.0,225,41.2,37,6.8,4.8
"Kirby, George",669923,543,12.2,33.0,111.5,89.4,78.9,92.9,87.8,436,156,394.0,218,40.1,36,6.6,4.9
"Valdez, Framber",664285,542,5.4,28.2,115.5,90.0,79.3,94.2,87.8,449,133,399.0,227,41.9,30,5.5,4.0
"McGreevy, Michael",700241,538,10.4,34.9,116.0,89.9,79.1,94.1,86.0,442,166,396.0,225,41.8,49,9.1,7.0
"Cameron, Noah",702070,525,15.5,37.0,115.9,88.9,78.1,92.8,85.5,440,172,402.0,198,37.7,43,8.2,5.8
"Singer, Brady",663903,522,13.8,37.2,113.4,91.1,81.2,94.1,88.1,443,177,398.0,227,43.5,55,10.5,7.6
"Sugano, Tomoyuki",608372,521,15.5,37.4,116.7,91.0,80.8,95.1,86.3,461,189,409.0,225,43.2,61,11.7,9.3
"Abbott, Andrew",671096,520,17.3,32.7,113.0,89.7,79.4,93.3,87.6,435,177,396.0,201,38.7,42,8.1,5.8
"Gausman, Kevin",592332,518,14.3,34.2,112.4,88.9,77.2,93.3,85.6,440,169,396.0,207,40.0,40,7.7,5.3
"Kelly, Merrill",518876,516,13.4,37.6,114.5,89.6,78.4,94.2,84.7,463,176,403.0,214,41.5,57,11.0,8.1
"King, Michael",650633,514,14.1,33.5,114.6,87.0,75.9,92.2,82.8,445,163,397.0,168,32.7,42,8.2,5.5
"Griffin, Foster",656492,508,11.9,36.6,119.0,87.8,75.8,91.6,85.4,451,162,404.0,188,37.0,42,8.3,5.8
"Nola, Aaron",605400,506,13.3,35.0,113.5,88.5,76.9,94.2,82.0,438,172,394.0,204,40.3,47,9.3,6.3
"Peralta, Freddy",642547,503,16.5,35.0,114.7,87.6,76.4,91.6,84.1,456,173,393.0,187,37.2,29,5.8,4.0
"Rogers, Trevor",669432,500,18.1,31.8,116.8,88.1,77.0,92.3,85.9,441,172,398.0,181,36.2,34,6.8,4.9
"Soriano, José",667755,494,5.3,30.4,116.9,88.5,77.2,93.1,85.3,434,138,388.0,185,37.4,37,7.5,5.0
"Pallante, Andre",669467,491,5.0,29.9,117.8,87.2,75.4,91.7,85.2,461,129,406.0,168,34.2,23,4.7,3.5
"Gore, MacKenzie",669022,490,15.3,33.7,115.7,89.1,77.6,93.1,85.8,433,172,390.0,201,41.0,42,8.6,5.7
"Messick, Parker",800048,488,14.5,31.4,111.3,87.4,76.2,91.6,85.8,429,152,396.0,165,33.8,24,4.9,3.3
"Woo, Bryan",693433,488,16.5,36.3,114.3,89.4,78.5,93.5,87.2,439,173,392.0,209,42.8,34,7.0,4.8
"Imanaga, Shota",684007,487,17.6,34.1,114.7,88.4,77.3,93.2,83.9,450,179,398.0,179,36.8,47,9.7,6.7
"Gilbert, Logan",669302,485,16.4,36.3,115.2,89.6,78.9,93.4,85.8,428,173,389.0,200,41.2,49,10.1,6.6
"Kay, Anthony",641743,485,12.5,34.0,113.4,88.4,76.6,92.2,86.3,437,154,396.0,189,39.0,40,8.2,5.8
"Gray, Sonny",543243,483,10.6,34.4,111.1,89.2,78.9,92.6,86.6,437,161,397.0,185,38.3,33,6.8,4.8
"Webb, Logan",657277,481,7.4,31.0,116.0,88.3,76.9,91.2,87.7,452,139,403.0,187,38.9,28,5.8,4.2
"Yamamoto, Yoshinobu",808967,477,9.2,28.9,114.2,87.7,76.0,92.8,85.2,414,143,391.0,169,35.5,31,6.5,4.4
"Ray, Robbie",592662,476,18.5,33.2,112.9,89.2,78.7,91.6,87.1,440,181,398.0,178,37.4,38,8.0,5.4
"Montero, Keider",672456,475,16.8,30.5,112.4,88.5,78.3,93.0,86.0,451,167,394.0,173,36.4,34,7.2,5.4
"Detmers, Reid",672282,475,17.0,31.2,113.1,89.8,79.8,92.4,88.5,445,175,408.0,179,37.7,37,7.8,5.0
"Lorenzen, Michael",547179,469,11.9,34.5,114.6,91.2,80.9,94.7,88.7,454,169,409.0,217,46.3,43,9.2,6.9
"Young, Brandon",687064,469,14.2,33.9,114.0,89.2,78.4,92.7,86.6,428,167,396.0,185,39.4,32,6.8,4.8
"McLean, Nolan",690997,468,10.4,32.3,112.8,87.9,76.9,92.8,84.0,413,154,388.0,166,35.5,30,6.4,4.0
"Schlittler, Cam",693645,465,13.1,32.3,115.1,88.4,77.7,92.4,85.9,424,161,386.0,178,38.3,34,7.3,4.5
"Bradley, Taj",671737,463,15.2,40.0,112.7,90.9,80.9,94.4,87.6,450,180,395.0,210,45.4,42,9.1,5.6
"Holmes, Grant",656550,462,12.4,34.2,112.5,91.5,82.1,94.6,89.0,455,169,393.0,209,45.2,41,8.9,6.4
"Liberatore, Matthew",669461,460,16.1,40.2,112.0,90.2,79.7,94.8,86.5,450,181,400.0,195,42.4,43,9.3,6.4
"Elder, Bryce",693821,459,13.2,32.9,113.0,90.0,80.0,93.5,87.4,454,163,398.0,183,39.9,31,6.8,4.9
"Burke, Sean",680732,459,18.5,35.1,114.0,89.5,79.4,92.9,86.8,430,182,390.0,178,38.8,38,8.3,5.3
"Warren, Will",701542,459,12.2,32.9,116.9,90.9,80.8,94.1,88.9,434,161,387.0,202,44.0,33,7.2,4.9
"Peterson, David",656849,457,7.5,34.1,111.7,88.8,77.6,93.3,85.6,418,149,393.0,181,39.6,29,6.3,4.4
"Buehler, Walker",621111,456,11.6,30.7,111.9,89.3,78.7,93.0,87.5,453,153,405.0,176,38.7,38,8.3,5.8
"Rasmussen, Drew",656876,456,12.7,32.5,111.9,88.2,77.4,91.9,85.9,427,159,393.0,154,33.8,27,5.9,4.0
"Springs, Jeffrey",605488,456,16.8,36.0,114.1,87.6,76.3,92.4,81.0,444,186,402.0,159,34.9,43,9.4,6.8
"Bradish, Kyle",680694,454,10.8,33.3,114.2,88.4,77.1,92.5,85.9,439,160,396.0,176,38.8,38,8.4,5.7
"Freeland, Kyle",607536,452,14.3,34.7,112.9,90.8,80.0,93.8,88.2,455,179,397.0,199,44.0,50,11.1,8.4
"Ashcraft, Braxton",677952,452,11.0,31.9,113.1,89.7,79.1,93.6,87.0,428,156,389.0,188,41.6,28,6.2,4.2
"Skenes, Paul",694973,451,16.2,35.0,111.1,88.0,76.5,92.3,85.9,424,167,392.0,174,38.6,33,7.3,4.6
"Fedde, Erick",607200,449,15.7,36.5,117.4,88.7,77.7,92.5,85.2,453,179,400.0,182,40.5,37,8.2,6.1
"Chandler, Bubba",696149,446,15.9,31.2,114.8,89.1,78.7,92.8,86.8,457,170,403.0,175,39.2,27,6.1,4.0
"Luzardo, Jesús",666200,443,9.7,32.5,110.9,87.3,76.4,90.2,85.9,418,145,387.0,147,33.2,26,5.9,3.6
"Rocker, Kumar",677958,442,12.9,32.1,113.6,89.2,78.1,93.0,87.1,443,167,403.0,177,40.0,33,7.5,5.1
"Cavalli, Cade",676917,442,8.2,32.6,117.2,89.3,78.5,92.3,87.6,422,150,402.0,179,40.5,31,7.0,4.4
"Martin, Davis",663436,439,12.3,33.9,117.2,90.4,79.8,93.2,89.2,430,159,390.0,196,45.1,28,6.4,4.5
"Vásquez, Randy",681190,439,16.3,35.8,114.1,91.4,82.1,94.5,88.8,434,179,398.0,192,43.7,43,9.8,7.6
"Lowder, Rhett",695076,436,14.3,37.4,113.6,90.0,79.9,92.7,88.6,433,174,400.0,166,38.1,42,9.6,7.0
"Roupp, Landen",694738,434,10.6,32.5,112.9,86.4,75.4,90.9,83.3,437,148,401.0,130,30.0,22,5.1,3.3
"Lambert, Peter",663567,432,18.9,33.6,114.7,88.2,77.5,91.7,85.1,426,174,388.0,154,35.6,30,6.9,4.6
"Williams, Gavin",668909,431,11.1,35.0,116.0,90.2,79.3,94.9,86.7,430,167,392.0,198,46.6,49,11.4,6.6
"Pfaadt, Brandon",694297,430,13.1,32.8,112.3,88.5,78.1,93.2,85.4,464,154,407.0,150,34.9,31,7.2,5.5
"Pérez, Martín",527048,429,9.4,34.0,116.9,87.9,76.5,92.5,84.3,444,147,400.0,150,35.0,20,4.7,3.4
"Cantillo, Joey",676282,429,11.2,32.2,113.4,88.2,76.9,92.3,85.0,426,158,395.0,169,39.4,32,7.5,4.7
"Mahle, Tyler",641816,428,12.7,31.8,110.5,89.6,80.0,93.0,87.3,442,162,397.0,159,37.1,29,6.8,4.7
"Castillo, Luis",622491,428,17.3,35.3,112.3,89.9,79.7,93.4,86.7,440,181,397.0,179,41.8,41,9.6,6.9
"Rea, Colin",607067,427,12.3,36.1,112.5,90.0,79.9,93.6,87.0,442,170,397.0,179,41.9,44,10.3,7.6
"Manaea, Sean",640455,427,14.8,34.9,114.6,89.2,77.6,93.3,85.9,420,179,394.0,179,41.9,47,11.0,7.5
"Littell, Zack",641793,425,18.6,37.2,115.2,91.7,82.4,95.0,89.2,437,190,396.0,186,43.8,48,11.3,8.9
"Ober, Bailey",641927,425,21.4,30.6,115.5,89.0,78.1,93.6,85.7,460,180,410.0,162,38.1,42,9.9,7.5
"Eovaldi, Nathan",543135,423,10.8,31.0,115.9,88.7,77.1,93.9,85.4,437,157,395.0,176,41.6,35,8.3,5.7
"Wrobleski, Justin",680736,420,14.6,36.4,111.5,90.0,79.4,92.2,88.4,440,177,396.0,182,43.3,40,9.5,7.0
"Suarez, Ranger",624133,419,13.0,36.5,113.6,86.8,75.3,90.0,85.4,441,150,407.0,141,33.7,22,5.3,3.6
"deGrom, Jacob",594798,418,16.5,37.6,114.9,90.4,80.5,92.8,88.8,428,177,392.0,188,45.0,33,7.9,4.9
"Leahy, Kyle",681517,417,9.7,36.0,113.5,91.0,80.6,94.3,88.7,436,165,396.0,196,47.0,41,9.8,6.9
"Mikolas, Miles",571945,415,12.0,34.2,113.3,90.1,78.8,95.3,85.4,421,171,393.0,181,43.6,38,9.2,7.6
"May, Dustin",669160,415,12.7,36.1,114.8,90.0,79.3,93.6,88.2,444,166,396.0,184,44.3,32,7.7,5.2
"Pérez, Eury",691587,412,19.3,33.0,113.4,88.6,77.2,93.3,85.4,449,169,408.0,163,39.6,41,10.0,6.2
"Ryan, Joe",657746,411,18.2,34.8,116.8,89.3,78.3,93.5,86.6,451,176,396.0,168,40.9,41,10.0,6.7
"Ureña, Walbert",700712,406,4.8,25.9,115.1,87.2,75.2,93.0,83.8,412,135,375.0,143,35.2,22,5.4,3.5
"Sale, Chris",519242,402,11.7,34.3,113.2,87.8,76.9,91.6,85.3,413,159,390.0,141,35.1,25,6.2,3.9
"Skubal, Tarik",669373,402,12.1,34.3,114.0,87.1,75.4,91.3,84.0,444,156,406.0,140,34.8,27,6.7,4.4
"Hancock, Emerson",676106,401,13.5,30.9,114.7,89.7,79.0,93.2,88.3,443,165,396.0,167,41.6,35,8.7,6.2
"Feltner, Ryan",663372,401,14.3,30.9,111.0,87.3,75.7,92.5,83.4,462,170,414.0,144,35.9,38,9.5,6.9
"Mize, Casey",663554,398,18.4,35.2,113.0,89.2,78.8,93.8,84.0,447,183,385.0,157,39.4,33,8.3,6.0
"Ginn, J.T.",669372,393,10.1,30.8,113.2,87.4,75.8,93.0,83.2,431,154,392.0,139,35.4,24,6.1,4.1
"Mlodzinski, Carmen",669387,391,13.4,33.5,111.7,90.7,80.5,93.0,89.8,414,162,393.0,182,46.5,27,6.9,5.0
"Cecconi, Slade",677944,387,13.1,37.7,112.5,89.4,78.6,94.3,84.8,451,172,400.0,160,41.3,34,8.8,6.4
"Burns, Chase",695505,387,18.8,34.4,113.1,89.6,79.9,93.6,86.4,427,179,387.0,148,38.2,31,8.0,4.9
"Matthews, Zebby",805673,386,13.5,34.7,112.8,90.8,81.0,94.4,87.5,423,171,388.0,164,42.5,41,10.6,7.5
"Tolle, Payton",801139,386,17.5,30.1,112.6,87.6,76.3,91.0,86.7,421,169,391.0,133,34.5,23,6.0,3.8
"Painter, Andrew",691725,385,13.7,29.9,113.0,87.4,75.9,91.6,85.0,440,160,393.0,135,35.1,31,8.1,5.6
"Weathers, Ryan",677960,384,9.1,31.8,114.6,89.2,77.7,93.6,86.1,445,153,408.0,156,40.6,33,8.6,5.8
"Junk, Janson",676083,384,15.2,29.9,114.2,89.8,79.2,94.3,88.8,442,154,398.0,148,38.5,27,7.0,5.3
"Wheeler, Zack",554430,383,14.1,33.9,110.2,86.5,74.3,91.5,82.7,450,160,388.0,134,35.0,23,6.0,3.7
"Boyd, Matthew",571510,378,14.2,33.1,112.5,88.4,77.1,92.7,86.0,449,160,404.0,142,37.6,29,7.7,5.6
"Lopez, Jacob",682052,377,21.6,32.9,110.8,84.6,72.2,89.7,79.1,439,180,394.0,118,31.5,26,6.9,4.7
"Phillips, Tyler",663969,377,9.7,32.4,112.9,89.5,79.1,92.4,86.9,457,157,401.0,159,42.2,30,8.0,5.6
"Gallen, Zac",668678,369,12.2,35.2,113.6,90.8,80.3,94.8,86.9,448,174,403.0,162,44.1,40,10.8,8.5
"Bello, Brayan",678394,368,6.9,31.8,113.2,89.1,77.4,94.0,85.6,432,142,395.0,148,40.2,27,7.3,5.4
"Cease, Dylan",656302,365,13.5,34.5,113.2,85.5,72.9,91.8,82.0,433,157,393.0,115,31.5,20,5.5,2.9
"Keller, Mitch",656605,364,13.9,38.7,111.7,89.5,78.6,93.4,86.0,434,178,400.0,154,42.3,27,7.4,5.4
"Gordon, Tanner",685299,362,19.2,35.1,112.4,90.9,81.2,94.1,86.7,463,201,410.0,156,43.1,40,11.0,8.5
"Civale, Aaron",650644,361,19.0,37.1,112.1,88.5,77.5,92.5,84.1,432,182,396.0,145,40.2,29,8.0,5.9
"Cole, Gerrit",543037,359,19.7,36.2,114.4,90.8,81.4,93.8,89.0,433,182,381.0,157,44.6,32,8.9,6.2
"Houser, Adrian",605288,357,11.4,33.6,112.8,89.7,78.6,94.1,86.3,473,162,403.0,150,42.0,31,8.7,6.6
"Prielipp, Connor",687570,355,12.3,33.5,110.5,89.8,79.9,92.2,88.3,427,164,394.0,146,41.1,23,6.5,4.3
"Lauer, Eric",641778,353,22.0,34.6,114.5,88.7,78.2,91.9,85.2,449,189,397.0,127,36.0,39,11.0,8.4
"Drohan, Shane",675660,351,13.8,35.9,115.2,88.8,77.8,92.8,85.3,415,173,391.0,136,38.7,30,8.5,5.7
"Seymour, Ian",693855,351,20.6,34.2,112.2,88.3,77.2,92.3,85.4,449,182,404.0,130,37.0,35,10.0,6.4
"Misiorowski, Jacob",694819,348,12.9,33.0,111.7,87.2,76.4,91.3,84.9,417,155,387.0,115,33.0,13,3.7,2.0
"Sasaki, Roki",808963,345,12.5,35.4,115.7,89.6,78.8,93.6,87.1,448,166,394.0,148,42.9,34,9.9,6.6
"Perkins, Jack",678022,340,14.0,35.9,111.2,88.5,78.2,92.3,84.5,442,184,393.0,124,36.7,30,8.8,5.5
"Lodolo, Nick",666157,340,12.0,37.6,115.9,89.9,79.2,93.3,86.1,438,178,399.0,137,40.3,30,8.8,6.2
"Bennett, Jake",687562,340,13.2,31.8,115.8,88.6,77.3,93.4,85.1,424,159,394.0,129,37.9,27,7.9,5.9
"Bassitt, Chris",605135,339,10.8,31.9,114.0,88.3,77.1,92.2,86.3,447,156,407.0,128,37.8,17,5.0,3.7
"McClanahan, Shane",663556,337,10.4,31.8,114.2,89.3,78.1,93.7,85.9,468,160,411.0,140,41.5,30,8.9,6.2
"Melton, Troy",675512,332,13.9,31.3,111.9,88.9,78.5,92.7,86.5,428,159,392.0,127,38.3,20,6.0,4.3
"Quantrill, Cal",615698,330,17.2,33.0,116.1,88.9,78.7,92.2,87.5,474,170,412.0,120,36.4,24,7.3,5.4
"Miller, Bryce",682243,326,16.7,32.2,111.5,87.4,76.9,91.1,82.8,440,175,388.0,105,32.2,26,8.0,5.4
"Harrison, Kyle",690986,320,14.5,39.4,115.0,89.3,79.0,92.4,86.1,434,178,392.0,124,38.8,26,8.1,5.1
"Gasser, Robert",688107,315,19.7,37.5,114.7,86.5,74.6,91.0,82.9,446,179,395.0,107,34.0,24,7.6,5.2
"Soroka, Michael",647336,310,17.0,36.8,113.3,87.6,76.5,91.8,83.7,435,174,400.0,105,33.9,25,8.1,5.5
"Rodriguez, Grayson",680570,309,14.2,35.3,113.7,90.3,79.6,94.6,86.6,451,179,399.0,138,44.7,27,8.7,6.1
"Agnos, Zach",688642,309,14.4,38.5,111.0,89.0,77.9,93.0,84.3,444,187,405.0,128,41.4,27,8.7,6.6
"Johnson, Ryan",696270,309,19.6,32.4,113.6,87.2,75.7,91.1,83.4,446,184,403.0,109,35.3,29,9.4,6.6
"Burrows, Mike",681347,309,15.7,35.6,113.9,88.3,77.1,92.2,85.2,436,174,394.0,120,38.8,26,8.4,6.1
"Jax, Griffin",643377,306,10.8,33.7,110.2,88.6,77.5,91.7,86.6,432,162,398.0,120,39.2,26,8.5,5.7
"Arrighetti, Spencer",681293,306,18.2,36.3,112.5,86.9,76.0,91.2,82.3,424,180,399.0,96,31.4,28,9.2,5.7
"Alvarez, Andrew",674841,305,8.7,32.5,116.5,89.3,78.0,93.6,86.8,432,144,404.0,124,40.7,19,6.2,4.0
"Irvin, Jake",663623,303,16.9,35.3,114.9,89.5,77.9,94.5,86.6,451,177,408.0,136,44.9,33,10.9,7.0
"Sheehan, Emmet",686218,299,20.3,34.4,111.0,88.7,78.0,93.1,83.9,431,183,396.0,115,38.5,29,9.7,6.1
"Holmes, Clay",605280,296,3.3,26.0,112.3,89.5,79.0,93.1,87.8,448,127,400.0,120,40.5,13,4.4,3.1
"Fried, Max",608331,295,9.8,28.1,112.7,85.9,74.6,89.9,84.8,431,144,388.0,88,29.8,7,2.4,1.6
"Meyer, Max",676974,293,14.2,32.1,112.1,89.7,79.3,93.6,87.6,445,162,406.0,123,42.0,25,8.5,5.4
"Patrick, Chad",694477,293,16.5,32.4,117.4,88.7,77.5,92.4,87.0,463,166,417.0,108,36.9,18,6.1,4.1
"Anderson, Drew",623454,293,10.9,29.7,115.3,89.7,79.8,93.5,88.7,459,153,397.0,111,37.9,25,8.5,5.5
"Assad, Javier",665871,285,11.7,32.3,112.4,89.7,79.4,93.1,87.6,446,160,402.0,124,43.5,19,6.7,5.0
"Gusto, Ryan",687473,285,14.6,39.3,111.5,89.5,78.9,92.2,87.9,424,171,402.0,123,43.2,25,8.8,6.4
"Scott, Christian",681035,284,18.1,38.4,112.8,86.8,75.4,89.3,85.7,445,181,394.0,98,34.5,18,6.3,3.8
"Jump, Gage",695611,279,15.5,40.1,113.6,89.6,79.2,92.7,87.6,437,178,407.0,111,39.8,19,6.8,4.3
"Nelson, Ryne",669194,274,18.8,35.0,112.4,90.6,80.4,94.2,87.5,441,196,401.0,120,43.8,28,10.2,7.6
"Suter, Brent",608718,271,8.3,33.6,111.0,86.6,75.1,91.0,83.3,437,142,408.0,84,31.0,18,6.6,4.8
"Miles, Spencer",693686,269,7.0,28.6,109.0,87.1,76.1,90.9,85.4,427,132,410.0,95,35.3,10,3.7,2.6
"Brown, Hunter",686613,268,5.0,27.2,112.0,86.2,74.2,91.7,84.0,437,130,400.0,99,36.9,16,6.0,3.5
"Corbin, Patrick",571578,266,13.8,38.3,114.6,88.4,76.5,92.9,84.3,419,167,398.0,112,42.1,20,7.5,5.6
"Early, Connelly",813349,263,13.1,32.7,113.3,90.5,80.9,93.4,88.2,419,168,395.0,105,39.9,28,10.6,7.0
"Blubaugh, AJ",805123,262,18.9,37.0,111.8,89.3,79.2,93.7,84.9,446,187,394.0,97,37.0,27,10.3,6.7
"Taillon, Jameson",592791,260,18.7,36.9,112.4,89.2,78.0,95.0,82.0,444,200,403.0,103,39.6,38,14.6,10.3
"Sproat, Brandon",687075,259,13.1,34.7,113.9,90.0,79.5,92.9,89.0,430,167,399.0,109,42.7,22,8.5,5.2
"Yesavage, Trey",702056,255,21.2,36.1,111.0,88.3,78.2,92.5,85.5,413,185,382.0,87,34.1,17,6.7,4.2
"Matz, Steven",571927,254,13.4,40.6,114.9,88.0,76.3,93.0,83.2,442,175,397.0,90,35.4,27,10.6,7.9
"Thornton, Zac",804267,253,15.7,36.0,113.2,89.0,77.8,93.6,84.9,452,180,390.0,104,41.1,24,9.5,7.1
"Jones, Jared",683003,251,17.4,34.7,115.1,89.2,78.7,93.1,86.1,424,176,397.0,96,38.2,19,7.6,4.7
"Lynch IV, Daniel",663738,250,12.5,31.2,111.3,89.2,78.9,92.6,88.3,430,158,411.0,96,38.4,17,6.8,5.1
"Bruihl, Justin",677865,247,9.7,30.8,111.1,86.8,75.1,92.2,83.7,441,145,393.0,86,34.8,14,5.7,4.1
"Canning, Griffin",656288,246,10.2,33.7,113.8,90.2,79.6,95.0,87.9,421,159,392.0,110,44.7,21,8.5,5.6
"Newcomb, Sean",656794,246,11.4,33.7,111.0,88.7,77.7,92.3,86.3,422,152,380.0,95,38.6,16,6.5,4.3
"Peralta, Wandy",593974,245,9.1,37.1,111.0,88.0,77.1,91.8,85.6,427,148,398.0,88,35.9,11,4.5,3.4
"Dobnak, Randy",677976,242,8.9,34.3,113.7,90.2,79.8,91.9,89.0,417,149,397.0,99,40.9,11,4.5,3.4
"Henderson, Logan",701656,241,21.4,32.4,113.1,88.3,77.2,93.2,83.4,431,186,389.0,89,36.9,20,8.3,5.4
"Scherzer, Max",453286,240,22.1,33.3,111.9,87.4,76.4,92.1,83.1,435,183,391.0,81,33.8,21,8.8,6.2
"Cabrera, Edward",665795,240,11.0,35.4,115.4,90.9,80.4,95.4,86.8,434,168,393.0,102,42.5,28,11.7,8.0
"Lord, Brad",695418,238,5.8,26.9,115.9,87.6,75.9,93.0,85.3,434,132,396.0,88,37.0,15,6.3,4.2
"Flaherty, Jack",656427,238,22.0,39.9,113.5,90.5,80.3,93.7,88.5,427,192,387.0,110,46.2,20,8.4,5.1
"Richards, Trevor",670950,237,21.6,37.1,115.4,90.7,81.8,93.8,88.4,430,204,385.0,98,41.4,21,8.9,6.3
"López, Reynaldo",625643,237,15.0,39.2,114.5,87.6,76.1,91.7,83.9,435,179,407.0,85,35.9,17,7.2,4.9
"Leiter, Jack",683004,233,16.2,37.8,113.0,88.0,76.3,93.2,82.9,449,180,396.0,93,39.9,24,10.3,6.8
"Blackburn, Paul",621112,233,7.2,27.5,111.9,87.0,75.1,90.8,85.3,438,137,400.0,82,35.2,13,5.6,3.9
"Kremer, Dean",665152,229,16.1,38.4,109.9,88.0,76.8,94.1,78.9,443,195,393.0,82,35.8,22,9.6,6.5
"Rogers, Tyler",643511,228,-1.3,23.2,112.9,84.4,72.1,90.4,83.1,400,102,394.0,61,26.8,4,1.8,1.4
"Clarke, Taylor",664199,225,12.5,33.8,112.3,87.6,76.1,92.7,86.0,431,160,414.0,78,34.7,20,8.9,6.9
"Ashby, Aaron",676879,224,4.1,28.1,116.9,88.4,76.2,93.4,86.1,447,134,394.0,90,40.2,11,4.9,2.9
"Woods Richardson, Simeon",680573,224,18.3,33.0,112.6,90.0,79.1,92.9,89.0,414,175,392.0,99,44.2,19,8.5,6.3
"Graceffo, Gordon",700669,223,11.0,33.6,114.6,90.7,80.8,94.0,89.0,444,162,409.0,97,43.5,20,9.0,6.1
"Senzatela, Antonio",622608,223,9.1,32.3,116.6,88.7,77.0,89.6,90.2,426,148,401.0,90,40.4,14,6.3,4.5
"Alexander, Tyler",641302,222,9.4,29.7,110.2,86.7,75.5,90.5,85.0,448,141,387.0,73,32.9,9,4.1,2.9
"Holton, Tyler",663947,221,10.1,31.2,112.0,87.6,76.1,93.0,85.3,443,142,399.0,83,37.6,12,5.4,4.0
"Bachar, Lake",669199,221,17.4,29.4,110.9,88.9,78.8,92.8,85.1,419,169,388.0,76,34.4,17,7.7,4.8
"Legumina, Casey",668984,218,12.0,35.8,118.5,87.2,75.8,90.6,83.7,439,163,413.0,82,38.3,14,6.4,4.7
"Morris, Andrew",702193,218,11.4,31.7,111.5,86.5,74.6,89.1,85.3,441,151,391.0,74,33.9,9,4.1,2.8
"McDonald, Trevor",686790,217,3.7,27.6,114.4,89.0,78.3,93.0,87.3,440,129,405.0,82,37.8,9,4.1,2.9
"Schultz, Noah",702273,217,16.5,38.7,110.7,89.3,78.2,91.1,90.6,430,177,394.0,91,41.9,21,9.7,6.5
"Watson, Ryan",670245,216,15.0,36.6,114.4,88.6,77.6,92.6,86.3,449,165,410.0,79,36.6,21,9.7,6.8
"Ferrer, José A.",678606,214,4.4,28.0,116.4,86.7,74.7,90.1,84.9,422,127,395.0,77,36.0,13,6.1,4.4
"Mejia, Juan",675848,214,13.0,33.2,113.0,88.9,77.4,90.4,89.0,452,159,412.0,83,38.8,8,3.7,2.5
"Ohtani, Shohei",660271,213,11.2,26.8,111.2,87.4,76.6,91.3,86.5,427,137,396.0,72,33.8,8,3.8,2.4
"De Los Santos, Enyel",660853,213,19.2,32.9,109.5,88.2,77.6,93.5,82.4,432,175,376.0,80,37.6,12,5.6,4.0
"Morejon, Adrian",670970,212,1.6,28.3,113.2,86.4,74.3,92.1,83.6,429,122,412.0,69,32.5,6,2.8,1.7
"Teng, Kai-Wei",678906,210,16.0,36.2,113.4,89.5,79.2,93.6,86.2,431,164,382.0,82,39.0,17,8.1,5.2
"Rodón, Carlos",607074,209,15.9,38.3,111.7,89.9,80.2,92.8,86.8,408,180,396.0,80,38.3,14,6.7,4.1
"Kochanowicz, Jack",686799,208,4.7,30.3,111.4,89.4,77.9,92.9,87.7,427,136,396.0,89,42.8,15,7.2,5.1
"Paddack, Chris",663978,206,15.0,34.5,116.3,88.8,77.8,91.8,85.7,429,171,387.0,76,36.9,17,8.3,6.4
"Avila, Luinder",679883,204,11.3,32.8,109.9,88.0,77.0,91.0,86.7,436,159,395.0,72,35.3,12,5.9,3.9
"Ramírez, Yohan",670990,202,9.2,32.2,113.8,84.7,72.0,88.9,82.4,403,133,382.0,62,30.7,9,4.5,2.5
"Kelly, Kevin",687330,202,2.2,31.2,113.0,89.6,78.7,92.7,88.1,430,126,406.0,90,44.6,12,5.9,4.3
"Headrick, Brent",687396,201,16.3,38.8,109.3,88.1,77.0,91.7,85.9,420,175,386.0,75,37.3,9,4.5,2.8
"Hudson, Bryan",663542,200,12.5,29.5,110.4,87.8,77.0,89.8,87.5,421,147,393.0,74,37.0,8,4.0,2.8
"Hughes, Gabriel",687312,200,13.7,37.5,109.0,87.5,77.3,91.1,84.9,450,169,400.0,64,32.0,12,6.0,4.2
"Rodriguez, Bradgley",699134,200,9.9,27.0,109.7,87.1,76.3,91.4,84.7,428,147,381.0,60,30.0,9,4.5,3.0
"Taylor, Grant",691799,199,10.1,31.2,113.7,89.7,79.6,91.9,88.3,460,154,404.0,82,41.2,15,7.5,4.5
"Loáisiga, Jonathan",642528,199,5.0,28.1,112.3,85.2,72.7,90.7,82.3,414,130,388.0,63,31.7,7,3.5,2.7
"Sandoval, Patrick",663776,198,14.8,32.8,109.4,87.8,76.5,92.0,85.2,430,170,411.0,71,35.9,13,6.6,4.3
"Bazardo, Eduard",660825,198,17.5,37.9,110.4,89.8,79.4,92.9,88.0,438,181,392.0,80,40.4,19,9.6,6.5
"Bernardino, Brennan",657514,197,11.2,30.5,111.1,87.1,76.7,90.8,84.0,434,159,408.0,60,30.5,11,5.6,4.1
"Burke, Brock",656271,196,17.4,33.2,110.8,88.0,77.5,90.8,86.0,406,176,390.0,64,32.7,15,7.7,4.8
"Suárez, Albert",544150,196,18.0,39.8,111.8,89.3,79.2,93.6,84.4,429,184,392.0,77,39.3,14,7.1,5.3
"Hill, Tim",657612,196,-4.6,21.9,113.8,88.9,76.7,96.2,86.4,419,102,388.0,85,43.4,13,6.6,5.4
"King, Bryan",687911,195,7.0,31.3,108.6,86.8,75.1,91.0,85.0,428,136,392.0,70,35.9,10,5.1,3.7
"Festa, Matt",670036,193,19.6,38.9,111.8,87.8,76.2,91.6,87.1,434,173,397.0,74,38.3,15,7.8,5.2
"Yarbrough, Ryan",642232,192,17.7,36.5,110.8,83.7,72.2,88.4,79.7,414,173,374.0,48,25.0,7,3.6,2.6
"Kikuchi, Yusei",579328,191,12.4,33.5,116.2,91.1,80.1,95.4,90.4,456,162,401.0,88,46.1,17,8.9,6.0
"Gómez, Yoendrys",672782,190,21.8,41.6,114.7,88.7,77.9,92.6,84.8,429,195,389.0,80,43.7,16,8.4,5.4
"Fisher, Braydon",680755,189,12.6,30.2,109.2,88.0,76.7,92.2,85.4,438,158,392.0,74,39.2,18,9.5,5.8
"Finnegan, Kyle",640448,188,10.6,32.4,112.7,90.1,79.3,94.0,87.4,438,159,406.0,84,44.7,18,9.6,6.7
"Mayza, Tim",641835,188,8.2,33.0,110.8,89.3,77.8,94.0,85.8,441,156,403.0,85,45.2,12,6.4,4.4
"Ritchie, JR",702275,187,11.7,31.0,111.9,89.4,79.4,93.8,85.4,474,163,401.0,74,39.6,18,9.6,6.0
"Javier, Cristian",664299,187,23.3,40.1,110.8,89.3,79.6,91.7,85.7,421,211,378.0,63,33.7,17,9.1,6.2
"Varland, Louis",686973,187,4.1,25.7,114.2,87.6,76.3,91.8,85.6,400,126,384.0,69,36.9,7,3.7,2.3
"Suarez, José",660761,186,16.0,38.2,114.9,87.9,77.5,90.4,86.2,467,166,391.0,60,32.3,5,2.7,1.8
"Soriano, George",666277,186,13.4,28.0,113.4,90.5,80.6,93.9,88.3,448,159,414.0,73,39.5,17,9.1,5.9
"Rogers, Taylor",573124,186,16.2,38.2,110.0,86.1,75.6,89.7,81.1,423,175,394.0,52,28.0,11,5.9,4.0
"Vodnik, Victor",680767,186,3.7,28.5,110.4,90.6,81.7,93.3,89.1,433,136,402.0,74,39.8,8,4.3,3.0
"Wells, Tyler",669330,185,25.9,34.6,112.4,88.1,78.4,91.4,87.0,421,189,391.0,61,33.0,13,7.0,4.7
"Imai, Tatsuya",837227,184,12.6,37.5,112.6,88.8,77.6,94.0,84.6,452,170,395.0,82,44.6,17,9.2,5.1
"Ginkel, Kevin",656464,183,15.3,32.2,114.7,89.7,79.5,92.5,88.2,465,178,417.0,73,39.9,17,9.3,6.3
"Webb, Jacob",657097,183,13.3,40.4,111.6,88.7,77.4,93.1,83.5,422,175,390.0,76,41.5,14,7.7,5.0
"Brubaker, JT",664141,183,13.3,36.1,113.9,88.1,77.1,91.4,85.1,435,171,412.0,66,36.1,10,5.5,4.0
"Bednar, David",670280,182,8.7,26.4,111.5,87.3,76.1,91.1,87.1,411,131,402.0,65,35.7,9,4.9,3.2
"Fuentes, Didier",800311,182,14.0,36.3,109.3,88.1,77.5,91.4,85.3,449,171,405.0,63,34.6,12,6.6,4.0
"Medina, Luis",665622,181,12.4,37.0,111.1,90.0,80.1,93.3,86.5,457,178,412.0,70,38.7,14,7.7,4.4
"Brazobán, Huascar",623211,181,9.3,27.6,111.7,86.4,74.8,91.6,82.8,429,134,396.0,56,30.9,9,5.0,3.4
"Hart, Kyle",606996,180,9.9,31.1,115.0,87.3,75.7,94.2,83.3,433,153,402.0,55,30.6,15,8.3,5.6
"Brown, Ben",676962,179,10.1,31.3,113.1,90.3,80.4,92.8,88.5,402,155,377.0,77,43.0,13,7.3,4.9
"Schreiber, John",670167,179,10.4,33.0,110.3,88.7,77.9,92.6,85.6,419,157,388.0,68,38.0,9,5.0,3.7
"Wesneski, Hayden",669713,178,11.0,32.6,109.2,88.0,76.2,92.8,84.7,407,149,377.0,71,39.9,9,5.1,3.7
"Marinaccio, Ron",676760,178,16.0,34.3,113.2,88.9,77.9,92.7,87.2,437,175,396.0,73,41.0,14,7.9,5.4
"Faucher, Calvin",676534,177,5.8,29.4,111.4,88.0,76.0,90.5,86.4,393,129,392.0,68,38.4,8,4.5,2.8
"Lange, Alex",656638,176,9.9,35.8,114.7,90.8,80.6,95.0,85.8,424,174,397.0,77,43.8,24,13.6,8.7
"Kolek, Stephen",663568,176,10.3,33.0,112.8,88.5,77.4,92.5,85.9,435,151,375.0,65,36.9,12,6.8,5.4
"Harris, Hogan",663687,175,12.3,32.6,110.5,87.4,76.5,92.5,84.2,425,153,402.0,59,33.7,12,6.9,3.9
"Gaddis, Hunter",683769,175,19.7,33.1,114.1,86.1,75.5,90.0,81.2,440,169,395.0,52,29.9,13,7.4,5.1
"Okert, Steven",595345,175,26.7,33.7,111.1,87.6,76.8,91.2,84.8,426,187,399.0,62,35.4,12,6.9,4.6
"Bieber, Shane",669456,174,12.8,34.5,114.6,89.9,78.4,95.8,85.1,448,164,404.0,80,46.0,19,10.9,7.9
"Rolison, Ryan",669020,173,12.3,35.8,112.4,88.1,77.6,91.7,85.7,415,164,391.0,66,38.6,12,6.9,4.7
"Santana, Dennis",642701,173,18.6,38.2,109.8,88.7,78.1,92.3,86.2,422,189,403.0,70,40.5,14,8.1,5.6
"Junis, Jakob",596001,173,12.0,38.2,112.4,87.6,76.9,91.0,84.8,410,166,396.0,61,35.3,6,3.5,2.6
"Garcia, Rico",670329,173,17.9,24.9,111.7,86.9,75.4,93.5,82.9,432,151,388.0,59,34.1,9,5.2,3.4
"Márquez, Germán",608566,173,16.6,33.5,113.5,89.0,77.6,92.3,86.8,432,178,388.0,76,43.9,17,9.8,7.2
"O'Brien, Riley",676617,173,7.1,34.1,109.9,88.9,77.0,93.2,84.3,459,153,409.0,73,42.2,13,7.5,4.7
"Myers, Tobias",668964,173,21.9,31.2,113.1,91.1,81.8,94.7,89.2,402,182,376.0,77,44.5,9,5.2,3.9
"Severino, Luis",622663,173,11.6,34.1,113.6,88.8,78.4,91.7,85.8,417,160,384.0,67,38.7,15,8.7,5.5
"Weissert, Greg",669711,171,11.6,30.4,114.6,86.9,76.4,90.7,83.4,431,161,396.0,52,30.4,9,5.3,3.5
"Doval, Camilo",666808,169,7.0,28.4,109.2,90.9,81.2,94.2,89.3,445,136,383.0,81,47.9,11,6.5,4.1
"Soto, Gregory",642397,169,13.4,30.2,115.7,86.1,74.2,91.6,83.9,416,149,394.0,56,33.1,7,4.1,2.5
"Lee, Dylan",669276,168,20.6,35.7,110.4,87.6,77.0,92.4,80.6,419,188,403.0,55,32.7,9,5.4,3.4
"Gray, Peyton",682608,168,17.8,33.9,110.3,87.0,75.6,92.2,81.7,418,168,399.0,58,34.5,12,7.1,4.8
"Stanek, Ryne",592773,167,14.1,29.9,114.3,89.0,78.1,93.9,86.0,444,165,398.0,60,35.9,13,7.8,4.9
"Fluharty, Mason",689254,167,18.2,37.7,111.9,86.0,74.6,91.3,80.4,423,182,381.0,53,31.7,10,6.0,3.8
"Quintana, Jose",500779,166,19.9,35.5,115.8,88.7,78.6,91.5,86.9,459,185,408.0,58,34.9,16,9.6,7.5
"Farris, Mitch",815083,165,13.5,40.0,112.6,89.5,77.9,94.2,86.2,428,169,393.0,74,46.5,15,9.1,5.8
"Nance, Tommy",667297,165,9.0,32.7,110.7,88.8,78.0,92.9,86.0,445,153,397.0,63,38.2,12,7.3,4.7
"Latz, Jacob",656641,165,20.0,28.5,108.5,89.2,79.0,94.5,84.4,454,169,411.0,68,41.2,14,8.5,5.2
"Kerkering, Orion",689147,164,17.7,36.6,111.4,85.7,73.8,89.8,82.2,428,172,394.0,51,31.1,10,6.1,3.7
"Alvarado, José",621237,164,18.8,37.2,112.7,87.2,76.5,89.2,86.7,441,168,421.0,52,31.7,7,4.3,2.6
"Glasnow, Tyler",607192,164,16.7,32.3,110.4,90.1,80.9,93.6,86.9,429,176,389.0,63,38.4,14,8.5,4.9
"Moll, Sam",594580,164,8.6,31.1,109.9,88.9,77.9,92.8,87.4,442,140,415.0,62,37.8,9,5.5,3.5
"Sulser, Cole",642121,163,15.9,37.4,110.7,88.0,75.7,93.2,82.8,432,179,407.0,67,41.1,19,11.7,8.1
"Senga, Kodai",673540,163,19.9,43.6,109.6,89.9,79.8,93.8,84.8,414,205,396.0,64,39.3,22,13.5,7.8
"Kittredge, Andrew",552640,163,11.0,37.4,114.6,88.3,77.1,90.9,85.7,423,164,390.0,61,37.4,10,6.1,4.7
"Romero, JoJo",668941,162,8.2,34.0,111.8,90.2,79.3,94.2,88.3,416,150,394.0,63,38.9,12,7.4,5.0
"Morán, Jovani",663558,162,16.2,29.6,112.1,86.9,75.2,91.4,83.5,397,166,372.0,47,29.0,12,7.4,4.5
"Tidwell, Blade",694918,162,21.7,29.0,118.5,88.4,77.2,92.6,88.1,432,165,391.0,61,37.7,17,10.5,7.2
"Domínguez, Seranthony",622554,161,16.1,30.4,111.1,87.1,75.6,92.6,84.8,421,157,399.0,53,32.9,11,6.8,4.2
"Herget, Jimmy",623474,161,17.6,32.3,115.1,88.3,76.7,93.0,83.3,426,177,397.0,60,37.3,16,9.9,6.8
"Smith, Cade",671922,161,13.8,35.4,113.2,91.4,82.1,94.1,90.0,442,169,410.0,68,42.8,14,8.7,4.7
"Zeferjahn, Ryan",666171,160,13.3,30.0,108.2,88.9,79.0,92.1,87.7,410,149,392.0,57,35.6,9,5.6,3.0
"Adams, Travis",701519,160,13.5,37.5,111.6,87.0,75.0,91.5,82.7,432,172,400.0,53,33.1,10,6.3,4.0
"Nunez, Anthony",689296,159,12.7,40.3,110.7,87.9,76.2,92.6,84.8,431,164,401.0,65,40.9,10,6.3,3.9
"Morillo, Juan",666661,159,9.9,27.0,111.0,85.9,74.2,91.9,82.7,414,141,412.0,51,32.1,5,3.1,1.9
"Anderson, Grant",681982,159,20.3,31.4,111.3,88.3,78.1,92.7,85.8,430,164,395.0,59,37.1,12,7.5,5.1
"Cruz, Steven",674444,158,14.2,35.4,112.5,89.2,77.9,93.3,87.6,420,160,397.0,59,37.3,18,11.4,7.3
"Dreyer, Jack",676263,158,12.6,24.7,112.3,89.4,77.9,93.5,88.2,410,153,396.0,66,41.8,11,7.0,4.3
"Iglesias, Raisel",628452,157,17.1,35.0,111.8,88.2,77.2,93.3,82.2,430,174,393.0,59,37.6,15,9.6,6.3
"Megill, Trevor",656730,157,18.8,28.7,111.5,90.5,81.2,93.9,87.9,411,182,400.0,66,42.0,10,6.4,4.1
"Baker, Bryan",641329,157,17.4,31.8,112.1,87.0,75.0,93.0,81.0,396,168,384.0,56,35.7,11,7.0,4.5
"Silseth, Chase",681217,155,14.0,38.7,113.7,87.3,76.0,91.5,82.8,426,173,397.0,50,32.3,14,9.0,5.2
"Kinley, Tyler",641755,155,21.2,31.6,109.6,84.9,73.0,89.6,79.9,438,174,396.0,43,27.7,10,6.5,4.3
"Bradford, Cody",674003,155,19.3,32.3,111.5,89.8,79.0,93.1,89.1,429,181,393.0,60,38.7,15,9.7,8.0
"Matsui, Yuki",673513,154,24.6,26.0,111.7,86.8,76.3,93.0,82.6,407,170,385.0,47,30.5,11,7.1,4.2
"Weaver, Luke",596133,154,19.1,31.8,112.0,88.3,78.2,92.5,85.1,420,172,385.0,53,34.4,12,7.8,5.0
"Herrin, Tim",682120,153,11.7,32.7,110.5,87.4,75.5,93.0,84.9,402,161,375.0,57,37.3,13,8.5,5.4
"Dobbins, Hunter",690928,153,12.1,35.9,110.3,88.4,77.5,91.7,85.6,408,163,393.0,60,39.2,11,7.2,4.8
"Basso, Brady",669620,153,14.6,38.6,112.7,88.6,77.3,91.4,86.6,402,167,380.0,58,37.9,8,5.2,4.2
"Scott, Tanner",656945,153,15.9,35.9,113.0,88.5,77.9,91.0,87.2,431,166,400.0,53,34.6,10,6.5,4.0
"Erceg, Lucas",668674,153,7.5,31.4,114.2,86.2,73.2,91.2,85.2,404,132,379.0,56,36.6,7,4.6,3.1
"Hoffman, Jeff",656546,153,10.8,35.9,108.7,88.5,78.3,92.1,86.2,421,154,404.0,56,36.6,13,8.5,4.5
"Antone, Tejay",622088,152,16.8,30.9,110.2,87.7,77.1,91.6,84.9,412,170,397.0,51,33.6,12,7.9,5.1
"Uribe, Abner",682842,152,8.0,27.0,112.6,87.7,76.7,90.4,87.6,395,133,382.0,53,34.9,3,2.0,1.3
"Petersen, Michael",656848,151,21.1,31.1,112.2,90.7,80.9,95.5,88.6,442,178,399.0,64,42.4,18,11.9,6.8
"Williamson, Brandon",682227,151,15.1,35.8,112.6,88.9,77.5,94.1,85.8,444,173,400.0,63,41.7,14,9.3,6.5
"Kuhnel, Joel",669270,150,8.8,34.0,112.8,88.9,77.7,93.5,87.1,427,140,396.0,60,40.0,10,6.7,5.1
"Gibson, Cade",806188,150,7.6,29.3,109.1,85.9,73.9,89.0,84.6,412,138,383.0,54,36.0,5,3.3,2.3
"Raley, Brooks",548384,150,17.1,38.0,110.7,87.5,76.2,92.9,81.6,406,172,385.0,48,32.0,10,6.7,4.5
"Johnson, Pierce",572955,150,16.7,36.7,110.2,90.4,81.6,92.8,86.9,461,188,397.0,56,37.3,15,10.0,7.1
"Winn, Cole",668390,149,11.9,34.2,112.7,88.2,75.6,92.8,82.7,467,176,413.0,65,43.6,10,6.7,4.7
"Waldron, Matt",663362,148,16.2,26.4,109.5,88.2,78.2,91.7,85.6,438,163,386.0,54,36.5,8,5.4,4.1
"Barnett, Mason",686930,147,18.3,34.7,111.2,89.9,80.0,93.0,88.3,430,189,402.0,59,40.1,13,8.8,5.7
"Fermin, José",820862,147,9.8,32.7,112.9,90.6,81.4,93.2,89.1,424,156,399.0,63,42.9,11,7.5,4.6
"Wolfram, Grant",664991,145,13.7,29.7,109.4,88.8,78.0,92.4,86.2,418,160,409.0,53,36.6,9,6.2,4.0
"Montgomery, Mason",682254,145,8.8,26.9,112.9,88.0,75.6,94.4,85.3,410,139,404.0,61,42.1,9,6.2,3.3
"Sewald, Paul",623149,145,28.2,39.3,110.2,89.8,79.5,94.2,84.8,443,225,408.0,57,39.3,20,13.8,9.3
"Thornton, Trent",663423,145,13.2,31.7,116.3,90.4,80.2,93.9,89.1,442,160,398.0,64,44.4,15,10.3,7.7
"Scholtens, Jesse",669947,145,17.9,37.2,109.4,87.7,76.8,92.2,84.4,427,176,393.0,51,35.2,15,10.3,7.7
"Mathews, Quinn",687273,144,14.7,31.3,111.6,89.1,78.5,91.8,87.6,421,164,394.0,53,36.8,7,4.9,3.3
"Funderburk, Kody",681892,144,5.4,27.8,113.3,85.1,72.9,89.9,82.4,425,126,409.0,42,29.2,7,4.9,3.2
"Cano, Yennier",666974,143,1.8,26.6,110.9,89.3,78.7,95.0,86.2,406,125,401.0,57,39.9,8,5.6,3.9
"Svanson, Matt",694335,143,16.8,38.5,110.0,90.7,80.3,92.5,91.0,423,176,389.0,64,44.8,10,7.0,4.8
"King, John",667463,143,11.3,32.2,110.4,89.3,79.6,93.7,86.7,433,163,415.0,54,37.8,12,8.4,6.1
"Holderman, Colin",670059,142,7.8,23.9,111.8,87.5,74.3,93.3,84.5,400,140,390.0,63,44.4,11,7.7,5.0
"Bubic, Kris",663460,142,10.9,36.6,114.2,89.3,78.9,92.3,87.1,439,162,420.0,55,38.7,10,7.0,4.4
"Abreu, Bryan",650556,142,16.2,33.8,112.0,90.6,81.7,93.2,87.8,417,179,372.0,59,41.5,9,6.3,3.4
"Thompson, Ryan",657044,141,7.5,33.3,112.2,88.3,77.2,91.8,88.3,451,131,448.0,48,34.0,6,4.3,3.2
"Shugart, Chase",663767,140,17.4,35.7,108.4,87.1,75.9,91.7,80.0,431,193,393.0,47,33.6,14,10.0,6.3
"Henriquez, Edgardo",683618,140,15.4,24.3,110.0,84.1,71.4,90.7,80.2,440,142,440.0,38,27.1,4,2.9,1.7
"Bowlan, Jonathan",680742,137,11.7,35.8,108.9,87.1,76.1,91.2,83.0,428,166,410.0,50,36.5,10,7.3,4.4
"Duran, Jhoan",661395,137,3.1,24.1,111.1,89.9,79.8,92.4,89.6,421,109,393.0,54,39.4,5,3.6,2.1
"Bratt, Mitch",683352,136,25.3,30.9,112.1,87.0,76.4,90.6,86.5,437,176,411.0,46,33.8,9,6.6,4.6
"Hall, DL",669084,136,10.4,30.1,109.8,88.5,78.7,91.8,87.6,401,157,376.0,45,33.1,8,5.9,3.4
"Alvarado, Elvis",665660,136,16.4,30.1,114.1,90.4,79.9,94.3,84.5,445,194,395.0,64,47.1,18,13.2,8.0
"Bachman, Sam",696147,135,6.8,30.4,114.1,86.2,74.1,92.2,81.9,406,146,373.0,45,33.3,11,8.1,5.1
"Pérez, Cionel",672335,134,4.8,26.1,114.7,91.5,80.3,94.9,90.7,457,127,404.0,66,49.3,16,11.9,8.2
"Thielbar, Caleb",573204,133,20.4,34.6,113.0,88.7,76.8,93.3,86.0,433,192,406.0,51,38.3,14,10.5,6.6
"Cruz, Fernando",518585,133,21.6,28.6,108.6,86.7,76.2,91.2,83.3,403,181,387.0,36,27.1,12,9.0,5.1
"Minter, A.J.",621345,132,18.3,29.5,107.6,87.2,76.0,92.0,84.7,445,172,406.0,49,37.1,13,9.8,7.1
"Milner, Hoby",571948,132,12.3,36.4,111.9,88.7,77.9,92.0,86.8,420,160,389.0,52,39.4,8,6.1,4.7
"Roycroft, Chris",688297,132,3.3,28.0,110.3,90.5,79.8,94.4,88.5,436,131,396.0,57,43.2,13,9.8,7.3
"Kimbrel, Craig",518886,131,19.2,30.5,107.4,89.8,80.9,93.2,86.5,448,186,415.0,48,36.6,7,5.3,3.6
"Englert, Mason",669438,131,18.4,35.1,112.6,89.4,78.2,93.9,83.7,443,189,391.0,51,39.8,21,16.0,11.7
"Sterner, Justin",686993,131,14.9,29.8,112.1,90.3,80.1,94.0,87.6,445,186,393.0,59,45.0,12,9.2,6.5
"Orze, Eric",679358,130,12.8,36.2,113.3,86.3,74.5,93.1,80.5,395,151,381.0,38,29.2,9,6.9,4.8
"Whitlock, Garrett",676477,130,17.2,30.0,109.6,88.3,78.4,90.7,89.2,429,161,405.0,44,33.8,5,3.8,2.5
"Warren, Austin",681810,129,10.9,43.4,115.0,88.5,77.1,93.0,83.3,420,171,386.0,49,38.0,14,10.9,6.7
"Vesia, Alex",681911,129,21.2,28.7,113.4,87.5,77.5,91.3,82.8,414,189,385.0,44,34.1,8,6.2,3.4
"Parker, Mitchell",680730,129,14.5,33.3,112.1,90.9,80.6,93.5,89.1,422,173,392.0,54,41.9,11,8.5,6.2
"Kilian, Caleb",668873,129,12.0,30.2,109.6,87.8,77.1,92.3,84.9,447,155,407.0,45,34.9,11,8.5,5.3
"Waguespack, Jacob",621097,128,12.8,26.6,107.9,85.9,73.8,91.7,82.2,422,142,393.0,37,28.9,6,4.7,3.3
"Beeter, Clayton",690925,128,9.2,27.3,112.6,90.3,80.5,94.6,87.3,433,158,399.0,55,43.0,8,6.3,3.8
"Muñoz, Andrés",662253,126,6.2,29.4,111.9,89.3,77.1,94.0,86.7,438,142,400.0,55,43.7,11,8.7,4.6
"Speier, Gabe",642100,125,13.5,28.0,112.0,88.1,76.5,92.9,85.1,422,164,397.0,46,36.8,13,10.4,6.8
"Eisert, Brandon",685126,125,14.4,34.4,110.6,89.5,79.3,93.7,86.4,412,172,405.0,49,39.2,8,6.4,4.2
"Pearson, Nate",663878,125,13.4,33.6,110.7,87.8,76.3,90.7,86.5,426,161,398.0,45,36.0,9,7.2,4.6
"Dotel, Wilber",696062,125,13.1,25.6,110.8,90.2,79.9,91.9,89.7,410,150,398.0,56,44.8,5,4.0,2.7
"Urquidy, José",664353,125,16.3,35.2,108.9,87.8,77.0,91.2,84.9,411,164,386.0,46,36.8,7,5.6,4.3
"Santillan, Tony",663574,125,18.9,36.8,110.3,91.4,82.2,94.5,87.7,444,192,398.0,57,45.6,17,13.6,8.9
"Schweitzer, Tyler",805326,124,14.1,40.3,115.9,90.7,79.9,93.5,87.5,412,186,404.0,58,46.8,11,8.9,7.1
"Dodd, Dylan",689266,124,26.4,37.9,113.2,89.5,80.1,92.4,86.6,400,197,386.0,46,37.1,11,8.9,5.7
"Dion, Will",702021,123,16.7,39.0,111.1,87.2,76.2,92.2,80.3,404,184,387.0,41,33.3,9,7.3,4.7
"Winn, Keaton",676775,123,7.0,27.6,110.6,86.8,75.5,91.5,84.6,441,133,398.0,41,33.3,6,4.9,3.4
"Jobe, Jackson",695549,122,11.4,30.3,110.0,88.8,78.5,92.1,86.3,420,160,393.0,46,37.7,11,9.0,5.7
"Banks, Tanner",621383,122,14.6,40.2,108.8,86.9,75.2,90.6,84.3,436,186,396.0,41,33.6,8,6.6,4.5
"Hoppe, Alex",695380,122,3.6,33.6,114.8,88.2,76.3,90.8,87.0,412,144,401.0,48,39.3,5,4.1,2.6
"De Jesus, Enmanuel",646241,122,15.2,36.9,113.2,90.6,81.2,94.8,87.7,423,169,408.0,53,43.4,9,7.4,5.1
"Dollander, Chase",801403,121,12.9,24.0,111.3,90.6,79.8,96.3,87.3,438,157,406.0,63,52.1,12,9.9,6.3
"Madden, Ty",680744,121,17.9,24.8,110.4,86.8,75.9,89.4,86.1,422,162,394.0,37,30.6,7,5.8,3.9
"Mattson, Isaac",676755,121,17.0,46.3,111.5,92.1,83.0,95.6,86.4,413,203,384.0,63,52.1,15,12.4,8.5
"Gibson, Trey",694346,120,7.4,30.8,112.7,90.8,80.0,95.6,87.2,440,142,398.0,54,45.0,10,8.3,5.4
"Criswell, Cooper",681867,120,5.8,25.8,111.2,87.0,74.5,89.9,86.0,427,125,412.0,45,37.5,5,4.2,3.0
"Zuber, Tyler",676604,120,15.3,28.3,111.3,90.7,81.2,93.6,87.7,440,174,397.0,53,44.2,8,6.7,4.6
"Ribalta, Orlando",687377,118,18.2,27.1,111.3,84.6,72.2,92.6,77.4,435,172,405.0,38,32.2,9,7.6,5.1
"Garcia, Julian",670062,118,17.9,28.0,107.9,86.5,75.5,90.0,82.2,410,171,386.0,38,32.2,5,4.2,2.8
"Chapman, Aroldis",547973,118,11.8,26.3,113.5,88.7,77.2,92.7,86.9,404,147,381.0,45,38.1,8,6.8,3.8
"McCullers Jr., Lance",621121,118,13.4,37.3,111.9,90.5,80.2,94.2,90.1,393,159,371.0,56,47.5,9,7.6,4.6
"Paredes, Mike",702474,118,16.3,33.9,111.1,91.5,82.1,94.2,88.6,428,185,390.0,60,50.8,8,6.8,5.2
"Hicks, Jordan",663855,118,13.6,27.1,110.9,88.4,78.2,88.1,91.1,396,144,365.0,39,33.1,2,1.7,0.9
"Rucker, Michael",621074,117,9.0,34.2,111.3,87.6,76.0,91.4,84.4,406,151,379.0,41,35.0,10,8.5,5.4
"Whisenhunt, Carson",687931,116,16.4,38.8,114.0,91.3,81.9,94.3,88.0,455,190,419.0,52,44.8,9,7.8,5.5
"Povich, Cade",700249,116,16.1,25.0,110.2,90.0,79.6,94.3,87.2,434,166,405.0,46,39.7,8,6.9,5.0
"Klein, Will",694361,116,5.4,30.2,113.1,88.5,77.1,91.9,88.8,394,127,381.0,44,37.9,3,2.6,1.6
"Woodruff, Brandon",605540,116,23.5,29.3,108.9,90.0,81.4,93.3,85.2,414,203,398.0,40,34.5,9,7.8,5.2
"Hurt, Kyle",669165,116,12.4,31.9,112.8,89.7,79.3,94.9,85.8,431,161,415.0,47,40.5,9,7.8,4.5
"Kent, Jackson",800600,115,9.8,35.7,111.3,87.7,76.0,94.4,82.5,402,150,383.0,46,40.0,7,6.1,4.1
"Miller, Mason",695243,115,11.7,31.3,111.8,86.7,75.8,91.4,83.0,427,150,375.0,33,28.7,8,7.0,2.9
"Strahm, Matt",621381,115,24.4,28.7,111.4,89.5,80.0,91.0,91.2,433,208,398.0,45,39.1,13,11.3,8.1
"Guerrero, Tyron",594027,115,2.9,28.7,110.4,85.8,73.6,90.1,82.9,423,129,422.0,38,33.0,4,3.5,2.4
"Wilson, Bryse",669060,115,14.1,37.4,112.2,92.0,82.9,93.1,93.4,451,170,407.0,55,47.8,5,4.3,3.3
"Miller, Erik",669062,114,6.7,30.7,113.7,84.7,72.1,89.6,81.9,452,129,398.0,30,26.3,6,5.3,2.6
"Pagán, Emilio",641941,114,26.0,35.1,110.8,90.1,80.5,94.7,85.3,435,209,398.0,52,45.6,12,10.5,6.9
"Sandlin, David",689818,113,10.3,36.3,111.5,87.6,76.7,92.5,82.6,422,163,395.0,39,34.5,10,8.8,6.0
"Bird, Jake",656234,113,15.1,34.5,113.2,89.0,78.9,93.1,87.7,432,159,416.0,41,36.3,10,8.8,5.8
"Lovelady, Richard",663992,113,8.9,34.5,110.6,85.8,73.8,91.6,80.0,413,153,396.0,32,28.3,7,6.2,4.1
"Sisk, Evan",681895,113,11.6,29.2,111.8,85.6,73.7,93.8,82.0,437,138,424.0,35,31.0,4,3.5,2.0
"Hill, Jaden",677955,112,14.0,36.6,114.4,89.2,79.3,92.0,87.8,447,173,416.0,40,35.7,5,4.5,2.8
"Walker, Ryan",676254,112,8.4,31.3,110.3,86.5,74.6,91.3,83.0,432,154,415.0,39,34.8,7,6.3,4.5
"Petty, Chase",695534,112,15.8,35.7,112.6,88.5,77.7,92.7,83.0,455,178,414.0,42,37.5,10,8.9,7.2
"Aldegheri, Sam",691951,111,20.7,35.1,113.0,86.8,74.7,93.0,81.2,421,182,398.0,39,35.1,10,9.0,6.6
"Garcia, Brandyn",805299,111,0.8,20.7,114.6,87.1,75.9,92.1,85.4,437,108,416.0,34,30.6,6,5.4,3.2
"Ahlstrom, Robby",695239,111,16.1,37.8,111.2,86.4,75.5,90.3,83.8,438,175,400.0,34,30.6,8,7.2,4.9
"Williams, Devin",642207,111,17.3,35.1,108.7,87.7,78.1,91.1,85.3,416,155,402.0,33,29.7,5,4.5,2.7
"Blewett, Scott",656240,109,8.7,31.2,110.8,87.7,77.2,91.8,85.7,430,144,409.0,38,34.9,5,4.6,3.2
"Yates, Kirby",489446,108,19.5,35.2,112.5,91.4,82.2,94.6,91.0,404,183,387.0,51,47.2,6,5.6,3.4
"Varland, Gus",681402,108,19.4,44.4,110.4,93.7,84.8,96.8,91.5,441,210,410.0,54,50.0,17,15.7,11.0
"Schultz, Paxton",687606,107,20.2,35.5,108.7,91.0,82.1,91.9,91.9,416,186,397.0,42,39.3,9,8.4,5.9
"Adam, Jason",592094,107,11.6,26.2,115.6,87.8,77.1,93.3,83.4,430,162,400.0,40,37.4,8,7.5,5.6
"Smith, Dylan",681916,106,19.4,35.8,112.9,89.5,78.7,93.8,86.7,457,169,425.0,49,46.2,6,5.7,3.5
"Poulin, PJ",676571,106,13.5,29.2,109.7,91.3,81.5,94.5,89.8,396,161,379.0,47,44.3,10,9.4,6.5
"Anderson, Kade",807739,105,12.4,35.2,109.6,87.7,75.5,90.6,86.9,415,157,404.0,43,41.0,8,7.6,5.5
"Jansen, Kenley",445276,105,28.0,32.4,111.5,89.2,78.9,94.0,83.4,440,191,404.0,40,38.1,10,9.5,5.6
"Sears, JP",676664,104,16.0,27.9,110.4,90.6,81.1,91.4,90.5,432,176,401.0,47,45.2,9,8.7,6.3
"Cleavinger, Garrett",664076,103,11.7,36.9,111.9,86.9,74.0,92.9,80.8,439,160,414.0,42,40.8,8,7.8,4.4
"Hurter, Brant",676428,103,3.1,28.2,108.9,86.0,73.7,89.6,84.2,431,121,431.0,33,32.0,3,2.9,2.1
"Yoho, Craig",684974,102,14.2,43.1,110.8,86.1,74.3,93.1,79.3,424,182,395.0,32,31.4,9,8.8,5.5
"Fairbanks, Pete",664126,102,23.6,37.3,115.2,91.3,81.4,93.8,87.8,435,209,408.0,44,43.1,12,11.8,6.6
"Woodford, Jake",663765,101,12.8,45.5,110.1,91.3,81.9,94.5,87.5,417,175,392.0,49,48.5,9,8.9,6.7
"Booser, Cam",592155,101,23.1,31.7,110.2,90.2,81.1,93.8,85.9,442,188,404.0,38,37.6,6,5.9,3.9
"Black, Mason",696131,101,17.3,38.6,108.9,91.3,82.3,93.7,88.8,419,185,385.0,47,46.5,10,9.9,7.0
"Snell, Blake",605483,101,17.3,28.7,110.8,82.9,71.9,86.4,81.7,374,139,,16,15.8,2,2.0,1.2
"Banda, Anthony",607455,100,16.1,30.0,116.2,90.2,80.5,93.2,88.2,451,171,423.0,39,39.0,7,7.0,4.5
"Pomeranz, Drew",519141,100,26.7,30.0,109.8,88.5,77.6,92.0,83.8,409,183,391.0,37,37.0,9,9.0,6.7
"Hentges, Sam",656529,100,13.3,28.0,109.9,87.6,78.3,89.0,87.5,401,148,,30,30.0,4,4.0,2.4
"Lawrence, Justin",664875,100,12.4,40.0,116.6,90.0,79.1,92.8,88.2,454,167,399.0,43,43.0,10,10.0,5.6
"Armstrong, Shawn",542888,99,16.7,31.3,111.3,88.5,78.3,91.6,86.9,444,163,407.0,35,35.4,7,7.1,4.5
"Stock, Robert",476594,99,15.5,34.3,110.3,89.1,78.9,90.8,88.3,408,171,408.0,36,36.4,8,8.1,5.4
"Halvorsen, Seth",678020,99,11.5,34.3,112.2,90.2,79.6,92.1,89.8,471,154,424.0,39,39.4,7,7.1,5.0
"Ferguson, Caleb",657571,99,8.3,35.4,111.3,88.5,76.9,93.4,85.4,456,149,416.0,38,38.4,7,7.1,4.7
"Strider, Spencer",675911,98,22.2,35.7,111.5,89.1,79.2,94.6,80.3,423,203,385.0,36,36.7,11,11.2,6.7
"Molina, Anthony",683627,98,15.6,42.9,109.1,87.7,77.1,90.5,84.8,424,181,411.0,36,36.7,7,7.1,5.1
"Seymour, Carson",693313,98,6.6,36.7,109.1,88.4,77.1,92.4,85.8,412,158,377.0,39,39.8,9,9.2,6.6
"Smith-Shawver, AJ",700363,97,16.5,33.0,112.1,88.0,76.7,92.8,84.6,455,170,406.0,35,36.1,8,8.2,5.8
"Suarez, Robert",663158,97,9.0,34.0,107.5,84.7,72.2,90.4,80.4,405,155,405.0,32,33.0,3,3.1,2.3
"Blanco, Ronel",669854,97,18.8,33.0,111.5,89.3,80.2,93.0,85.8,415,184,385.0,35,36.1,9,9.3,6.3
"Gamboa, Alec",687941,97,5.9,28.9,110.3,90.4,80.4,94.2,89.3,401,132,393.0,40,41.2,3,3.1,2.3
"Barlow, Scott",605130,97,18.9,30.9,108.1,87.9,77.5,92.7,81.5,463,182,424.0,35,36.1,9,9.3,5.9
"Hader, Josh",623352,97,21.0,22.7,108.2,85.9,75.0,89.9,82.2,411,158,340.0,31,32.0,6,6.2,3.6
"Giolito, Lucas",608337,96,19.4,38.5,111.5,90.0,79.5,93.5,88.2,429,176,407.0,42,43.8,4,4.2,2.9
"Morgan, David",688158,96,8.2,38.5,109.6,86.6,76.0,91.3,82.2,388,145,364.0,31,32.3,3,3.1,1.9
"Mederos, Victor",682989,96,23.1,30.2,110.1,87.8,77.1,90.5,87.8,368,175,352.0,37,38.5,3,3.1,2.0
"Murphy, Chris",669684,95,23.7,26.3,110.1,87.5,76.7,92.0,81.4,442,195,405.0,34,35.8,8,8.4,5.3
"Cabrera, Jose",703615,95,15.4,24.2,111.8,89.4,78.7,94.1,87.1,435,156,388.0,34,35.8,9,9.5,7.0
"Macko, Adam",671936,95,14.9,36.8,112.2,88.2,76.2,92.3,83.0,444,171,404.0,36,37.9,6,6.3,4.1
"Sabrowski, Erik",681870,94,27.4,39.4,110.3,89.3,80.0,92.7,86.9,407,215,392.0,32,34.0,6,6.4,3.0
"Gastelum, Luis",703725,94,10.5,39.4,109.1,86.8,75.6,93.5,81.3,435,166,409.0,29,30.9,9,9.6,5.9
"Romano, Jordan",605447,94,17.9,35.1,109.0,87.2,76.4,90.7,84.1,430,176,410.0,32,34.0,5,5.3,3.3
"Pecko, Ethan",814490,93,18.9,32.3,112.0,89.4,78.1,93.2,87.7,415,177,388.0,39,41.9,10,10.8,7.7
"Johnson, Seth",686751,92,13.3,41.3,110.1,89.5,79.2,94.3,84.3,410,184,395.0,41,44.6,11,12.0,7.3
"Leiter Jr., Mark",643410,91,14.4,37.4,110.5,86.8,76.0,88.6,84.3,414,162,411.0,29,31.9,3,3.3,2.1
"Sousa, Bennett",656986,91,19.5,36.3,115.4,88.9,79.0,91.1,86.3,403,193,374.0,33,36.3,9,9.9,6.4
"Slaten, Justin",686580,90,7.7,36.7,109.4,88.3,77.3,92.6,83.4,419,162,394.0,33,36.7,4,4.4,2.9
"Sommers, Drew",805427,90,2.3,24.4,111.1,85.3,73.3,90.5,82.8,405,112,383.0,27,30.0,3,3.3,1.8
"Pivetta, Nick",601713,89,21.2,34.8,114.3,89.6,80.2,92.8,86.3,409,189,389.0,34,38.2,9,10.1,6.4
"Davila, Nick",689546,89,9.5,28.1,109.0,88.2,79.1,91.4,87.3,398,139,396.0,25,28.1,4,4.5,3.4
"Akin, Keegan",669211,88,22.5,33.0,109.0,85.4,73.8,90.2,78.0,394,172,379.0,25,28.4,5,5.7,4.4
"Keller, Brad",641745,88,12.7,27.3,108.0,85.5,73.9,89.6,82.5,409,161,389.0,28,31.8,4,4.5,3.0
"Mey, Luis",682825,87,11.2,31.0,111.9,92.4,83.0,95.7,90.8,429,171,420.0,40,46.0,7,8.0,4.3
"Foley, Jason",671345,87,5.6,28.7,112.1,86.9,74.1,93.2,81.9,411,142,396.0,33,37.9,5,5.7,4.4
"Cornelio, Riley",683000,87,20.0,33.3,108.6,88.0,76.5,94.0,83.3,410,179,385.0,39,44.8,7,8.0,4.6
"Ekness, Josh",694795,86,17.2,31.4,109.9,86.6,75.5,90.2,84.3,399,164,386.0,27,31.4,5,5.8,3.8
"Ashcraft, Graham",668933,86,12.4,30.2,112.5,88.0,77.3,91.4,86.1,382,151,368.0,31,36.0,5,5.8,3.3
"Crochet, Garrett",676979,86,14.3,41.9,112.8,89.6,78.2,91.5,86.9,438,186,417.0,39,45.3,9,10.5,6.5
"Thomas, Connor",671162,86,3.3,25.6,111.3,88.9,77.8,93.2,87.6,424,131,394.0,36,41.9,4,4.7,3.5
"Walker, Taijuan",592836,86,13.4,37.2,108.8,87.5,76.1,91.4,82.9,437,175,402.0,31,36.0,11,12.8,9.6
"Gage, Matt",657424,86,12.3,33.7,110.5,86.6,75.2,90.2,82.8,441,173,404.0,27,31.4,9,10.5,7.1
"Wilkinson, Matt",683363,85,27.9,29.4,107.6,89.4,79.3,92.3,89.7,415,190,394.0,35,41.2,6,7.1,5.5
"Treinen, Blake",595014,85,13.4,34.1,114.3,88.4,75.8,93.5,84.2,428,168,405.0,35,41.2,9,10.6,6.9
"Gil, Luis",661563,85,18.3,27.1,114.3,92.3,83.0,94.3,92.2,432,167,397.0,40,47.1,6,7.1,4.8
"Davis, Tyler",699823,85,20.0,30.6,108.7,89.9,80.6,92.2,90.4,390,171,357.0,35,41.2,5,5.9,3.9
"Tong, Jonah",804636,84,14.6,29.8,113.0,89.7,80.2,93.0,87.3,405,165,380.0,31,36.9,5,6.0,3.7
"Bender, Anthony",669622,84,12.2,28.6,109.8,88.4,78.7,90.5,87.3,394,159,382.0,28,33.3,6,7.1,4.3
"Sullivan, Sean",807743,84,28.6,44.0,110.8,88.5,78.3,92.6,81.1,458,223,409.0,29,34.5,8,9.5,7.0
"Beeks, Jalen",656222,84,13.7,35.7,116.9,90.6,79.2,93.4,88.5,457,168,423.0,36,42.9,9,10.7,8.0
"Maton, Phil",664208,84,10.0,44.0,109.6,88.7,76.8,93.0,83.4,403,167,387.0,36,42.9,10,11.9,7.4
"Walker, Josh",677020,84,16.7,29.8,109.5,88.5,79.5,88.9,89.2,419,154,394.0,30,35.7,3,3.6,2.4
"Perdomo, Cesar",702885,83,13.1,37.3,110.0,89.4,79.5,92.8,85.9,411,167,398.0,35,42.2,6,7.2,5.8
"Mantiply, Joe",573009,83,3.9,37.3,109.3,89.0,76.0,95.7,84.0,426,143,416.0,32,38.6,9,10.8,8.1
"Ragans, Cole",666142,83,20.2,32.5,111.6,89.6,79.2,93.3,85.4,425,190,383.0,33,39.8,13,15.7,8.6
"Phillips, Connor",683175,82,21.4,36.6,110.0,90.2,80.6,92.3,89.6,407,197,389.0,33,40.2,7,8.5,4.8
"Rodríguez, Elmer",695684,82,10.1,32.9,107.5,87.8,76.3,89.4,86.9,412,154,407.0,30,36.6,7,8.5,5.6
"Weiss, Ryan",680802,81,16.8,39.5,109.6,90.3,79.4,96.6,83.4,426,191,388.0,40,49.4,9,11.1,6.9
"Seabold, Connor",657756,81,12.2,35.8,111.8,88.1,76.5,91.5,84.7,412,170,395.0,30,37.0,5,6.2,4.4
"Palencia, Daniel",694037,81,15.6,43.2,108.1,88.4,79.4,92.8,81.8,399,185,376.0,25,30.9,4,4.9,3.3
"Pintaro, Jonathan",702752,81,17.3,25.9,111.7,89.2,78.7,91.3,89.3,418,160,410.0,32,39.5,5,6.2,3.8
"Hartlieb, Geoff",664129,81,15.8,33.3,110.8,90.5,81.1,92.5,88.9,390,179,376.0,35,43.2,5,6.2,4.3
"Adams, Mason",690279,80,13.0,41.3,111.5,92.7,83.6,94.8,91.1,443,178,409.0,45,56.3,8,10.0,6.5
"Rangel, Alan",660604,79,21.8,29.1,109.8,88.1,77.8,91.8,84.9,427,173,394.0,24,30.4,4,5.1,3.3
"Klassen, George",691946,79,6.4,34.2,111.3,90.2,78.7,94.6,88.1,397,151,381.0,36,45.6,7,8.9,5.6
"Topa, Justin",623437,79,8.1,25.3,115.7,90.0,78.6,90.8,90.9,453,148,415.0,34,43.0,6,7.6,5.6
"Castaño, Blas",680604,79,8.4,38.0,111.8,91.3,82.0,94.5,88.4,462,183,435.0,38,48.1,7,8.9,6.3
"Greene, Hunter",668881,79,21.8,41.8,108.5,90.2,79.6,92.7,89.6,435,197,401.0,37,46.8,4,5.1,3.3
"Marte, Yunior",805074,78,13.9,30.8,109.9,89.3,77.0,95.0,85.5,422,168,401.0,36,46.2,9,11.5,8.7
"Borucki, Ryan",621366,78,14.2,23.1,110.6,88.3,77.3,90.7,86.8,419,156,399.0,31,39.7,4,5.1,3.8
"Vest, Will",676684,77,2.8,22.1,112.6,89.0,78.8,91.2,88.1,419,125,402.0,27,35.1,4,5.2,3.4
"Fulton, Dax",690978,77,4.3,31.2,111.4,89.4,78.2,93.5,87.3,432,134,432.0,32,41.6,4,5.2,3.3
"Roberts, Ethan",681799,76,14.0,26.3,109.6,91.1,81.9,92.2,91.3,432,147,419.0,34,44.7,3,3.9,2.7
"Wilcox, Cole",677961,76,6.6,36.8,114.7,91.1,81.2,93.4,89.8,389,149,379.0,35,46.1,5,6.6,4.1
"Hanifee, Brenan",669724,75,3.6,28.0,110.1,90.5,80.0,91.3,90.3,438,133,398.0,34,45.3,6,8.0,6.5
"Williams, Trevor",592866,74,11.1,35.1,110.2,86.1,73.2,91.0,82.0,455,162,419.0,27,36.5,5,6.8,4.2
"Duarte, Daniel",650960,74,20.3,36.5,113.4,83.2,69.6,89.1,74.1,436,179,415.0,18,24.3,5,6.8,4.5
"Hernández, Jonathan",642546,74,14.8,27.0,112.0,88.4,77.9,88.1,89.3,433,165,409.0,30,40.5,4,5.4,3.7
"Rojas, Kendry",696070,73,14.0,34.2,107.3,85.6,72.9,91.0,85.7,418,160,406.0,23,31.5,5,6.8,3.8
"Way, Beck",694360,73,4.0,24.7,111.6,90.3,80.0,93.5,88.0,442,133,417.0,31,42.5,5,6.8,4.8
"Estrada, Jeremiah",669093,72,15.4,37.5,104.9,85.4,73.7,92.1,77.0,399,171,369.0,24,33.3,5,6.9,4.0
"Montgomery, Jordan",656756,70,2.0,25.7,108.6,86.1,74.0,92.6,83.2,425,119,405.0,23,32.9,5,7.1,5.3
"Coulombe, Danny",543056,70,8.9,27.1,112.4,82.1,69.5,89.4,75.4,379,142,379.0,15,21.4,1,1.4,1.0
"Sanmartin, Reiver",665665,70,1.0,25.7,109.4,87.1,74.6,95.0,83.4,414,115,406.0,26,37.1,7,10.0,7.5
"Morris, Kade",695034,69,9.0,30.4,109.6,88.6,76.6,94.1,84.6,391,154,366.0,31,44.9,4,5.8,4.5
"De los Santos, Yerry",660787,69,13.1,30.4,112.8,90.9,81.2,94.0,91.4,471,158,401.0,30,43.5,5,7.2,5.3
"Kranick, Max",668820,69,20.3,36.2,107.0,88.4,78.4,93.8,81.3,432,179,405.0,24,34.8,4,5.8,4.3
"Curry, Xzavion",675540,69,31.7,26.1,110.4,91.1,81.6,92.5,92.9,425,201,401.0,29,42.0,9,13.0,9.6
"Cuas, Jose",621016,68,19.5,39.7,111.7,85.2,73.1,90.9,80.8,392,175,,24,35.3,2,2.9,1.9
"Beck, Tristan",663941,68,10.8,25.0,110.2,89.3,80.3,92.9,87.0,406,152,393.0,24,35.3,6,8.8,7.2
"Natera Jr., Samy",696519,68,27.7,33.8,109.9,88.9,78.9,90.0,87.2,376,208,368.0,24,35.3,3,4.4,2.3
"Stewart, Brock",592779,68,11.1,23.5,108.6,81.3,65.9,90.0,77.9,429,125,395.0,19,27.9,3,4.4,2.9
"Crow, Coleman",689441,68,17.2,36.8,112.7,89.2,79.1,94.9,83.6,419,180,399.0,25,36.8,5,7.4,5.9
"Peralta, Sammy",671111,68,16.2,44.1,108.5,88.4,77.6,91.9,84.2,428,176,401.0,28,41.2,4,5.9,3.9
"Drake, Kohl",684442,67,19.2,44.8,108.3,91.4,82.0,94.0,88.7,430,219,398.0,33,49.3,11,16.4,11.6
"Sanders, Cam",676742,67,13.7,26.9,109.2,88.0,78.0,90.9,86.7,397,163,397.0,21,31.3,3,4.5,2.3
"Backhus, Kyle",679775,66,9.0,40.9,108.1,86.0,74.4,91.9,79.7,438,164,405.0,20,30.3,3,4.5,3.2
"Frasso, Nick",693308,66,14.1,37.9,113.8,90.4,81.3,91.9,87.5,408,185,390.0,23,34.8,3,4.5,3.1
"Anderson, Shaun",641312,65,14.2,33.8,115.0,88.2,77.2,94.2,83.6,434,153,392.0,25,38.5,6,9.2,6.5
"Burgos, Raymond",670103,65,11.9,21.5,111.5,89.2,79.5,93.0,87.5,439,144,415.0,23,35.4,4,6.2,4.9
"Phillips, Evan",623465,65,21.9,32.3,114.4,91.0,80.2,94.9,86.0,457,201,416.0,26,40.0,11,16.9,10.7
"Collyer, Gavin",686560,65,18.5,35.4,107.6,87.2,76.6,92.3,84.8,401,168,400.0,19,29.2,4,6.2,3.5
"Abner, Philip",691769,65,10.8,38.5,113.7,89.8,79.0,92.7,86.3,427,186,404.0,25,38.5,10,15.4,11.6
"Juenger, Hayden",696522,65,21.3,43.1,108.9,88.7,78.3,92.5,82.7,411,190,,23,35.4,5,7.7,6.2
"Sears, Andrew",808825,65,22.8,36.9,107.5,89.8,80.9,91.0,89.0,422,192,397.0,22,33.8,4,6.2,4.3
"Brieske, Beau",689225,64,15.7,25.0,108.1,90.3,80.2,94.6,89.4,406,158,381.0,30,46.9,5,7.8,5.5
"Morgan, Eli",669212,64,19.6,39.1,110.0,88.9,78.6,92.4,86.5,452,190,402.0,27,42.2,4,6.3,4.4
"Bummer, Aaron",607481,63,14.2,34.9,108.1,91.7,82.0,96.8,87.8,422,179,399.0,31,49.2,8,12.7,9.1
"Little, Brendon",663893,63,-0.3,25.4,111.1,90.0,80.0,96.0,86.7,431,130,394.0,26,41.3,4,6.3,3.0
"Samaniego, Tyler",701719,63,12.3,28.6,111.4,90.0,79.5,93.3,89.0,417,141,417.0,23,36.5,2,3.2,2.2
"Jameson, Drey",686753,62,13.4,40.3,108.2,87.1,76.4,91.2,81.2,401,178,387.0,19,30.6,3,4.8,3.5
"Franco, Jose",683742,62,19.7,30.6,108.9,88.0,77.4,92.9,82.7,415,184,393.0,21,33.9,6,9.7,6.5
"Morales, Luis",806960,62,14.5,38.7,110.4,88.5,77.2,94.4,86.4,420,167,391.0,25,40.3,7,11.3,7.8
"Curtis, Khristian",694753,61,23.1,34.4,107.4,85.5,74.0,91.1,82.0,391,163,371.0,18,29.5,5,8.2,5.7
"García, Luis",472610,61,17.6,34.4,109.2,88.4,76.1,93.8,82.4,403,188,403.0,27,44.3,3,4.9,4.1
"Fernandez, Ryan",681676,61,7.5,41.0,108.9,87.1,75.0,93.3,80.1,421,170,406.0,24,39.3,4,6.6,4.0
"Alexander, Jason",669920,61,12.9,31.1,110.0,87.1,75.8,90.2,84.5,415,159,377.0,23,37.7,6,9.8,7.1
"Aleman, Franco",680916,61,23.8,39.3,111.1,89.4,79.1,92.4,85.0,420,183,409.0,24,39.3,4,6.6,3.9
"Carrasco, Carlos",471911,61,10.7,47.5,109.1,89.4,78.4,94.0,86.5,417,163,409.0,25,41.0,6,9.8,8.2
"Weiman, Blake",676620,60,17.1,30.0,108.1,86.9,75.3,92.1,83.2,411,171,399.0,20,33.3,6,10.0,7.6
"Nardi, Andrew",677053,60,12.4,31.7,110.1,89.6,77.2,94.4,85.7,423,175,411.0,27,45.0,8,13.3,8.1
"Bolton, Cody",675989,58,15.4,36.2,110.5,90.7,80.0,92.9,90.1,396,181,362.0,28,48.3,6,10.3,6.3
"Barco, Hunter",682995,58,12.6,32.8,112.3,89.3,77.4,95.0,86.3,417,169,379.0,25,43.1,4,6.9,4.6
"Mears, Nick",683232,57,14.5,38.6,109.8,90.3,78.6,92.6,89.0,406,163,394.0,29,50.9,7,12.3,8.4
"Allen, Logan",671106,57,12.5,22.8,109.4,90.9,80.0,96.1,87.1,403,165,383.0,27,47.4,5,8.8,6.2
"Kent, Zak",687849,57,15.5,35.1,107.9,90.0,80.7,94.0,84.8,397,192,374.0,25,43.9,7,12.3,9.1
"Abel, Mick",690953,57,14.6,40.4,109.2,87.7,76.0,89.2,86.4,395,160,,23,40.4,3,5.3,3.2
"Bigge, Hunter",685801,57,18.8,35.1,109.8,89.6,80.6,90.6,91.2,411,167,411.0,21,36.8,3,5.3,3.5
"Bido, Osvaldo",674370,56,18.7,37.5,108.9,88.5,76.6,92.2,84.0,431,192,388.0,23,41.1,5,8.9,6.2
"Harris, Trent",805345,56,9.7,28.6,107.9,83.9,72.9,88.7,82.0,429,133,429.0,13,23.2,1,1.8,1.1
"Vargas, Carlos",672841,56,5.6,37.5,116.3,86.0,74.0,91.5,81.3,392,157,389.0,16,28.6,5,8.9,6.2
"Rom, Drew",680723,56,18.0,46.4,113.6,95.3,87.8,96.2,94.4,418,213,418.0,29,51.8,6,10.7,7.5
"Pallette, Peyton",688883,56,16.1,35.7,111.2,89.5,78.6,96.7,84.5,377,168,368.0,24,42.9,4,7.1,4.1
"Murray, Jayden",681151,56,20.9,41.1,109.3,91.4,82.8,92.8,89.7,449,221,394.0,24,42.9,8,14.3,10.1
"Murphy, Luke",684665,56,14.5,41.1,109.9,87.6,75.9,93.4,85.8,421,150,395.0,21,37.5,3,5.4,3.4
"Falter, Bailey",663559,55,13.3,45.5,110.8,90.9,79.5,93.7,89.0,420,178,400.0,24,43.6,4,7.3,5.8
"Yan, Jefry",642376,54,6.7,29.6,112.9,87.8,75.2,93.9,83.5,401,140,383.0,23,42.6,4,7.4,4.2
"Martin, Chris",455119,54,18.8,51.9,110.2,91.3,80.5,93.0,88.8,427,201,397.0,24,44.4,6,11.1,9.1
"Smith, Hagen",696146,53,10.0,35.8,107.4,87.3,75.9,93.2,83.6,391,156,391.0,18,34.0,1,1.9,0.9
"Gordon, Colton",676467,53,12.7,34.0,108.2,89.3,78.8,93.6,84.9,408,164,376.0,24,45.3,4,7.5,5.7
"Tur, Yunior",814305,52,22.3,46.2,109.0,89.5,78.7,93.1,86.1,431,203,415.0,20,38.5,7,13.5,9.0
"Díaz, Edwin",621242,52,17.0,44.2,111.2,91.2,80.9,93.2,88.3,411,184,388.0,25,48.1,4,7.7,4.3
"Leasure, Jordan",673929,52,26.9,44.2,115.3,92.4,83.1,95.2,87.3,425,223,390.0,23,44.2,13,25.0,16.7
"Palmquist, Carson",687223,52,18.6,40.4,102.9,85.3,75.2,90.5,78.5,388,174,387.0,12,23.1,2,3.8,2.6
"Cosgrove, Tom",676680,52,19.2,32.7,109.7,87.0,74.8,92.8,77.5,400,201,388.0,20,38.5,5,9.6,6.8
"Núñez, Dedniel",673380,52,16.5,34.6,108.5,91.1,82.9,95.2,85.9,438,201,400.0,21,40.4,6,11.5,8.3
"Kerr, Ray",678061,51,16.4,25.5,108.1,88.0,77.9,92.8,85.2,379,132,378.0,16,31.4,3,5.9,4.5
"Kelly, Antwone",699008,51,7.8,37.3,108.5,90.1,80.5,93.0,87.4,387,158,372.0,21,41.2,2,3.9,2.8
"Saucedo, Tayler",642048,51,14.6,29.4,111.0,86.7,74.5,93.5,79.6,387,170,387.0,15,29.4,3,5.9,3.4
"Brogdon, Connor",641401,51,18.8,33.3,111.6,91.8,82.2,94.3,90.6,414,179,399.0,23,45.1,7,13.7,10.0
"Boyle, Joe",671212,51,19.0,39.2,108.4,86.5,73.4,90.8,86.9,413,152,369.0,20,39.2,2,3.9,2.5
"Ferguson, Tyler",621053,50,18.0,36.0,109.2,91.3,82.3,91.5,92.0,409,202,395.0,23,46.0,8,16.0,10.3
"Laweryson, Cody",689520,50,14.1,38.0,107.9,92.4,84.1,94.9,92.0,429,170,396.0,25,50.0,4,8.0,5.1
"Garcia, Robert",676395,50,13.9,28.0,109.3,85.9,75.6,90.5,84.1,392,155,392.0,14,28.0,2,4.0,2.9
"Martin, Trevor",694680,50,7.0,34.0,109.7,88.3,77.3,93.0,84.1,415,166,393.0,21,42.0,5,10.0,7.6
"Lavender, Nate",681320,49,23.4,32.7,114.2,87.4,77.1,92.4,82.9,408,180,408.0,17,34.7,4,8.2,5.1
"Chivilli, Angel",683409,49,17.6,32.7,114.6,88.0,75.9,91.5,83.6,446,185,399.0,19,38.8,3,6.1,4.1
"Kelly, Zack",677161,49,7.8,36.7,111.6,88.1,76.4,93.2,82.8,430,153,430.0,19,38.8,4,8.2,5.6
"Peoples, Ben",687239,49,14.1,34.7,107.9,84.9,74.0,90.9,79.1,405,175,378.0,13,26.5,3,6.1,4.4
"Barnes, Charlie",656212,49,8.6,36.7,113.6,92.5,82.9,94.5,91.1,444,157,427.0,23,46.9,4,8.2,6.3
"Van Eyk, CJ",669310,48,16.1,33.3,110.9,87.9,75.0,92.7,83.7,408,174,396.0,21,43.8,6,12.5,10.9
"Ralston, Jack",667652,48,8.8,25.0,108.5,87.1,73.8,95.5,81.9,423,156,410.0,19,39.6,7,14.6,9.1
"McFarlane, Alex",686934,47,9.3,31.9,108.4,87.6,76.0,89.5,86.0,414,150,414.0,19,40.4,2,4.3,2.7
"Voth, Austin",608723,47,22.2,38.3,109.1,90.8,82.0,94.0,85.0,406,206,397.0,19,40.4,4,8.5,7.1
"Bidois, Brandan",684049,47,22.2,38.3,110.4,90.9,80.7,94.5,89.3,415,215,398.0,22,46.8,8,17.0,10.0
"Enns, Dietrich",608650,46,20.0,34.8,107.7,91.6,83.1,94.1,89.6,399,185,,18,39.1,3,6.5,4.3
"Smith, Burch",572143,46,5.3,34.8,108.4,90.3,79.6,92.2,89.9,407,137,407.0,22,47.8,2,4.3,2.7
"Maxwell, Zach",687209,45,22.3,37.8,110.4,91.3,82.5,92.2,95.9,425,192,388.0,17,39.5,5,11.1,7.5
"Strzelecki, Peter",657265,45,16.8,20.0,110.0,91.0,83.3,95.4,86.4,396,181,396.0,17,37.8,2,4.4,3.3
"Hoffman, Nolan",676510,44,9.0,29.5,115.8,83.4,70.3,91.4,76.4,352,134,,14,31.8,0,0.0,0.0
"Paez, Jedixson",699151,44,11.4,34.1,110.9,90.9,79.9,95.2,86.0,406,174,389.0,21,47.7,7,15.9,12.3
"Manfredi, Mark",815081,44,16.5,22.7,111.4,90.8,79.9,93.8,87.7,418,171,368.0,20,45.5,4,9.1,5.9
"Trevino, Jose",624431,44,18.5,43.2,109.3,89.8,78.6,94.1,86.5,406,196,391.0,19,43.2,6,13.6,12.2
"Cruz, Yovanny",672442,44,15.3,43.2,108.5,88.5,77.2,90.9,87.4,424,175,404.0,19,43.2,1,2.3,1.4
"Santa, Alimber",695001,44,9.9,29.5,108.3,83.8,70.2,87.2,81.0,398,151,398.0,15,34.1,1,2.3,1.7
"Ross, Joe",605452,44,15.5,31.8,108.1,86.2,73.7,92.5,85.7,413,153,410.0,16,36.4,5,11.4,8.8
"Thompson, Keegan",624522,44,22.6,40.9,112.0,92.5,83.9,95.8,89.6,453,196,453.0,22,50.0,6,13.6,10.5
"Henry, Cole",669371,44,27.0,36.4,107.6,88.9,78.1,92.4,86.2,400,208,383.0,18,40.9,6,13.6,8.5
"Murphy, Owen",702566,43,23.4,44.2,109.4,92.4,83.9,93.8,87.9,419,221,410.0,21,48.8,5,11.6,8.9
"Mautz, Brycen",802408,43,13.2,51.2,110.6,88.3,77.0,90.5,83.9,434,189,425.0,13,30.2,4,9.3,5.3
"Curvelo, Luis",681168,42,22.6,38.1,114.9,91.1,80.7,95.1,82.9,407,208,388.0,21,50.0,4,9.5,7.4
"Gose, Anthony",543238,42,23.9,42.9,108.6,87.4,78.4,91.2,80.2,408,196,354.0,11,26.2,3,7.1,5.9
"Carrillo, Gerardo",672629,42,9.3,38.1,110.3,87.4,77.3,92.2,83.7,383,146,,12,28.6,3,7.1,3.7
"Hollowell, Gavin",668970,41,26.1,39.0,107.6,87.6,75.9,91.5,83.4,411,219,402.0,15,36.6,6,14.6,9.4
"Zerpa, Angel",672582,41,0.3,24.4,114.6,92.4,80.1,96.4,90.8,397,115,380.0,21,51.2,3,7.3,5.5
"Spence, Mitch",687765,41,15.9,26.8,106.7,91.6,82.7,93.9,91.1,374,149,365.0,17,41.5,1,2.4,1.8
"Kerry, Brett",695049,40,12.1,25.0,110.3,88.5,76.8,96.7,84.9,401,146,401.0,17,42.5,2,5.0,3.7
"Cortes, Carlos",666126,40,17.1,45.0,107.4,87.5,75.8,90.8,82.4,412,206,401.0,15,37.5,4,10.0,8.2
"Brash, Matt",666374,40,8.8,40.0,111.3,88.9,77.5,96.5,82.6,379,160,,16,40.0,2,5.0,3.1
"Sands, Cole",663485,39,15.9,33.3,108.7,95.0,87.5,97.4,91.3,412,185,403.0,22,56.4,4,10.3,7.1
"Wicks, Jordan",696136,39,12.1,30.8,113.4,88.5,77.4,91.9,88.6,415,150,415.0,17,43.6,3,7.7,6.0
"Knack, Landon",689017,39,23.1,35.9,105.7,90.6,82.7,94.2,86.3,424,202,397.0,17,43.6,5,12.8,10.0
"Dallas, Chad",689149,39,18.3,28.2,113.3,90.4,82.3,93.9,89.6,388,175,380.0,16,41.0,2,5.1,3.1
"Tolman, Erik",680899,38,5.7,28.9,111.1,83.3,69.6,90.8,78.5,439,135,439.0,9,23.7,2,5.3,3.3
"Granillo, Andre",701552,38,21.3,34.2,108.3,91.0,82.1,93.2,88.0,401,185,394.0,15,39.5,5,13.2,10.0
"Helsley, Ryan",664854,38,5.0,15.8,105.4,89.5,79.4,95.9,85.7,378,136,376.0,18,47.4,2,5.3,2.9
"McGee, Easton",668834,38,15.4,42.1,115.3,90.3,80.7,92.5,87.2,401,195,396.0,18,47.4,4,10.5,7.7
"Peguero, Joel",666711,37,6.8,24.3,107.1,84.5,75.0,88.2,82.1,383,136,,9,24.3,0,0.0,0.0
"Ullola, Miguel",699044,37,27.2,16.2,109.0,86.3,75.8,88.2,86.4,381,181,379.0,12,32.4,4,10.8,6.9
"Estrada, Lazaro",681751,37,14.6,29.7,106.5,89.2,80.2,92.4,86.7,400,158,389.0,15,40.5,3,8.1,5.3
"Hoffmann, Andrew",694851,37,18.1,29.7,110.6,89.9,78.1,93.2,86.3,427,153,401.0,16,43.2,3,8.1,5.1
"Beck, Brendan",694341,37,21.8,56.8,110.9,92.3,81.7,96.9,78.1,410,245,389.0,20,54.1,9,24.3,15.5
"McCambley, Zach",685112,36,6.3,33.3,111.0,91.5,82.0,94.2,88.8,406,171,382.0,19,52.8,4,11.1,7.4
"Olds, Wyatt",681544,36,18.8,33.3,106.3,90.4,82.2,91.0,91.3,407,160,407.0,11,30.6,3,8.3,4.7
"Waldrep, Hurston",694462,35,-3.4,20.0,108.6,89.3,78.8,99.5,87.5,415,90,398.0,12,34.3,3,8.6,5.4
"Yean, Eddy",678868,35,10.6,28.6,103.3,89.3,81.2,92.0,88.0,416,140,416.0,12,34.3,1,2.9,2.2
"Burnes, Corbin",669203,35,25.2,51.4,109.8,91.0,82.0,95.2,77.1,448,255,409.0,14,40.0,6,17.1,12.8
"Perales, Luis",691384,34,18.2,44.1,108.9,90.7,80.7,94.2,86.8,412,203,389.0,17,50.0,5,14.7,8.3
"Shuster, Jared",694363,34,12.0,17.6,107.7,91.0,80.9,94.7,90.7,415,160,415.0,17,50.0,1,2.9,2.3
"Fulmer, Michael",605242,34,14.1,32.4,108.2,88.3,78.5,91.9,82.5,391,174,391.0,11,32.4,5,14.7,8.2
"Heuer, Codi",676051,34,12.9,20.6,106.8,92.6,84.7,93.7,91.1,388,161,,18,52.9,1,2.9,2.2
"Lazar, Max",676661,34,3.1,23.5,108.1,90.5,82.7,94.9,86.9,420,155,408.0,12,35.3,3,8.8,6.7
"Young, Danny",664849,34,7.5,32.4,105.5,96.0,89.2,96.3,96.0,431,166,413.0,21,61.8,6,17.6,9.2
"VanWey, Logan",701121,33,19.1,27.3,111.7,91.3,79.7,93.9,91.1,369,169,350.0,16,48.5,2,6.1,4.8
"Anderson, Jack",681252,33,17.9,36.4,107.9,86.9,75.5,92.3,80.1,438,176,438.0,12,36.4,3,9.1,6.3
"Espino, Daniel",682982,33,19.2,27.3,109.6,85.3,72.9,92.3,74.1,393,182,377.0,12,36.4,4,12.1,6.2
"Joyce, Ben",690829,33,18.4,36.4,110.5,85.6,74.2,90.0,81.4,406,194,394.0,10,30.3,3,9.1,4.9
"Kahnle, Tommy",592454,32,17.1,31.3,113.6,93.1,83.7,102.2,87.7,408,176,405.0,18,56.3,5,15.6,11.6
"Weisenburger, Jack",674073,32,15.3,34.4,108.6,89.0,79.9,92.7,85.2,378,171,,10,31.3,2,6.3,4.0
"Allard, Kolby",663465,32,10.1,50.0,110.8,89.9,78.0,95.4,83.8,410,165,395.0,14,43.8,5,15.6,11.1
"Blalock, Bradley",687134,32,9.5,28.1,111.1,90.8,80.4,95.1,88.6,427,171,408.0,13,40.6,4,12.5,8.3
"Winquest, Cade",685464,32,10.3,21.9,103.1,87.0,78.1,85.7,89.6,395,133,395.0,9,28.1,1,3.1,1.8
"Foster, Cameron",671382,32,16.1,28.1,106.5,87.0,77.0,91.9,88.7,380,124,380.0,9,28.1,2,6.3,4.1
"Hernández, Elieser",622694,32,31.1,28.1,107.8,88.0,77.3,94.3,85.2,393,180,386.0,12,37.5,3,9.4,6.0
"Bellozo, Valente",678368,32,20.0,40.6,110.7,91.3,80.2,96.9,84.7,460,224,418.0,16,50.0,5,15.6,10.4
"Devenski, Chris",606965,31,12.5,38.7,114.0,92.9,84.7,96.3,92.4,406,165,383.0,17,54.8,3,9.7,7.9
"Sullivan, Brett",664954,31,14.8,38.7,106.1,91.3,82.7,93.3,87.9,399,205,383.0,14,45.2,3,9.7,8.8
"Rodríguez, Yariel",684320,31,16.1,38.7,110.1,87.2,75.3,92.0,81.3,402,164,371.0,10,32.3,4,12.9,8.9
"Rodriguez, Carlos",692230,30,23.2,33.3,115.1,83.5,72.7,89.3,75.9,379,178,379.0,5,16.7,1,3.3,2.4
"Vanasco, Ricky",676568,30,13.0,30.0,106.3,87.6,75.7,93.0,85.6,409,176,384.0,13,43.3,2,6.7,5.0
"Kempner, William",687531,30,17.9,46.7,106.1,85.8,74.8,94.1,71.4,421,194,421.0,7,23.3,1,3.3,2.0
"Stallings, Garrett",668831,29,26.8,17.2,104.7,86.7,78.9,87.7,87.7,321,169,,5,17.2,0,0.0,0.0
"Tolbert, Tyler",686475,29,8.4,55.2,104.8,91.3,83.3,95.6,85.1,419,196,402.0,13,44.8,4,13.8,12.1
"Hjerpe, Cooper",687309,29,17.6,24.1,111.3,85.1,72.9,91.4,82.6,366,150,,8,27.6,0,0.0,0.0
"Acton, Garrett",670183,29,18.8,41.4,109.3,92.8,83.2,97.5,85.3,386,207,361.0,15,51.7,3,10.3,5.9
"Sinclair, Jack",695378,29,8.1,24.1,112.1,89.4,78.1,92.3,86.7,371,147,,12,41.4,1,3.4,2.3
"Lee, Chase",695445,29,10.1,24.1,114.8,87.1,75.2,89.1,85.3,388,137,372.0,10,34.5,3,10.3,7.1
"Mushinski, Parker",656786,29,17.4,41.4,105.5,90.1,82.1,90.1,91.8,399,165,,11,37.9,1,3.4,2.9
"Rock, Joe",697812,29,17.7,34.5,109.4,94.1,86.1,95.8,92.6,382,198,,16,55.2,1,3.4,1.8
"Verlander, Justin",434378,29,27.2,31.0,107.8,92.3,83.0,96.4,83.6,416,217,409.0,13,44.8,4,13.8,10.3
"Rivera, Eduardo",700842,28,12.7,32.1,112.4,91.8,82.0,94.9,92.1,423,153,423.0,12,42.9,1,3.6,2.3
"De León, Luis",801725,28,0.7,17.9,106.1,86.1,73.5,93.2,81.5,404,113,404.0,10,35.7,2,7.1,5.6
"Sims, Lucas",608371,28,12.3,25.0,105.1,86.8,73.8,93.3,84.5,411,160,411.0,11,39.3,2,7.1,4.3
"Brito, Jhony",666745,28,15.5,25.0,107.6,88.1,78.6,92.3,85.9,416,182,397.0,9,32.1,3,10.7,8.6
"Shook, TJ",669298,27,17.1,44.4,108.1,91.4,83.2,91.7,90.5,407,220,384.0,11,40.7,2,7.4,5.6
"Estes, Joey",683155,27,25.5,40.7,106.9,90.7,82.4,92.3,84.9,418,223,402.0,10,37.0,4,14.8,11.8
"Smith, Shane",681343,27,14.2,29.6,109.9,82.2,66.8,88.3,77.1,347,154,347.0,9,33.3,0,0.0,0.0
"Roa, Christian",685005,27,23.8,44.4,111.7,91.8,82.1,97.7,90.2,390,191,383.0,17,63.0,2,7.4,4.7
"Hagenman, Justin",663795,27,22.3,37.0,110.0,90.7,81.5,96.4,84.7,420,209,404.0,10,37.0,4,14.8,12.1
"Sandlin, Nick",680704,26,13.0,30.8,111.1,87.0,75.6,89.3,85.1,446,168,412.0,10,38.5,2,7.7,5.0
"Waldichuk, Ken",686610,26,18.0,26.9,111.2,89.3,78.1,95.9,82.0,414,172,395.0,10,38.5,5,19.2,12.5
"Manoah, Alek",666201,26,15.2,34.6,111.7,87.1,74.8,95.8,75.7,380,181,366.0,9,34.6,3,11.5,7.7
"McDermott, Chayce",694646,26,27.5,34.6,109.3,90.9,82.7,93.4,83.3,423,209,407.0,9,34.6,4,15.4,11.1
"Law, Derek",571882,26,4.0,46.2,104.4,89.2,79.9,93.7,83.9,401,162,,11,42.3,1,3.8,2.9
"Koenig, Jared",657649,26,10.1,26.9,116.2,92.8,82.2,93.2,92.4,443,160,443.0,12,46.2,2,7.7,4.9
"Hanner, Bradley",690440,26,25.3,38.5,113.4,93.7,84.8,95.6,100.1,384,211,372.0,15,57.7,4,15.4,11.8
"Rajcic, Max",691008,25,19.5,24.0,105.9,87.0,76.3,94.5,80.8,385,178,385.0,9,36.0,2,8.0,5.1
"Martinez, Justin",679885,25,4.9,12.0,105.3,86.3,76.2,90.0,87.5,353,137,,7,28.0,0,0.0,0.0
"Gonzalez, Domingo",682445,25,19.0,48.0,109.7,92.9,83.6,95.0,95.5,391,207,391.0,13,52.0,3,12.0,8.3
"Heineman, Tyler",623168,25,17.4,52.0,105.6,90.9,83.3,95.3,83.5,391,216,372.0,13,52.0,2,8.0,7.7
"Krook, Matt",640454,25,9.8,44.0,112.3,87.5,75.6,94.3,85.4,432,144,403.0,9,36.0,1,4.0,2.2
"Sanoja, Javier",691594,24,22.4,50.0,108.6,93.1,84.9,94.8,90.3,399,264,398.0,12,50.0,5,20.8,18.5
"Bivens, Spencer",702352,24,17.4,54.2,115.2,88.6,78.5,92.4,84.6,423,201,423.0,6,25.0,2,8.3,4.8
"Leibrandt, Brandon",605335,24,25.3,45.8,108.1,88.1,77.5,90.9,87.1,419,209,405.0,7,29.2,4,16.7,13.3
"Gilbert, Tyler",656457,24,11.7,41.7,107.2,95.1,87.9,97.9,90.4,407,196,400.0,15,62.5,3,12.5,9.4
"Karinchak, James",675916,24,22.1,20.8,107.4,88.4,78.5,94.1,84.0,395,192,395.0,8,33.3,2,8.3,5.4
"Hiraldo, Yaramil",682274,24,33.7,29.2,115.5,88.9,79.5,90.2,92.3,409,218,393.0,8,33.3,2,8.3,4.2
"Díaz, Yilber",700270,23,23.3,47.8,107.7,91.7,82.0,95.8,91.1,411,208,393.0,10,43.5,3,13.0,8.8
"Davitt, Duncan",701474,23,8.8,43.5,104.4,89.0,78.2,89.6,87.9,380,170,371.0,12,52.2,2,8.7,6.5
"Payamps, Joel",606303,23,19.3,52.2,109.1,92.5,85.2,93.0,90.9,404,245,400.0,9,39.1,4,17.4,11.1
"Vivas, Jorbit",678391,23,16.7,43.5,107.6,93.7,87.2,96.6,91.4,399,208,399.0,11,50.0,5,21.7,18.5
"Simpson, Josh",681006,23,26.5,39.1,112.9,92.2,82.3,95.5,89.2,404,194,393.0,10,43.5,4,17.4,10.5
"Stubbs, Garrett",596117,22,21.5,50.0,106.2,91.8,82.8,95.4,87.7,386,228,367.0,11,50.0,2,9.1,8.3
"Klein, John",804619,22,14.7,31.8,106.7,81.5,65.8,92.5,73.4,389,167,353.0,8,36.4,2,9.1,5.7
"Fitzpatrick, Brian",702153,22,8.7,18.2,106.0,80.8,66.7,87.1,78.0,350,111,,5,22.7,1,4.5,3.3
"Gonzales, Marco",594835,22,18.4,31.8,107.4,84.8,75.3,88.9,78.1,379,176,,5,22.7,1,4.5,3.4
"Gerber, Joey",680702,22,23.3,45.5,107.6,93.7,85.7,95.7,88.2,375,210,362.0,12,54.5,2,9.1,5.9
"Grove, Michael",675627,22,16.4,45.5,107.6,90.8,80.8,96.3,78.5,447,223,425.0,8,36.4,4,18.2,14.3
"Nicolas, Kyle",693312,22,27.5,36.4,110.4,87.2,75.9,90.1,89.5,418,196,418.0,7,31.8,1,4.5,2.4
"France, J.P.",641585,21,17.4,23.8,109.9,89.9,78.5,92.2,88.1,391,170,383.0,9,42.9,3,14.3,9.7
"Gervase, Paul",801434,21,14.7,19.0,104.2,89.0,79.6,89.9,91.6,400,142,,9,42.9,1,4.8,2.9
"Irvin, Cole",608344,21,5.3,33.3,106.4,89.2,75.4,95.2,83.2,405,155,405.0,11,52.4,2,9.5,6.7
"Rojas, Miguel",500743,21,15.5,38.1,114.2,92.5,83.6,93.8,93.1,390,187,385.0,11,52.4,2,9.5,8.7
"Pop, Zach",647315,21,11.1,23.8,108.3,93.3,87.2,92.2,94.3,399,160,,10,47.6,1,4.8,3.2
"Trivino III, Lou",642152,21,12.8,42.9,105.4,85.3,73.5,93.5,78.1,395,169,395.0,8,38.1,1,4.8,2.8
"Wilson, Weston",642215,21,21.9,52.4,108.2,86.0,74.6,89.0,77.9,418,217,402.0,7,33.3,1,4.8,4.8
"Williamson, Ben",810938,20,25.4,35.0,108.5,92.9,86.0,94.3,96.4,406,228,406.0,8,40.0,1,5.0,4.8
"Kelly, Michael",547184,20,18.8,55.0,106.6,88.3,73.6,92.0,87.4,394,174,394.0,9,45.0,3,15.0,9.4
"Mills, Wyatt",670090,20,15.5,25.0,106.7,89.7,81.9,91.1,88.3,314,154,,5,25.0,0,0.0,0.0
"Pushard, Matt",690155,20,13.1,40.0,106.0,89.2,79.5,91.4,85.1,364,182,,10,50.0,0,0.0,0.0
"Horton, Cade",690990,20,4.3,25.0,110.0,85.8,72.8,97.0,77.7,364,108,364.0,7,35.0,1,5.0,3.8
"Corniell, Jose",692030,20,25.6,35.0,107.2,91.5,82.9,93.2,86.1,395,234,381.0,9,45.0,2,10.0,7.1
"McCann, James",543510,20,8.0,35.0,111.6,94.9,87.0,101.4,89.1,415,176,353.0,8,42.1,4,20.0,17.4
"Hedges, Austin",595978,19,15.0,21.1,105.9,90.2,83.6,91.3,92.4,357,150,,5,26.3,0,0.0,0.0
"Brebbia, John",605154,19,22.3,47.4,109.2,89.5,79.3,90.0,88.3,453,210,452.0,8,42.1,2,10.5,9.5
"Straw, Myles",664702,19,8.6,26.3,104.9,83.2,72.2,91.9,80.9,409,125,409.0,5,26.3,1,5.3,5.0
"Vaughn, Andrew",683734,19,20.6,52.6,106.9,91.1,82.5,92.2,89.4,416,221,398.0,7,36.8,3,15.8,11.5
"Martin, Riley",702303,19,26.2,21.1,108.1,90.9,81.2,93.1,94.7,406,158,406.0,8,42.1,1,5.3,3.1
"Johnson, Ty",694494,19,24.5,52.6,113.7,86.8,75.1,90.6,69.5,405,224,405.0,6,31.6,2,10.5,5.9
"Durán, Rodolfo",660710,18,22.0,33.3,106.5,89.3,81.1,92.8,86.0,412,207,400.0,6,33.3,3,16.7,15.8
"Raya, Marco",694397,18,10.3,38.9,104.0,87.0,76.5,85.7,88.6,384,157,384.0,5,27.8,1,5.6,4.0
"Zimmermann, Bruce",669145,18,22.6,33.3,108.3,87.2,76.6,87.0,93.0,358,179,,5,27.8,0,0.0,0.0
"Santos, Gregory",666619,18,1.7,38.9,108.3,91.6,80.2,97.6,89.8,359,152,,10,55.6,0,0.0,0.0
"Rashi, Taylor",688497,18,11.7,38.9,103.7,89.2,78.1,90.0,88.2,406,167,406.0,9,50.0,1,5.6,3.8
"Cook, Alex",702047,17,26.7,47.1,105.2,89.6,81.1,95.4,82.6,410,229,410.0,6,35.3,1,5.9,4.2
"Heasley, Jonathan",669169,17,16.8,41.2,109.9,95.1,88.3,96.7,91.2,419,223,409.0,10,58.8,2,11.8,10.5
"Rainey, Tanner",663432,16,24.2,43.8,104.1,84.9,74.7,91.2,75.2,341,210,,3,18.8,0,0.0,0.0
"Martin, Corbin",656686,16,22.9,25.0,106.8,93.3,85.1,98.7,95.2,412,173,412.0,9,56.3,2,12.5,8.0
"Burgos, Juan",686228,16,27.7,12.5,104.0,84.6,72.0,98.6,80.5,371,125,,4,25.0,1,6.3,5.9
"Hamilton, Ian",641656,16,-1.0,31.3,109.6,93.0,82.3,99.1,88.2,373,119,,8,50.0,0,0.0,0.0
"Snelling, Robby",702281,16,7.6,37.5,106.5,88.5,75.7,100.2,76.6,403,149,403.0,7,43.8,1,6.3,4.5
"Miller, Bobby",676272,16,7.0,31.3,106.7,92.6,82.8,97.8,88.5,395,136,376.0,8,50.0,2,12.5,8.3
"Cellucci, Brendan",676454,16,24.1,31.3,105.4,90.7,83.8,91.2,92.9,398,214,,5,31.3,1,6.3,3.3
"Higashioka, Kyle",543309,16,19.1,62.5,106.9,95.5,89.7,94.9,98.4,390,236,390.0,10,62.5,2,12.5,11.1
"Rodríguez, Manuel",655889,15,10.7,33.3,111.8,91.4,82.1,92.9,86.9,383,133,383.0,5,33.3,1,6.7,3.2
"Emanuel, Kent",592288,15,19.7,33.3,107.1,91.4,81.7,95.3,87.3,391,183,,6,40.0,1,6.7,4.3
"Garrett, Braxton",666129,15,22.2,33.3,111.0,85.6,72.2,85.0,88.0,380,168,,4,26.7,2,13.3,7.1
"Monteverde, Patrick",687287,15,29.1,40.0,100.2,88.6,81.7,87.6,89.5,393,224,393.0,5,33.3,1,6.7,5.6
"Casparius, Ben",676508,15,20.0,40.0,104.4,88.8,80.8,88.9,88.3,369,205,361.0,4,26.7,2,13.3,8.7
"Go, Woo-Suk",808970,15,9.8,26.7,110.6,94.9,86.3,101.0,87.9,408,190,396.0,8,53.3,3,20.0,13.6
"Roxby, Braxton",694820,14,9.5,21.4,106.4,87.3,75.9,87.7,87.1,331,126,,7,50.0,0,0.0,0.0
"Wantz, Andrew",681806,14,19.6,50.0,113.2,87.0,75.7,95.2,78.8,431,209,431.0,5,35.7,1,7.1,5.0
"Jacob, Alek",689690,14,22.0,14.3,106.2,85.5,73.5,89.1,82.9,388,163,361.0,5,35.7,1,7.1,4.3
"Tiedemann, Ricky",694357,14,18.5,50.0,107.2,88.4,80.7,89.6,91.1,338,172,,4,28.6,0,0.0,0.0
"Fleming, Josh",676596,14,8.9,14.3,108.5,92.4,81.5,102.3,86.9,438,140,438.0,9,64.3,1,7.1,5.6
"Baumler, Carter",691945,14,20.9,35.7,107.0,91.8,82.5,97.0,81.7,401,193,401.0,7,50.0,1,7.1,3.7
"Muñoz, Roddery",682610,13,19.6,38.5,111.7,95.5,88.9,100.0,91.8,404,224,374.0,10,76.9,2,15.4,8.0
"Oviedo, Johan",670912,13,16.4,38.5,110.2,92.4,81.9,99.2,89.6,408,180,376.0,8,61.5,3,23.1,16.7
"Raquet, Nick",675919,13,20.8,46.2,102.7,88.6,80.7,90.2,90.8,361,210,361.0,4,30.8,1,7.7,5.9
"Fernández, Julian",642759,13,28.2,23.1,104.5,91.2,82.0,93.4,89.8,396,206,396.0,7,53.8,1,7.7,5.6
"Eder, Jake",671109,13,23.3,53.8,105.4,95.3,88.7,96.8,91.9,392,246,,9,69.2,4,30.8,26.7
"Kelly, Carson",608348,13,32.1,30.8,104.7,88.7,79.1,96.6,92.6,446,203,435.0,4,30.8,2,15.4,15.4
"Wiemer, Joey",686894,13,25.9,53.8,104.0,90.6,84.2,92.1,94.3,385,227,385.0,4,30.8,1,7.7,6.3
"Vargas, Ildemaro",545121,13,23.2,46.2,100.4,89.6,83.7,93.0,86.4,361,216,,4,30.8,1,7.7,5.9
"Lucchesi, Joey",664192,13,3.5,30.8,106.6,95.2,89.0,99.1,93.4,407,128,407.0,9,69.2,2,15.4,8.3
"Herz, DJ",687792,13,23.2,46.2,107.8,86.9,74.5,96.4,72.3,426,204,426.0,6,46.2,3,23.1,15.8
"Harvey, Hunter",640451,13,8.9,38.5,109.0,93.2,86.4,95.2,90.8,402,171,380.0,5,38.5,3,23.1,16.7
"Castro, Kervin",665645,13,5.2,46.2,111.9,92.5,85.0,101.2,91.9,346,149,,4,30.8,0,0.0,0.0
"Solesky, Chase",686678,12,10.2,41.7,103.0,89.4,79.7,100.1,81.8,419,161,419.0,4,33.3,1,8.3,5.9
"Gray, Josiah",680686,12,18.2,25.0,102.4,87.8,79.2,90.6,83.6,329,162,,3,25.0,0,0.0,0.0
"Frazier, Adam",624428,12,7.9,33.3,100.9,80.2,66.2,82.1,76.5,398,151,398.0,4,33.3,0,0.0,0.0
"Criswell, Jeff",676105,12,15.6,41.7,107.5,84.8,72.3,95.3,78.5,434,184,434.0,3,25.0,2,16.7,11.1
"Rivas, Leo",660844,12,19.2,58.3,105.1,95.6,90.1,95.6,95.7,390,243,373.0,8,66.7,3,25.0,23.1
"Stratton, Hunter",676702,12,1.7,33.3,106.7,87.0,75.9,95.9,83.5,286,130,,3,25.0,0,0.0,0.0
"Spiers, Carson",686730,12,18.4,16.7,108.9,92.0,79.9,91.6,94.1,440,149,412.0,7,58.3,3,25.0,17.6
"Aguiar, Julian",687924,11,19.0,45.5,99.5,82.6,70.7,83.1,86.3,366,169,,4,36.4,0,0.0,0.0
"Rodríguez, José",692064,11,20.9,45.5,105.6,83.8,70.1,89.1,75.1,352,171,,3,27.3,0,0.0,0.0
"Torrens, Luis",620443,11,8.9,27.3,104.0,82.5,69.6,94.2,68.4,386,158,383.0,4,36.4,1,9.1,9.1
"Callihan, Tyler",682997,11,20.6,27.3,101.5,91.8,85.2,90.3,97.3,389,206,,6,54.5,0,0.0,0.0
"Hopkins, Brody",811315,11,10.9,36.4,101.6,85.3,75.9,93.1,71.6,359,181,359.0,3,27.3,0,0.0,0.0
"Sánchez, Gary",596142,10,-0.3,20.0,102.6,88.3,78.7,82.6,90.0,246,75,,4,44.4,0,0.0,0.0
"Cerantola, Eric",672021,10,9.0,20.0,103.3,89.6,79.8,92.8,86.4,393,167,366.0,6,60.0,2,20.0,7.1
"Velasquez, Vince",592826,10,30.8,10.0,101.1,85.8,74.8,87.4,92.3,328,168,,3,30.0,0,0.0,0.0
"Pannone, Thomas",623381,10,5.1,70.0,102.9,88.2,78.0,91.3,83.6,411,189,411.0,3,30.0,1,10.0,7.1
"Ramos, Wilkin",678576,10,4.1,50.0,102.4,89.5,79.5,86.2,92.9,335,146,,5,50.0,0,0.0,0.0
"Edwards Jr., Carl",605218,10,15.9,40.0,102.8,93.6,87.8,94.3,92.7,392,204,392.0,4,40.0,1,10.0,4.0
"Koss, Christian",683766,10,13.0,40.0,102.4,91.2,85.5,90.3,92.5,361,170,,3,30.0,1,10.0,10.0
"Mateo, Jorge",622761,10,27.4,40.0,101.5,85.5,78.2,84.8,88.4,306,209,,2,20.0,0,0.0,0.0
"Simpson, Jared",688692,9,11.1,66.7,106.7,91.1,83.7,92.0,87.6,348,176,,2,22.2,0,0.0,0.0
"Jackson, Alex",656577,9,26.3,11.1,98.9,81.0,69.4,94.6,66.2,401,201,388.0,2,22.2,1,11.1,10.0
"Cannon, Jonathan",686563,9,11.2,33.3,109.5,87.5,79.0,92.2,78.0,399,197,,2,22.2,1,11.1,5.6
"McKinstry, Zach",656716,9,27.1,22.2,98.6,88.6,82.2,93.3,86.7,388,218,388.0,4,44.4,0,0.0,0.0
"Hernández, Carlos",672578,9,10.0,66.7,106.0,92.4,83.8,94.9,83.6,396,230,392.0,5,55.6,2,22.2,14.3
"Lonsway, Seth",675920,9,0.8,11.1,105.5,93.0,85.5,84.4,95.8,283,67,,4,44.4,0,0.0,0.0
"Castellano, Eiberson",682769,9,0.3,44.4,105.4,92.6,83.9,96.2,89.8,264,113,,4,44.4,0,0.0,0.0
"Acuña, Luisangel",682668,9,7.8,22.2,99.4,92.2,88.9,95.1,89.9,351,156,351.0,2,22.2,0,0.0,0.0
"Seelinger, Matt",676910,9,16.1,33.3,107.1,91.1,83.3,97.3,78.5,403,238,387.0,4,44.4,2,22.2,13.3
"Del Castillo, Adrian",680728,9,31.0,77.8,105.8,88.8,77.9,96.1,,391,225,,6,66.7,1,11.1,10.0
"Robles, Victor",645302,8,14.2,50.0,103.0,93.1,87.6,94.4,90.9,337,192,,3,37.5,0,0.0,0.0
"Andrews, Tanner",681084,8,6.4,25.0,99.4,80.1,67.1,92.6,72.9,387,143,,2,25.0,1,12.5,9.1
"Muñoz, Rolddy",691548,8,-5.9,25.0,108.1,94.2,83.8,101.6,91.8,380,122,380.0,5,62.5,2,25.0,16.7
"Keller, Brian",662144,8,22.1,62.5,109.0,94.5,86.8,95.2,92.4,430,275,430.0,3,37.5,2,25.0,18.2
"Strowd, Kade",669704,8,14.5,62.5,105.4,88.0,79.1,87.6,90.7,340,162,,2,25.0,0,0.0,0.0
"Rutledge, Jackson",671131,8,3.4,25.0,104.2,85.2,73.8,90.4,83.4,401,107,,3,37.5,1,12.5,8.3
"Brzykcy, Zach",694350,8,1.3,12.5,102.7,91.6,84.2,95.9,90.2,284,95,,3,37.5,0,0.0,0.0
"Richardson, Lyon",680689,8,6.1,25.0,106.4,88.8,79.1,106.4,86.0,409,142,407.0,2,25.0,2,25.0,12.5
"Uberstine, Tyler",700413,8,22.8,50.0,103.6,87.4,76.1,88.5,79.8,384,229,384.0,3,37.5,1,12.5,9.1
"Rincon, Hancel",684516,8,13.3,62.5,103.7,87.5,76.6,87.6,87.4,428,196,,3,37.5,2,25.0,18.2
"Ryan, River",689981,8,13.9,62.5,109.3,91.1,80.4,91.2,90.8,337,204,,3,37.5,0,0.0,0.0
"Kriske, Brooks",621139,8,37.3,25.0,108.1,88.1,77.3,102.0,93.9,266,116,,3,37.5,1,12.5,10.0
"Walston, Blake",686796,8,12.8,50.0,107.7,85.7,75.0,91.8,79.5,416,186,,1,12.5,1,12.5,7.7
"Murdock, Noah",668716,8,0.1,0.0,108.6,90.6,81.0,97.3,88.3,347,100,,5,62.5,0,0.0,0.0
"Eflin, Zach",621107,8,8.7,12.5,107.3,99.1,92.6,102.1,97.3,393,171,393.0,6,75.0,2,25.0,11.8
"Pagés, Pedro",686780,7,19.0,28.6,108.4,95.2,88.9,94.4,96.4,379,225,367.0,3,42.9,2,28.6,28.6
"Buttó, José",676130,7,10.8,42.9,108.0,84.2,70.8,89.4,52.8,414,234,404.0,3,42.9,1,14.3,6.3
"Blach, Ty",621389,7,1.7,28.6,100.0,93.9,89.9,90.0,95.5,305,108,,4,57.1,0,0.0,0.0
"Rogers, Jake",668670,7,17.0,42.9,101.9,85.1,75.4,97.9,83.4,288,128,,2,28.6,0,0.0,0.0
"Johnston, Troy",687859,7,19.7,0.0,101.1,89.2,82.5,84.2,94.9,302,124,,3,42.9,0,0.0,0.0
"Kennedy, Buddy",671083,7,13.7,42.9,100.3,93.7,90.1,93.0,94.5,373,196,,3,42.9,1,14.3,11.1
"Adams, Blake",687060,7,17.0,57.1,108.7,93.7,84.5,93.2,96.9,420,236,420.0,4,57.1,2,28.6,22.2
"Herrera, Welinton",700327,7,16.9,28.6,103.4,94.6,90.4,92.4,100.3,356,216,,4,57.1,0,0.0,0.0
"Gonsolin, Tony",664062,7,-14.8,28.6,109.1,78.9,62.5,104.1,62.5,373,106,373.0,2,28.6,1,14.3,6.7
"Santos, Winston",692437,7,31.2,57.1,101.9,82.6,77.2,84.9,83.6,400,225,400.0,1,14.3,1,14.3,11.1
"Teodo, Emiliano",693713,7,16.4,28.6,109.2,91.5,82.3,103.9,82.8,382,171,,3,42.9,0,0.0,0.0
"Taylor, Troy",700187,7,4.3,14.3,103.3,83.7,73.0,86.1,81.8,385,149,,2,28.6,1,14.3,10.0
"Torres, Bryan",663494,7,18.0,57.1,108.2,95.2,89.9,94.3,100.2,357,211,,4,57.1,0,0.0,0.0
"Lopez, Nicky",670032,6,13.3,33.3,97.8,85.1,73.7,96.2,91.1,223,94,,2,33.3,0,0.0,0.0
"Wade Jr., LaMonte",664774,6,19.6,33.3,106.1,96.2,90.3,94.4,99.7,383,232,363.0,4,66.7,1,16.7,16.7
"Moore, Dylan",664238,6,16.1,33.3,98.0,72.9,59.4,98.0,69.0,288,117,,1,20.0,0,0.0,0.0
"Nikhazy, Doug",680951,6,-8.3,0.0,112.7,89.0,75.7,83.5,90.1,206,50,,2,33.3,0,0.0,0.0
"Bautista, Félix",642585,6,14.2,66.7,105.7,96.2,92.0,98.3,85.6,384,238,351.0,4,66.7,1,16.7,10.0
"Hendrickson, Josh",681973,6,19.1,33.3,103.0,98.0,95.3,99.1,95.9,306,181,,4,66.7,0,0.0,0.0
"Holman, Grant",680880,6,11.2,50.0,100.3,91.8,85.1,95.0,85.3,378,195,,3,50.0,1,16.7,14.3
"Ponce, Cody",664074,6,6.1,33.3,101.5,87.9,78.8,93.5,82.3,354,164,,2,33.3,0,0.0,0.0
"Estévez, Carlos",608032,5,23.3,40.0,106.6,94.7,87.8,101.9,103.5,386,203,386.0,4,80.0,1,20.0,14.3
"Monasterio, Andruw",655316,5,30.1,80.0,104.8,91.4,86.8,94.6,,402,301,380.0,1,20.0,1,20.0,12.5
"Duran, Carlos",679922,5,-3.4,40.0,92.2,75.9,67.7,92.2,71.8,271,87,,0,0.0,0,0.0,0.0
"Tromp, Chadwick",644433,5,22.5,40.0,101.0,90.8,84.8,96.6,67.8,372,249,372.0,3,60.0,0,0.0,0.0
"Bowden, Ben",641386,5,25.9,40.0,112.4,88.6,78.3,87.0,95.7,334,180,,2,40.0,1,20.0,12.5
"Flores Jr., Rafael",804668,5,17.2,40.0,102.4,97.1,94.3,94.3,101.3,292,176,,4,80.0,0,0.0,0.0
"Peterson, Austin",804926,5,-3.8,20.0,98.3,87.8,81.5,94.0,86.3,353,94,,3,60.0,0,0.0,0.0
"Díaz, Jhonathan",646242,5,11.8,20.0,107.6,87.9,79.0,100.7,79.6,420,141,420.0,1,20.0,1,20.0,16.7
"Schuemann, Max",680474,4,22.4,50.0,94.3,88.0,82.2,85.9,94.3,302,243,,0,0.0,0,0.0,0.0
"Hernández, Enrique",571771,4,29.7,50.0,106.3,92.4,84.3,92.4,,371,326,,1,25.0,1,25.0,25.0
"Espada, Jose",664744,4,12.2,0.0,104.3,95.4,87.5,96.1,94.6,301,157,,2,50.0,0,0.0,0.0
"Tena, José",677588,4,8.1,25.0,100.0,94.5,91.4,95.3,94.2,318,137,,2,50.0,0,0.0,0.0
"Little, Luke",681432,4,-2.5,25.0,107.8,90.0,72.5,107.8,84.1,406,143,406.0,2,50.0,1,25.0,20.0
"Martinez, Seth",661527,4,13.0,50.0,99.9,82.8,67.4,98.1,54.7,284,181,,2,50.0,0,0.0,0.0
"Pereda, Jhonny",640902,4,14.4,50.0,106.1,82.8,64.3,101.2,67.8,363,176,363.0,2,50.0,1,25.0,25.0
"Rojas, Josh",668942,4,24.4,50.0,89.7,78.4,67.4,84.6,59.8,241,184,,0,0.0,0,0.0,0.0
"Cornielle, Alexander",529017,4,11.3,50.0,105.1,98.9,93.0,100.7,93.6,384,258,368.0,2,50.0,2,50.0,28.6
"Salazar, César",663967,4,38.3,0.0,98.1,80.1,70.7,86.9,80.9,363,157,363.0,1,25.0,0,0.0,0.0
"Meyers, Jake",676694,3,-12.4,0.0,102.5,89.0,82.3,,89.0,97,45,,2,66.7,0,0.0,0.0
"Maile, Luke",571912,3,21.7,0.0,92.0,86.2,83.3,85.6,87.5,309,194,,0,0.0,0,0.0,0.0
"Herget, Kevin",643361,3,18.9,33.3,99.6,93.6,90.7,90.7,99.6,335,216,,1,33.3,0,0.0,0.0
"Arcia, Orlando",606115,3,3.6,33.3,92.2,88.4,86.4,89.0,88.0,283,116,,0,0.0,0,0.0,0.0
"Kingham, Nolan",663884,3,19.6,33.3,92.1,83.7,79.6,79.6,92.1,323,194,,0,0.0,0,0.0,0.0
"Ríos, Yacksel",605441,3,18.9,33.3,106.6,90.8,82.9,89.6,93.3,286,209,,1,33.3,0,0.0,0.0
"Marte, Yunior",628708,3,21.7,100.0,98.4,87.1,81.4,87.1,,322,273,,1,33.3,0,0.0,0.0
"Burkhalter, Blake",686628,3,29.9,66.7,102.0,93.4,89.1,93.4,,334,290,,2,66.7,0,0.0,0.0
"McGuire, Reese",624512,3,53.2,0.0,92.1,84.0,79.9,88.3,,329,212,,0,0.0,0,0.0,0.0
"Short, Zack",670097,3,9.6,33.3,86.7,83.8,82.4,83.4,84.7,318,158,,0,0.0,0,0.0,0.0
"Ross, Dylan",697811,3,28.1,33.3,86.3,62.6,50.7,,68.0,100,61,,0,0.0,0,0.0,0.0
"Higgins, P.J.",664731,2,55.1,0.0,79.5,78.0,76.6,79.5,,231,202,,0,0.0,0,0.0,0.0
"Schmidt, Clarke",657376,2,25.1,100.0,70.5,68.4,66.2,68.4,,230,206,,0,0.0,0,0.0,0.0
"Brooks, Aaron",605156,2,56.9,50.0,98.5,85.7,73.0,98.5,,375,211,375.0,1,50.0,1,50.0,25.0
"Zuñiga, Guillo",670871,2,51.8,0.0,81.4,59.9,38.3,81.4,,283,172,,0,0.0,0,0.0,0.0
"Kelly, Antoine",681520,2,4.3,0.0,101.8,99.4,97.0,,99.4,112,93,,2,100.0,0,0.0,0.0
"White, Josh",687985,2,35.1,50.0,109.0,94.8,80.6,94.8,,433,349,433.0,1,50.0,1,50.0,12.5
"Haggerty, Sam",664059,2,-29.6,0.0,70.5,70.2,69.9,,70.2,8,6,,0,0.0,0,0.0,0.0
"McDougal, Tanner",701780,1,-48.0,0.0,80.5,80.5,80.5,,80.5,2,2,,0,0.0,0,0.0,0.0
"La Sorsa, Joe",686747,1,30.1,100.0,104.0,104.0,104.0,104.0,,411,411,411.0,1,100.0,1,100.0,50.0
"Weston, Cameron",687721,1,1.5,0.0,99.6,99.6,99.6,,99.6,62,62,,1,100.0,0,0.0,0.0
