"last_name, first_name",player_id,team_id,team,position,age,competitive_runs,bolts,hp_to_1b,sprint_speed
"Pinckney, Andrew",687605,120,WSH,LF,25,5,8.0,,31.0
"Cauley, Cam",695508,140,TEX,CF,23,24,16.0,4.09,30.5
"Bolte, Henry",703607,133,ATH,CF,22,199,118.0,4.18,30.5
"Jorge, Carlos",699115,113,CIN,CF,22,16,12.0,,30.4
"White, Eli",642201,111,BOS,RF,32,108,54.0,4.19,30.3
"Mateo, Jorge",622761,139,TB,SS,31,75,36.0,4.14,30.2
"Troy, Tommy",694371,109,AZ,LF,24,55,30.0,4.16,30.1
"Witt Jr., Bobby",677951,118,KC,SS,26,242,94.0,4.17,30.1
"Siri, Jose",642350,108,LAA,CF,30,83,31.0,4.24,30.0
"Cox, Jonah",813841,137,SF,CF,24,50,30.0,4.18,30.0
"McCarthy, Jake",664983,115,COL,LF,28,265,109.0,4.17,30.0
"Turner, Trea",607208,143,PHI,SS,33,236,98.0,4.24,29.9
"Griffin, Konnor",804606,134,PIT,SS,20,139,55.0,4.27,29.9
"Ruiz, Esteury",665923,146,MIA,RF,27,72,29.0,4.3,29.9
"Mitchell, Garrett",669003,158,MIL,CF,27,217,72.0,4.07,29.8
"Acuña, Luisangel",682668,145,CWS,SS,24,106,43.0,4.22,29.8
"Scott II, Victor",687363,138,STL,CF,25,75,31.0,4.16,29.7
"Morabito, Nick",703492,121,NYM,LF,23,13,5.0,,29.7
"Straw, Myles",664702,141,TOR,CF,31,122,39.0,4.14,29.7
"Buxton, Byron",621439,142,MIN,CF,32,112,36.0,4.15,29.7
"Nuñez, Nasim",683083,120,WSH,2B,25,189,69.0,4.17,29.7
"Carroll, Corbin",682998,109,AZ,RF,25,224,62.0,4.12,29.7
"Helman, Michael",680737,140,TEX,CF,30,8,3.0,,29.7
"Eaton, Nate",681987,111,BOS,LF,29,19,7.0,,29.6
"Crawford, Justin",702222,143,PHI,CF,22,218,80.0,4.16,29.6
"Bowen, Jase",687749,135,SD,RF,25,34,10.0,4.32,29.6
"Dunn, Blake",694362,113,CIN,CF,27,58,27.0,4.21,29.6
"Mangum, Jake",663968,134,PIT,CF,30,218,66.0,4.04,29.6
"Crow-Armstrong, Pete",691718,112,CHC,CF,24,198,43.0,4.26,29.5
"Hill, Derek",656537,143,PHI,CF,30,65,17.0,4.29,29.5
"Fernandez, Jose",699912,109,AZ,1B,22,76,9.0,4.36,29.5
"McCray, Grant",687529,137,SF,RF,25,33,12.0,4.2,29.5
"Hamilton, David",666152,158,MIL,3B,28,131,64.0,4.04,29.5
"Ewing, A.J.",805999,121,NYM,CF,21,159,52.0,4.16,29.4
"Simpson, Chandler",802415,139,TB,LF,25,347,122.0,3.97,29.4
"Lile, Daylen",695734,120,WSH,LF,23,208,36.0,4.21,29.4
"Lombard Jr., George",806146,147,NYY,SS,21,74,14.0,4.23,29.3
"Misner, Kameron",670224,118,KC,CF,28,8,,,29.3
"Cook, Billy",695257,134,PIT,CF,27,25,5.0,,29.3
"Peña, Jeremy",665161,117,HOU,SS,28,179,33.0,4.33,29.3
"Crews, Dylan",686611,120,WSH,RF,24,161,8.0,4.29,29.3
"Teodosio, Bryce",669326,108,LAA,LF,27,28,4.0,4.24,29.3
"DeLuca, Jonny",676356,139,TB,RF,27,158,44.0,4.28,29.3
"Taylor, Samad",669392,135,SD,LF,27,62,6.0,4.22,29.2
"Tolbert, Tyler",686475,118,KC,SS,28,62,6.0,4.28,29.3
"Báez, Joshua",695491,138,STL,LF,23,34,7.0,4.36,29.2
"Doyle, Brenton",686668,145,CWS,CF,28,82,14.0,4.32,29.2
"Smith, Cam",701358,117,HOU,RF,23,198,30.0,4.38,29.2
"Lockridge, Brandon",663604,158,MIL,LF,29,52,8.0,4.31,29.2
"Taylor, Tyrone",621438,112,CHC,LF,32,97,6.0,4.45,29.2
"Hicklen, Brewer",676551,144,ATL,RF,30,25,3.0,,29.2
"Walker, Jordan",691023,138,STL,RF,24,225,31.0,4.35,29.1
"Young, Jacob",696285,120,WSH,CF,26,181,27.0,4.3,29.1
"Ortiz, Joey",687401,158,MIL,SS,27,169,19.0,4.28,29.1
"Thomas, Lane",657041,144,ATL,CF,30,128,16.0,4.39,29.1
"Marte, Noelvi",682622,113,CIN,RF,24,81,6.0,4.36,29.1
"Waldschmidt, Ryan",814439,109,AZ,CF,23,97,4.0,4.29,29.1
"Shaw, Matt",807713,112,CHC,RF,24,71,4.0,4.31,29.0
"Beavers, Dylan",687637,110,BAL,LF,24,104,5.0,4.22,29.1
"Duran, Jarren",680776,111,BOS,LF,29,189,14.0,4.23,29.0
"Merrill, Jackson",701538,135,SD,CF,23,218,23.0,4.22,29.0
"Cheng, Tsung-Che",691907,111,BOS,SS,24,14,1.0,,29.0
"Tatis Jr., Fernando",665487,135,SD,RF,27,270,38.0,4.3,29.0
"Koss, Christian",683766,137,SF,SS,28,91,3.0,4.32,29.0
"Jones, Spencer",682987,147,NYY,CF,25,77,11.0,4.27,28.9
"Rafaela, Ceddanne",678882,111,BOS,CF,25,245,31.0,4.14,29.0
"Harris, Dustin",687957,135,SD,LF,26,70,,4.16,29.0
"Taveras, Leody",665750,110,BAL,CF,27,160,38.0,4.24,28.9
"Malgeri, Ben",701162,116,DET,RF,26,56,3.0,4.3,28.9
"Carter, Evan",694497,140,TEX,CF,23,137,44.0,4.15,28.9
"Pratt, Cooper",806198,158,MIL,SS,21,110,4.0,4.42,28.9
"Duran, Ezequiel",677649,140,TEX,SS,27,220,15.0,4.28,28.9
"Robert Jr., Luis",673357,110,BAL,CF,28,75,6.0,4.34,28.9
"Furman, Nate",801501,137,SF,2B,24,14,2.0,,28.9
"McAdoo, Charles",807727,141,TOR,2B,24,41,,4.41,28.9
"Wiemer, Joey",686894,120,WSH,RF,27,31,1.0,4.27,28.9
"Holliday, Jackson",702616,110,BAL,2B,22,117,7.0,4.24,28.9
"Chourio, Jackson",694192,158,MIL,LF,22,189,46.0,4.22,28.9
"Rave, John",670231,118,KC,RF,28,58,10.0,4.23,28.8
"Meckler, Wade",685133,108,LAA,LF,26,146,32.0,4.12,28.8
"Gonzales, Nick",693304,134,PIT,3B,27,255,12.0,4.32,28.8
"Arroyo, Edwin",695490,113,CIN,2B,22,43,1.0,4.27,28.8
"Ross, Ben",805346,142,MIN,SS,25,7,,,28.8
"Gelof, Zack",680869,133,ATH,3B,26,152,12.0,4.34,28.8
"Hinds, Rece",677956,110,BAL,RF,25,22,,,28.8
"Benson, Will",666181,113,CIN,RF,28,24,6.0,,28.8
"Keaschall, Luke",807712,142,MIN,2B,23,231,1.0,4.25,28.8
"Kim, Hyeseong",808975,119,LAD,SS,27,52,,4.09,28.8
"Bateman, Brett",703520,141,TOR,CF,24,83,4.0,4.12,28.8
"Domínguez, Jasson",691176,147,NYY,RF,23,71,13.0,4.27,28.8
"Frelick, Sal",686217,158,MIL,RF,26,185,22.0,4.25,28.7
"Serna, Jared",691858,146,MIA,2B,24,11,,,28.7
"Morales, Yohandy",691002,120,WSH,1B,24,17,,,28.7
"Rodríguez, Julio",677594,136,SEA,CF,25,215,28.0,4.35,28.7
"McLain, Matt",680574,113,CIN,2B,26,120,,4.3,28.7
"Perkins, Blake",663368,158,MIL,CF,29,51,3.0,4.29,28.7
"Carrigg, Cole",694249,115,COL,CF,24,128,7.0,4.24,28.7
"Simon, Ronny",682927,134,PIT,RF,26,27,2.0,4.26,28.7
"Lawlar, Jordan",691783,109,AZ,CF,23,34,8.0,4.4,28.7
"Sosa, Edmundo",624641,143,PHI,LF,30,94,12.0,4.41,28.7
"Peters, Tristan",671976,145,CWS,CF,26,192,7.0,4.27,28.7
"Clarke, Denzel",672016,133,ATH,CF,26,37,4.0,4.33,28.7
"Trout, Mike",545361,108,LAA,CF,34,172,7.0,4.42,28.6
"Matthews, Brice",694728,117,HOU,CF,24,67,1.0,4.36,28.6
"Raley, Luke",670042,136,SEA,RF,31,78,,4.31,28.6
"Clark, Max",703601,116,DET,CF,21,72,2.0,4.23,28.6
"Sanoja, Javier",691594,146,MIA,3B,23,232,27.0,4.25,28.6
"Vargas, Miguel",678246,145,CWS,3B,26,191,4.0,4.37,28.6
"Benge, Carson",701807,121,NYM,RF,23,219,12.0,4.27,28.6
"Peraza, Oswald",672724,108,LAA,2B,26,122,,4.39,28.6
"Rodden, Brock",801126,136,SEA,SS,26,21,,,28.6
"Halpin, Petey",690984,114,CLE,CF,24,59,1.0,4.33,28.6
"Fulford, Braxton",690924,115,COL,C,27,21,1.0,,28.6
"Rosario, Amed",642708,147,NYY,3B,30,78,2.0,4.4,28.6
"Lopez, Otto",672640,146,MIA,SS,27,331,5.0,4.22,28.5
"Turang, Brice",668930,158,MIL,2B,26,263,5.0,4.28,28.5
"Church, Nathan",701675,138,STL,CF,25,189,,4.24,28.5
"Cruz, Oneil",665833,134,PIT,CF,27,144,12.0,4.31,28.5
"Jones, Jahmai",663330,111,BOS,DH,28,48,,4.36,28.5
"Steer, Spencer",668715,113,CIN,1B,28,121,1.0,4.44,28.5
"Winn, Masyn",691026,138,STL,SS,24,180,4.0,4.34,28.5
"Vilade, Ryan",668723,139,TB,RF,27,90,,4.47,28.5
"Spence, Lucas",828599,117,HOU,CF,23,23,,4.23,28.5
"Workman, Gage",669398,135,SD,3B,26,13,,,28.5
"Osuna, Alejandro",696030,140,TEX,LF,23,96,,4.2,28.5
"Azócar, José",640492,144,ATL,RF,30,8,2.0,,28.4
"Barrosa, Jorge",678489,117,HOU,CF,25,51,3.0,4.19,28.4
"Dunn, Oliver",686554,139,TB,SS,28,6,1.0,,28.4
"Abrams, CJ",682928,120,WSH,SS,25,188,12.0,4.29,28.4
"Montgomery, Braden",695731,145,CWS,RF,23,173,,4.35,28.4
"Lara, Luis",800325,158,MIL,RF,21,88,5.0,4.26,28.4
"Robles, Victor",645302,136,SEA,RF,29,52,9.0,4.36,28.4
"Langeliers, Shea",669127,133,ATH,C,28,143,,4.52,28.4
"Hill, Turner",806367,137,SF,LF,27,46,,4.23,28.4
"De La Cruz, Elly",682829,113,CIN,SS,24,197,17.0,4.33,28.4
"Ramírez, Pedro",699393,112,CHC,2B,22,103,4.0,4.25,28.4
"Veen, Zac",691728,115,COL,LF,24,23,1.0,,28.4
"Alexander, Blaze",677942,110,BAL,3B,27,102,4.0,4.4,28.4
"Hernández, Teoscar",606192,119,LAD,LF,33,157,1.0,4.39,28.3
"Triolo, Jared",669707,134,PIT,SS,28,152,,4.42,28.3
"Rodriguez, Jesus",683679,137,SF,C,24,26,,4.43,28.3
"Loperfido, Joey",694388,117,HOU,LF,27,42,1.0,4.28,28.3
"De Los Santos, Deyvison",691277,146,MIA,1B,23,18,,,28.3
"Reyes, Felix",694025,143,PHI,LF,25,12,,,28.3
"Volpe, Anthony",683011,147,NYY,SS,25,90,,4.35,28.3
"Edwards, Xavier",669364,146,MIA,2B,26,229,8.0,4.22,28.3
"Hoerner, Nico",663538,112,CHC,2B,29,299,,4.36,28.3
"Bazzana, Travis",683953,114,CLE,2B,23,179,7.0,4.2,28.3
"Vierling, Matt",663837,116,DET,CF,29,93,1.0,4.5,28.3
"Chisholm Jr., Jazz",665862,147,NYY,2B,28,129,9.0,4.24,28.3
"Pages, Andy",681624,119,LAD,CF,25,190,,4.37,28.3
"Stott, Bryson",681082,143,PHI,2B,28,221,5.0,4.26,28.3
"Semien, Marcus",543760,121,NYM,2B,35,169,,4.42,28.3
"Swanson, Dansby",621020,112,CHC,SS,32,178,1.0,4.34,28.3
"Caissie, Owen",683357,146,MIA,RF,23,90,,4.3,28.3
"Haase, Eric",606992,137,SF,C,33,21,,4.48,28.3
"Adell, Jo",666176,114,CLE,RF,27,225,,4.53,28.3
"Meadows, Parker",678009,116,DET,CF,26,16,,,28.3
"Fraley, Jake",641584,139,TB,RF,31,30,1.0,4.27,28.3
"Brennan, Will",686823,137,SF,RF,28,6,,,28.3
"Genao, Angel",694197,114,CLE,2B,22,80,,4.34,28.3
"Hernández, Heriberto",681715,146,MIA,LF,26,148,,4.39,28.3
"Davidson, Bo",815589,137,SF,RF,23,12,,,28.3
"Watson, Kahlil",696135,114,CLE,RF,23,27,,4.3,28.3
"Pérez, Wenceel",672761,116,DET,RF,26,69,,4.28,28.2
"Moore, Christian",695681,108,LAA,2B,23,43,,4.49,28.2
"Johnson, Bryce",669369,135,SD,RF,30,20,1.0,,28.2
"Callahan, Brett",814430,116,DET,LF,24,22,,,28.2
"Saggese, Thomas",695336,138,STL,SS,24,64,,4.3,28.2
"McGonigle, Kevin",805808,116,DET,SS,21,242,4.0,4.35,28.2
"Shewmake, Braden",669699,158,MIL,SS,28,32,,4.43,28.2
"Thomas, Colby",687515,133,ATH,RF,25,34,,4.33,28.2
"Arroyo, Michael",703197,136,SEA,2B,21,14,,,28.2
"Rodríguez, Héctor",699302,113,CIN,RF,22,70,,4.21,28.2
"Clase, Jonatan",682729,141,TOR,LF,24,8,,,28.2
"Henderson, Gunnar",683002,110,BAL,SS,25,229,2.0,4.25,28.2
"Haggerty, Sam",664059,140,TEX,,32,16,1.0,,28.2
"Antonacci, Sam",803011,145,CWS,LF,23,249,,4.33,28.2
"Kemp, Otto",805249,143,PHI,LF,26,6,,,28.2
"House, Brady",691781,120,WSH,3B,23,132,,4.41,28.2
"Langford, Wyatt",694671,140,TEX,LF,24,149,2.0,4.36,28.2
"Reynolds, Bryan",668804,134,PIT,LF,31,234,,4.4,28.2
"Castro, Willi",650489,115,COL,2B,29,151,1.0,4.27,28.1
"Lee, Hao-Yu",701678,116,DET,2B,23,140,,4.42,28.1
"Moniak, Mickey",666160,115,COL,LF,28,115,1.0,4.37,28.1
"Ritter, Ryan",690022,115,COL,SS,25,9,,,28.1
"Clement, Ernie",676391,141,TOR,2B,30,260,4.0,4.33,28.1
"Davis, Henry",680779,134,PIT,C,26,91,,4.49,28.1
"Keith, Colt",690993,116,DET,3B,24,146,1.0,4.33,28.1
"Realmuto, J.T.",592663,143,PHI,C,35,165,,4.43,28.1
"Williamson, Ben",810938,139,TB,2B,25,130,,4.5,28.1
"Marsh, Brandon",669016,143,PHI,LF,28,182,,4.39,28.1
"Kennedy, Buddy",671083,137,SF,3B,27,8,,,28.1
"Cronenworth, Jake",630105,135,SD,2B,32,153,1.0,4.33,28.1
"Jones, Greg",675659,158,MIL,LF,28,5,5.0,,28.1
"Valdez, Esmerlyn",699013,134,PIT,RF,22,69,,4.56,28.1
"Chapman, Matt",656305,137,SF,3B,33,133,,4.44,28.1
"Sullivan, Brett",664954,115,COL,C,32,76,,4.36,28.1
"Tovar, Ezequiel",678662,115,COL,SS,24,152,,4.38,28.0
"Cowser, Colton",681297,110,BAL,CF,26,101,,4.23,28.1
"Abreu, Wilyer",677800,111,BOS,RF,27,200,4.0,4.28,28.0
"Lowe, Josh",666139,108,LAA,LF,28,79,2.0,4.32,28.1
"Black, Tyler",672012,158,MIL,DH,25,14,,,28.0
"Williams, Alika",675961,133,ATH,SS,27,100,,4.4,28.0
"Clemens, Kody",665019,142,MIN,2B,30,174,2.0,4.31,28.0
"Caballero, José",676609,147,NYY,SS,29,147,,4.29,28.0
"Loftin, Nick",679845,118,KC,3B,27,174,,4.53,28.0
"O'Neill, Tyler",641933,110,BAL,RF,31,68,,4.49,28.0
"Nishida, Rikuu",807747,145,CWS,RF,25,13,2.0,,28.0
"Norby, Connor",681393,115,COL,1B,26,127,,4.53,28.0
"Edman, Tommy",669242,119,LAD,2B,31,123,1.0,4.32,28.0
"Schmitt, Casey",669477,137,SF,LF,27,114,,4.53,28.0
"Nimmo, Brandon",607043,140,TEX,RF,33,240,8.0,4.24,28.0
"Beck, Jordan",687597,115,COL,RF,25,49,,4.42,28.0
"Outman, James",681546,116,DET,CF,29,55,1.0,4.28,28.0
"Bandura, Scott",814154,137,SF,LF,24,7,,,28.0
"Jiménez, Leo",677870,146,MIA,3B,25,72,,4.48,28.0
"Rodriguez, Emmanuel",691181,142,MIN,LF,23,15,,,28.0
"Callihan, Tyler",682997,134,PIT,RF,26,28,,,28.0
"Cole, Zach",805904,117,HOU,LF,25,15,1.0,,28.0
"Laureano, Ramón",657656,135,SD,LF,31,59,,4.3,28.0
"Happ, Ian",664023,112,CHC,LF,31,207,,4.36,28.0
"Riley, Austin",663586,144,ATL,3B,29,182,,4.52,28.0
"Ramírez, José",608070,114,CLE,3B,33,183,,4.35,27.9
"Myers, Dane",667472,113,CIN,CF,30,110,,4.43,28.0
"Suzuki, Seiya",673548,112,CHC,RF,31,200,,4.4,28.0
"Slater, Austin",596103,139,TB,RF,33,26,,4.43,27.9
"Jarvis, Jim",805347,144,ATL,SS,25,64,,4.33,27.9
"Meyers, Jake",676694,117,HOU,CF,30,58,,4.49,27.9
"Marsee, Jakob",805300,146,MIA,CF,25,165,,4.38,27.9
"Mullins, Cedric",656775,139,TB,CF,31,119,5.0,4.33,27.9
"Smith, Josh",669701,141,TOR,2B,28,73,,4.38,27.9
"McKinstry, Zach",656716,116,DET,RF,31,156,,4.31,27.9
"Mesa Jr., Victor",683748,139,TB,RF,24,84,,4.3,27.9
"Neto, Zach",687263,108,LAA,SS,25,170,,4.39,27.9
"Durbin, Caleb",702332,111,BOS,3B,26,246,,4.4,27.9
"Walls, Taylor",670764,139,TB,SS,29,145,,4.37,27.9
"Mayo, Coby",691723,110,BAL,3B,24,132,,4.46,27.9
"Perez, Junior",678577,145,CWS,LF,24,8,1.0,,27.9
"Dezenzo, Zach",701305,117,HOU,LF,26,35,,4.51,27.9
"Franklin, Christian",681047,110,BAL,LF,26,27,,4.5,27.8
"Tena, José",677588,120,WSH,DH,25,108,2.0,4.24,27.8
"Young, Cole",702284,136,SEA,2B,22,231,,4.32,27.8
"Kjerstad, Heston",677008,110,BAL,RF,27,7,,,27.8
"De La Cruz, Bryan",650559,143,PHI,RF,29,39,,4.52,27.8
"Kreidler, Ryan",668952,142,MIN,SS,28,113,,4.44,27.8
"Culpepper, Kaelen",701785,142,MIN,SS,23,46,,4.41,27.8
"Martin, Austin",668885,142,MIN,RF,27,143,,4.49,27.8
"Call, Alex",669743,119,LAD,LF,31,83,,4.36,27.8
"Wilson, Weston",642215,136,SEA,3B,31,52,,4.56,27.8
"Jensen, Carter",695600,118,KC,C,22,163,,4.37,27.8
"Williams, Carson",700246,139,TB,SS,23,10,,,27.8
"Hernaiz, Darell",687231,133,ATH,SS,24,47,,4.34,27.8
"Kuroda-Grauer, Joshua",811965,133,ATH,3B,23,40,,4.45,27.8
"Thomas, Alek",677950,119,LAD,CF,26,47,,4.28,27.8
"Adames, Willy",642715,137,SF,SS,30,132,,4.43,27.8
"Lugo, Matthew",683090,118,KC,LF,25,5,,,27.8
"Alcántara, Kevin",682634,112,CHC,DH,23,7,,,27.8
"Story, Trevor",596115,111,BOS,SS,33,95,,4.44,27.8
"Jackson, Alex",656577,142,MIN,C,30,27,,4.51,27.7
"Garcia, Jhostynxon",691373,134,PIT,CF,23,19,,4.37,27.7
"Yorke, Nick",694377,134,PIT,3B,24,44,,4.49,27.7
"Morel, Christopher",666624,121,NYM,1B,27,35,,4.49,27.7
"Schuemann, Max",680474,147,NYY,LF,29,37,,,27.7
"India, Jonathan",663697,118,KC,2B,29,14,,,27.7
"Jenkins, Walker",805805,142,MIN,CF,21,35,,4.4,27.7
"Giménez, Andrés",665926,141,TOR,SS,27,170,1.0,4.3,27.7
"Freeman, Tyler",671289,115,COL,RF,27,112,,4.5,27.7
"McCutchen, Andrew",457705,140,TEX,,39,20,,4.51,27.7
"Kim, Ha-Seong",673490,144,ATL,SS,30,44,,4.45,27.7
"Lewis, Royce",668904,142,MIN,1B,27,144,,4.36,27.7
"Ohtani, Shohei",660271,119,LAD,DH,31,186,,4.24,27.7
"Muncy, Max",691777,133,ATH,3B,23,77,,4.46,27.7
"Harris II, Michael",671739,144,ATL,CF,25,267,4.0,4.29,27.7
"Collins, Isaac",686555,118,KC,LF,28,171,1.0,4.42,27.6
"Wetherholt, JJ",802139,138,STL,2B,23,218,,4.25,27.6
"Wong, Connor",657136,111,BOS,C,30,94,,4.47,27.6
"Guzman, Denzer",694203,108,LAA,3B,22,109,,4.49,27.6
"Garcia, Maikel",672580,118,KC,3B,26,145,,4.5,27.6
"Schneemann, Daniel",682177,114,CLE,3B,29,87,,4.42,27.6
"Velázquez, Nelson",676369,117,HOU,LF,27,34,,4.47,27.6
"Thompson, Sterlin",694514,115,COL,DH,25,30,,4.43,27.6
"Peck, John",807726,116,DET,SS,23,25,,4.52,27.6
"Tawa, Tim",694374,109,AZ,1B,27,108,,4.48,27.6
"Martínez, Angel",682657,114,CLE,LF,24,161,,4.41,27.6
"Foscue, Justin",679822,140,TEX,2B,27,70,,4.46,27.6
"Altuve, Jose",514888,117,HOU,2B,36,220,19.0,4.34,27.6
"Lopez, Nicky",670032,140,TEX,2B,31,122,,4.22,27.6
"Rooker, Brent",667670,133,ATH,DH,31,47,,4.57,27.6
"Anthony, Roman",701350,111,BOS,LF,22,94,,4.41,27.6
"Millas, Drew",686452,120,WSH,C,28,57,,4.41,27.6
"Sogard, Nick",686765,111,BOS,2B,28,91,,4.43,27.6
"Pereira, Everson",677592,138,STL,RF,25,37,,4.41,27.6
"Rivas, Leo",660844,136,SEA,3B,28,42,,,27.5
"Basabe, Osleivis",678545,137,SF,2B,25,50,,4.44,27.5
"Gilbert, Drew",687551,137,SF,CF,25,140,,4.35,27.5
"Young, Jared",676724,121,NYM,1B,30,148,,4.37,27.5
"Kiner-Falefa, Isiah",643396,111,BOS,2B,31,77,,4.42,27.5
"Fairchild, Stuart",656413,114,CLE,CF,30,5,1.0,,27.5
"Mastrobuoni, Miles",670156,136,SEA,3B,30,9,,,27.5
"Ward, Taylor",621493,136,SEA,LF,32,184,,4.5,27.5
"Fermin, Freddy",666023,135,SD,C,31,80,,4.56,27.5
"Lee, Jung Hoo",808982,137,SF,RF,27,261,,4.3,27.5
"Kwan, Steven",680757,114,CLE,CF,28,279,1.0,4.29,27.5
"Bader, Harrison",664056,137,SF,CF,32,38,,4.44,27.5
"Salas, Ethan",806956,135,SD,C,20,20,,,27.5
"Nootbaar, Lars",663457,109,AZ,LF,28,116,,4.33,27.5
"Bleday, JJ",668709,113,CIN,LF,28,131,,4.42,27.5
"Durán, Rodolfo",660710,135,SD,C,28,35,,4.47,27.5
"Kayfus, CJ",692216,114,CLE,LF,24,9,,,27.4
"Yelich, Christian",592885,158,MIL,DH,34,191,3.0,4.46,27.4
"Trammell, Taylor",666211,117,HOU,LF,28,85,,4.28,27.4
"Naylor, Bo",666310,158,MIL,C,26,26,,4.42,27.4
"Varsho, Daulton",662139,117,HOU,CF,29,172,,4.29,27.4
"Andujar, Miguel",609280,135,SD,DH,31,127,,4.46,27.4
"Stubbs, Garrett",596117,143,PHI,C,33,22,,4.32,27.4
"Rocchio, Brayan",677587,114,CLE,SS,25,217,,4.5,27.4
"Mayer, Marcelo",691785,137,SF,2B,23,96,,4.45,27.3
"Burger, Jake",669394,140,TEX,1B,30,195,,4.46,27.3
"Rushing, Dalton",687221,119,LAD,C,25,67,,4.43,27.4
"Meidroth, Chase",805367,145,CWS,2B,24,261,,4.41,27.4
"Brito, Juan",682877,113,CIN,2B,24,46,,4.48,27.4
"Grichuk, Randal",545341,145,CWS,LF,34,103,,4.57,27.3
"Ibáñez, Andy",628451,121,NYM,,33,9,,,27.3
"Whitcomb, Shay",694376,137,SF,3B,27,36,,4.54,27.3
"Dingler, Dillon",693307,116,DET,C,27,202,,4.52,27.3
"Rincones Jr., Gabriel",687282,143,PHI,RF,25,28,,4.45,27.3
"Contreras, Willson",575929,111,BOS,1B,34,153,,4.61,27.3
"Isbel, Kyle",664728,118,KC,CF,29,113,,4.44,27.3
"Goodman, Hunter",696100,115,COL,C,26,139,1.0,4.56,27.3
"Bellinger, Cody",641355,147,NYY,LF,30,175,,4.23,27.3
"Short, Zack",670097,121,NYM,SS,31,10,,,27.2
"O'Hoppe, Logan",681351,140,TEX,C,26,86,,4.53,27.2
"Ramos, Heliot",671218,147,NYY,LF,26,161,,4.5,27.2
"Castellanos, Nick",592206,135,SD,RF,34,31,,4.46,27.2
"Piñango, Yohendrick",682818,141,TOR,LF,24,63,,4.49,27.2
"Torres, Bryan",663494,138,STL,LF,28,61,,4.37,27.2
"Ramírez, Agustín",682663,146,MIA,DH,24,97,,4.7,27.2
"Monasterio, Andruw",655316,111,BOS,SS,29,109,,4.49,27.2
"Kepler, Max",596146,109,AZ,LF,33,41,,4.39,27.2
"Stevens, Chad",677060,115,COL,2B,27,7,,,27.2
"Song, Sung-Mun",823550,135,SD,2B,29,62,,4.31,27.2
"Ford, Harry",695670,120,WSH,C,23,51,,4.57,27.2
"Harper, Bryce",547180,143,PHI,1B,33,221,,4.48,27.2
"Teel, Kyle",691019,145,CWS,C,24,46,,4.52,27.2
"Muncy, Max",571970,119,LAD,3B,35,159,,4.41,27.2
"Delgado, Raynel",669384,117,HOU,3B,26,18,,4.42,27.2
"Correa, Carlos",621043,117,HOU,SS,31,58,,4.61,27.2
"Melendez, MJ",669004,121,NYM,DH,27,29,,,27.2
"Cameron, Daz",663662,141,TOR,LF,29,9,,,27.2
"Acuña Jr., Ronald",660670,144,ATL,RF,28,134,1.0,4.47,27.2
"Jackson, Jeremiah",669236,110,BAL,2B,26,106,,4.66,27.2
"Wood, James",695578,120,WSH,RF,23,178,4.0,4.28,27.1
"Hays, Austin",669720,135,SD,LF,30,44,,4.49,27.1
"Smith, Will",669257,119,LAD,C,31,76,,4.57,27.1
"Lindor, Francisco",596019,121,NYM,SS,32,140,1.0,4.45,27.1
"Rengifo, Luis",650859,135,SD,3B,29,161,,4.36,27.1
"Albies, Ozzie",645277,144,ATL,2B,29,236,,4.27,27.1
"Fermín, José",665877,138,STL,3B,27,142,,4.49,27.1
"Bericoto, Victor",682674,137,SF,LF,24,46,,4.66,27.1
"Cabrera, Oswaldo",665828,113,CIN,3B,27,12,,,27.1
"Vivas, Jorbit",678391,120,WSH,2B,25,155,,4.48,27.1
"Bogaerts, Xander",593428,135,SD,SS,33,245,,4.48,27.1
"Roden, Alan",702176,142,MIN,RF,26,35,,4.48,27.1
"Arozarena, Randy",668227,136,SEA,LF,31,231,,4.41,27.1
"De Paula, Josue",800543,119,LAD,DH,21,17,,,27.1
"Wisdom, Patrick",621550,136,SEA,3B,34,6,,,27.1
"Soderstrom, Tyler",691016,133,ATH,LF,24,170,,4.42,27.1
"Yastrzemski, Mike",573262,144,ATL,LF,35,128,,4.41,27.1
"Vargas, Ildemaro",545121,109,AZ,1B,34,191,1.0,4.44,27.1
"Kelenic, Jarred",672284,140,TEX,RF,26,21,,4.37,27.1
"Báez, Javier",595879,116,DET,SS,33,89,,4.52,27.0
"Emerson, Colt",806068,136,SEA,SS,20,73,,4.37,27.0
"Caglianone, Jac",695506,118,KC,RF,23,221,,4.43,27.0
"Joe, Connor",656582,136,SEA,RF,33,12,,,27.0
"Lowe, Brandon",664040,134,PIT,2B,31,187,,4.38,27.0
"Freeman, Cody",683227,140,TEX,3B,25,34,,4.54,27.0
"Stephenson, Tyler",663886,113,CIN,C,29,113,,4.59,27.0
"Wilson, Jacob",805779,133,ATH,SS,24,150,1.0,4.49,27.0
"Refsnyder, Rob",608701,136,SEA,DH,35,32,,4.55,27.0
"Lukes, Nathan",664770,141,TOR,RF,31,205,,4.41,27.0
"Mead, Curtis",678554,111,BOS,3B,25,111,,4.67,27.0
"Keys, Sean",815873,141,TOR,1B,23,17,,,27.0
"Perdomo, Geraldo",672695,109,AZ,SS,26,247,,4.5,27.0
"Rodríguez, Endy",682848,134,PIT,C,26,43,,,27.0
"Karros, Kyle",691720,115,COL,3B,23,169,,4.62,27.0
"Hayes, Ke'Bryan",663647,113,CIN,3B,29,61,,4.6,26.9
"Murray, Tanner",695020,145,CWS,LF,26,11,,,26.9
"Freeland, Alex",690976,119,LAD,2B,24,91,,4.5,26.9
"Crooks, Jimmy",699625,138,STL,C,24,32,,4.48,26.9
"Fortes, Nick",663743,139,TB,C,29,144,,4.51,26.9
"Allen, Nick",669397,117,HOU,SS,27,74,,4.49,26.9
"Susac, Daniel",691740,137,SF,C,25,48,,4.59,26.9
"Grissom, Vaughn",687093,108,LAA,1B,25,179,,4.59,26.9
"Feduccia, Hunter",676439,119,LAD,C,29,76,,4.56,26.9
"Schneider, Davis",676914,141,TOR,LF,27,32,,4.59,26.9
"Springer, George",543807,141,TOR,DH,36,178,,4.61,26.9
"Carpenter, Kerry",681481,116,DET,RF,28,55,,4.44,26.9
"Madrigal, Nick",663611,139,TB,2B,29,33,,4.36,26.9
"Gonzalez, Romy",663853,111,BOS,DH,29,30,,4.49,26.9
"Harris, Brett",695391,137,SF,1B,28,17,,,26.9
"Bauers, Jake",641343,158,MIL,1B,30,182,,4.48,26.9
"Dubón, Mauricio",643289,144,ATL,LF,31,234,,4.44,26.8
"Baty, Brett",683146,121,NYM,3B,26,164,,4.44,26.8
"Grisham, Trent",663757,147,NYY,CF,29,150,,4.51,26.8
"Rice, Ben",700250,147,NYY,DH,27,196,,4.56,26.8
"Groover, LuJames",694410,109,AZ,1B,24,20,,4.63,26.8
"Arraez, Luis",650333,143,PHI,2B,29,255,,4.55,26.8
"Murakami, Munetaka",808959,145,CWS,1B,26,122,,4.4,26.8
"Marte, Ketel",606466,109,AZ,2B,32,215,1.0,4.48,26.8
"Conine, Griffin",665052,146,MIA,RF,28,88,,4.45,26.8
"Amador, Adael",691182,115,COL,2B,23,43,,4.52,26.8
"Matos, Luis",682641,158,MIL,RF,24,6,,,26.8
"Encarnacion-Strand, Christian",687952,110,BAL,3B,26,61,,4.61,26.8
"Arias, Gabriel",672356,112,CHC,3B,26,43,,4.63,26.8
"Urías, Ramón",602104,138,STL,3B,32,32,,4.66,26.8
"Jansen, Danny",643376,140,TEX,C,31,57,,4.63,26.7
"Caminero, Junior",691406,139,TB,3B,22,253,1.0,4.54,26.7
"Gasper, Mickey",681508,111,BOS,DH,30,82,,4.45,26.7
"Massey, Michael",686681,118,KC,2B,28,159,,4.49,26.7
"Friedl, TJ",670770,113,CIN,CF,30,74,,4.45,26.7
"Ward, Ryan",669899,119,LAD,LF,28,19,,,26.7
"Betts, Mookie",605141,119,LAD,SS,33,164,,4.57,26.7
"Judge, Aaron",592450,147,NYY,RF,34,79,,4.84,26.7
"O'Hearn, Ryan",656811,134,PIT,RF,32,151,,4.58,26.7
"Sosa, Lenyn",672820,141,TOR,2B,26,40,,4.72,26.7
"Larnach, Trevor",663616,142,MIN,LF,29,151,,4.61,26.7
"Butler, Lawrence",671732,133,ATH,RF,25,194,,4.46,26.7
"Julien, Edouard",666397,115,COL,2B,27,98,,4.55,26.7
"White, Tommy",695720,133,ATH,1B,23,80,,4.65,26.7
"Encarnacion, Jerar",666464,137,SF,RF,28,14,,,26.7
"DeLauter, Chase",800050,114,CLE,RF,24,226,,4.52,26.7
"Bart, Joey",663698,145,CWS,C,29,41,,4.69,26.6
"Kurtz, Nick",701762,133,ATH,1B,23,102,,4.47,26.6
"Mancini, Trey",641820,108,LAA,1B,34,9,,,26.6
"Hernández, Enrique",571771,119,LAD,3B,34,32,,4.54,26.6
"Palacios, Richie",680700,139,TB,2B,29,145,,4.44,26.6
"Prieto, César",693409,138,STL,3B,27,18,,4.51,26.6
"Rutschman, Adley",668939,111,BOS,C,28,141,,4.42,26.6
"Tucker, Kyle",663656,119,LAD,RF,29,185,,4.53,26.6
"Torrens, Luis",620443,121,NYM,C,30,117,,4.65,26.6
"Montgomery, Colson",695657,145,CWS,SS,24,138,,4.66,26.6
"Wagaman, Eric",676572,121,NYM,1B,28,16,1.0,4.65,26.6
"Stewart, Sal",701398,113,CIN,1B,22,211,,4.68,26.6
"Sheets, Gavin",657757,135,SD,1B,30,140,,4.51,26.6
"Greene, Riley",682985,116,DET,LF,25,179,,4.73,26.6
"Benintendi, Andrew",643217,145,CWS,DH,31,144,,4.47,26.6
"Gonzalez, Jacob",694378,134,PIT,1B,24,72,,4.55,26.5
"García, Adolis",666969,143,PHI,RF,33,68,,4.5,26.5
"Piper, Kenny",700652,139,TB,C,27,6,,,26.5
"Bohm, Alec",664761,143,PHI,3B,29,264,,4.69,26.5
"Torkelson, Spencer",679529,116,DET,1B,26,140,,4.73,26.5
"Espinal, Santiago",669289,119,LAD,3B,31,23,,4.44,26.4
"Flores Jr., Rafael",804668,134,PIT,C,25,43,,4.65,26.4
"Pauley, Graham",688363,146,MIA,3B,25,56,,4.6,26.4
"Toglia, Michael",669911,113,CIN,1B,27,6,,,26.4
"Okamoto, Kazuma",672960,141,TOR,3B,30,177,,4.49,26.4
"Canzone, Dominic",686527,136,SEA,DH,28,173,,4.5,26.4
"Cavanaugh, Drew",701852,137,SF,C,24,43,,4.52,26.4
"Moncada, Yoán",660162,108,LAA,3B,31,27,,4.39,26.4
"Romo, Drew",691011,145,CWS,C,24,63,,4.52,26.4
"Rogers, Jake",668670,145,CWS,C,31,44,,4.71,26.4
"Walton, Donovan",622268,133,ATH,2B,32,102,,4.47,26.4
"Guerrero Jr., Vladimir",665489,141,TOR,1B,27,240,,4.57,26.4
"Sánchez, Jesús",660821,109,AZ,LF,28,101,,4.57,26.4
"Pham, Tommy",502054,145,CWS,DH,38,6,,,26.4
"Fry, David",681807,114,CLE,LF,30,63,,4.78,26.4
"García Jr., Luis",671277,147,NYY,1B,26,211,,4.39,26.3
"Lee, Brooks",686797,142,MIN,3B,25,222,,4.46,26.3
"Stowers, Kyle",669065,146,MIA,1B,28,133,,4.56,26.3
"Locklear, Tyler",682988,109,AZ,1B,25,19,,4.67,26.3
"Jeffers, Ryan",680777,142,MIN,C,29,127,,4.66,26.3
"Candelario, Jeimer",600869,108,LAA,3B,32,7,,,26.3
"McNeil, Jeff",643446,133,ATH,2B,34,180,,4.35,26.3
"Del Castillo, Adrian",680728,109,AZ,DH,26,48,,4.55,26.3
"Montes, Lazaro",703155,136,SEA,RF,21,12,,,26.3
"Marchán, Rafael",665561,143,PHI,C,27,26,,,26.2
"Bregman, Alex",608324,112,CHC,3B,32,221,,4.66,26.2
"Johnston, Troy",687859,115,COL,RF,29,157,,4.51,26.2
"Gray, Tristan",656484,142,MIN,SS,30,50,,4.61,26.2
"Suárez, Eugenio",553993,113,CIN,DH,34,107,,4.75,26.2
"Escarra, J.C.",641555,147,NYY,C,31,41,,4.57,26.2
"Moreno, Gabriel",672515,109,AZ,C,26,209,,4.49,26.2
"Crawford, J.P.",641487,136,SEA,SS,31,147,,4.59,26.2
"Mountcastle, Ryan",663624,110,BAL,1B,29,7,,,26.2
"Rojas, Josh",668942,118,KC,3B,32,39,1.0,4.42,26.2
"Bernal, Leo",699024,138,STL,C,22,27,,,26.2
"Frazier, Adam",624428,108,LAA,2B,34,54,,4.63,26.1
"Herrera, Iván",671056,138,STL,DH,26,252,,4.71,26.1
"Barger, Addison",680718,141,TOR,RF,26,7,,,26.1
"Yoshida, Masataka",807799,111,BOS,DH,32,126,,4.42,26.1
"Triantos, James",701649,112,CHC,,23,6,,,26.1
"Wagner, Will",695238,135,SD,DH,27,21,,4.61,26.1
"Gurriel Jr., Lourdes",666971,109,AZ,LF,32,66,,4.63,26.1
"Rojas, Miguel",500743,119,LAD,2B,37,105,,4.58,26.1
"Navarreto, Brian",640459,146,MIA,C,31,18,,,26.1
"Devers, Rafael",646240,137,SF,1B,29,194,,4.6,26.1
"Bichette, Bo",666182,121,NYM,3B,28,249,,4.68,26.1
"Wells, Austin",669224,147,NYY,C,26,95,,4.65,26.1
"Cortes, Carlos",666126,133,ATH,RF,29,142,,4.59,26.1
"Smith, Dominic",642086,144,ATL,DH,31,101,,4.53,26.1
"Gonzalez, Gabriel",694224,142,MIN,LF,22,6,,,26.1
"Mack, Joe",691788,146,MIA,C,23,113,,4.58,26.1
"Alfonzo, Eliezer",672613,119,LAD,C,26,12,,,26.1
"Polanco, Jorge",593871,121,NYM,DH,32,42,,4.36,26.1
"Rortvedt, Ben",666163,119,LAD,C,28,7,,,26.0
"Eldridge, Bryce",805811,137,SF,DH,21,120,,4.52,26.0
"Bell, Josh",605137,142,MIN,DH,33,200,,4.69,26.0
"Baldwin, Drake",686948,144,ATL,C,25,217,,4.44,26.0
"Serven, Brian",661531,133,ATH,C,31,25,,4.66,26.0
"Contreras, William",661388,158,MIL,C,28,219,,4.6,26.0
"Jiménez, Eloy",650391,141,TOR,DH,29,12,,,26.0
"Heineman, Tyler",623168,108,LAA,C,35,75,,4.55,26.0
"Díaz, Yandy",650490,139,TB,DH,34,286,,4.66,26.0
"Wallner, Matt",670242,142,MIN,RF,28,35,,4.43,26.0
"Busch, Michael",683737,112,CHC,1B,28,214,,4.65,26.0
"Soler, Jorge",624585,108,LAA,DH,34,93,,4.81,26.0
"Diaz, Yainer",673237,117,HOU,C,27,167,,4.49,26.0
"McMahon, Ryan",641857,147,NYY,3B,31,91,,4.59,25.9
"Walker, Christian",572233,117,HOU,1B,35,217,,4.69,25.9
"Urías, Luis",649966,141,TOR,2B,29,20,,4.62,25.9
"Mauricio, Ronny",677595,121,NYM,SS,25,19,,4.54,25.9
"Conforto, Michael",624424,112,CHC,DH,33,97,,4.62,25.9
"Raleigh, Cal",663728,136,SEA,C,29,88,,4.7,25.9
"Garcia, Aramis",605244,109,AZ,C,33,5,,,25.9
"Kelly, Carson",608348,112,CHC,C,31,151,,4.83,25.8
"Vientos, Mark",668901,121,NYM,1B,26,96,,4.77,25.8
"Jordan, Blaze",691458,138,STL,3B,23,88,,4.7,25.8
"Pasquantino, Vinnie",686469,118,KC,1B,28,132,,4.74,25.8
"Vaughn, Andrew",683734,158,MIL,1B,28,121,,4.76,25.8
"Jung, Josh",673962,140,TEX,3B,28,180,,4.73,25.7
"Donovan, Brendan",680977,136,SEA,3B,29,65,,4.54,25.7
"Schanuel, Nolan",694384,108,LAA,1B,24,168,,4.59,25.7
"Wade Jr., LaMonte",664774,117,HOU,LF,32,46,,4.63,25.7
"Aranda, Jonathan",666018,139,TB,1B,28,182,,4.56,25.7
"Hicks, Liam",689414,139,TB,C,27,207,,4.65,25.7
"Bruján, Vidal",660644,121,NYM,SS,28,6,,,25.7
"Murphy, Sean",669221,144,ATL,C,31,45,,4.79,25.7
"Soto, Juan",665742,121,NYM,LF,27,139,,4.53,25.6
"Burleson, Alec",676475,138,STL,1B,27,219,,4.49,25.6
"Seigler, Anthony",678011,111,BOS,2B,27,58,,4.66,25.6
"Stefanic, Michael",683021,133,ATH,,30,11,,,25.6
"Lowe, Nathaniel",663993,114,CLE,1B,30,139,,4.61,25.6
"Schwarber, Kyle",656941,143,PHI,DH,33,140,,4.56,25.6
"Valenzuela, Brandon",678218,141,TOR,C,25,74,,4.72,25.6
"Ingle, Cooper",694876,114,CLE,LF,24,7,,,25.6
"Marte, Starling",516782,118,KC,RF,37,61,,4.46,25.6
"Campusano, Luis",669134,135,SD,C,27,80,,4.87,25.6
"Pagés, Pedro",686780,138,STL,C,27,55,,4.78,25.5
"Goldschmidt, Paul",502671,147,NYY,1B,38,126,,4.73,25.5
"Valera, George",671655,114,CLE,LF,25,16,,,25.5
"Rivero, Sebastián",665861,108,LAA,C,27,16,,,25.5
"Arcia, Orlando",606115,142,MIN,SS,31,27,,4.76,25.5
"Manzardo, Kyle",700932,114,CLE,1B,25,86,,4.65,25.4
"Alvarez, Yordan",670541,117,HOU,DH,29,152,,4.64,25.4
"Amaya, Miguel",665804,112,CHC,C,27,66,,4.78,25.4
"Alvarez, Francisco",682626,121,NYM,C,24,131,,4.73,25.3
"Olson, Matt",621566,144,ATL,1B,32,211,,4.77,25.3
"Narváez, Carlos",665966,110,BAL,C,27,64,,4.92,25.3
"Meneses, Joey",608841,133,ATH,1B,34,6,,,25.3
"Torres, Gleyber",650402,116,DET,2B,29,149,,4.81,25.3
"Machado, Manny",592518,135,SD,3B,33,184,,4.77,25.3
"Ortiz, Abimelec",694673,120,WSH,1B,24,43,,4.63,25.3
"Bailey, Patrick",672275,114,CLE,C,27,99,,4.78,25.3
"Freeman, Freddie",518692,119,LAD,1B,36,229,,4.7,25.2
"McCann, James",543510,109,AZ,C,36,53,,4.82,25.2
"Sánchez, Ali",645305,147,NYY,C,29,27,,4.96,25.2
"McGuire, Reese",624512,145,CWS,C,31,8,,,25.2
"Ruiz, Keibert",660688,120,WSH,C,27,129,,4.82,25.1
"Arenado, Nolan",571448,109,AZ,3B,35,184,,4.8,25.1
"Heim, Jonah",641680,133,ATH,C,31,141,,4.87,25.1
"Wynns, Austin",642851,140,TEX,C,35,26,,4.86,25.1
"Smith, Pavin",656976,109,AZ,1B,30,37,,4.71,25.1
"Garver, Mitch",641598,136,SEA,C,35,34,,4.81,25.1
"Paredes, Isaac",670623,117,HOU,3B,27,157,,4.91,25.1
"Chaparro, Andrés",665953,120,WSH,1B,27,82,,4.89,25.1
"Seager, Corey",608369,140,TEX,SS,32,131,,4.77,25.1
"Ballesteros, Moisés",694208,108,LAA,DH,22,112,,4.71,25.0
"Pederson, Joc",592626,140,TEX,DH,34,112,,4.6,25.0
"Gorman, Nolan",669357,138,STL,3B,26,68,,4.59,25.0
"Alonso, Pete",624413,110,BAL,1B,31,176,,4.9,24.9
"d'Arnaud, Travis",518595,108,LAA,C,37,27,,4.93,24.9
"Rumfield, TJ",681198,115,COL,1B,26,217,,4.72,24.9
"Valencia, Eduardo",680664,116,DET,C,26,59,,4.9,24.8
"Senger, Hayden",663584,121,NYM,C,29,7,,,24.8
"Farmer, Kyle",571657,144,ATL,,35,9,,,24.8
"Hoskins, Rhys",656555,114,CLE,1B,33,75,,4.95,24.8
"Horwitz, Spencer",687462,134,PIT,1B,28,143,,4.77,24.7
"France, Ty",664034,135,SD,1B,31,166,,4.91,24.7
"Ozuna, Marcell",542303,134,PIT,DH,35,58,,4.88,24.7
"Basallo, Samuel",694212,110,BAL,C,21,119,,4.85,24.7
"Knizner, Andrew",668800,137,SF,C,31,26,,,24.7
"Maile, Luke",571912,118,KC,C,35,12,,,24.7
"Pereda, Jhonny",640902,136,SEA,C,30,33,,5.09,24.6
"Higashioka, Kyle",543309,140,TEX,C,36,45,,4.89,24.6
"Robinson, Chuckie",642020,119,LAD,C,31,8,,,24.6
"Pozo, Yohel",650968,110,BAL,C,29,22,,4.87,24.5
"Sánchez, Gary",596142,158,MIL,C,33,80,,4.87,24.5
"Hedges, Austin",595978,114,CLE,C,33,81,,5.0,24.5
"Díaz, Elias",553869,140,TEX,C,35,66,,4.91,24.4
"Tromp, Chadwick",644433,110,BAL,C,31,18,,,24.4
"Caratini, Victor",605170,142,MIN,C,32,116,,4.93,24.4
"Huff, Sam",669087,110,BAL,C,28,9,,,24.3
"Quero, Edgar",700337,145,CWS,C,23,65,,4.87,24.3
"Naylor, Josh",647304,136,SEA,1B,29,233,,4.76,24.3
"Kirk, Alejandro",672386,141,TOR,C,27,118,,4.8,23.9
"Stanton, Giancarlo",519317,147,NYY,DH,36,25,,,23.8
"Perez, Salvador",521692,118,KC,DH,36,197,,4.99,23.7
"Santana, Carlos",467793,109,AZ,1B,40,5,,,23.7
"Vázquez, Christian",543877,117,HOU,C,35,83,,5.03,23.4
"Trevino, Jose",624431,113,CIN,C,33,57,,5.0,23.4
"León, Sandy",506702,144,ATL,C,37,11,,,22.1
